Run ID:,2761cb4ad23244beafac36189b805c3a,d92021ec45f5415283a8e5643c7e3449,e6b70d64227f42bcb647289d2af2afb4,876fa57de00643b1902f3a0be74e0682,29905abbb90344798ee59f1f40775880,5a89360285384c728e9e06421ab97c8d,ab0ff6fff89c4db6983aa98c7eee9663,b9d383f0e9ef4755a801376130594f2a,481bacb91dcb4d63b16d0a8fe5d198ec,2ef6df0c95b34b338c4b930f41695ed0,d36564aa214c41bc966fc7b890df31a8,ba34b505ba324f208d428bd7797233e7,0a484d3116ab436d8b4cf4a938d470c0,5a2dfcd776014637bdaef2da3ab1d132,b72a292b214c462480cbe2e66e811c78,50c7e9bba0534a27801143bda2e88d35,9051e32b87d84f3485b980067addec30,61ff87bdb89b4e2ba64f8dacc774992d,93b168c0ff7942c8a908a94129daf973,f243b3b742de4dbcb7ccfbd4244706f8,f9086d9ecf6744238d63a1c5344b935a,29ff1cb0e76f45dd86956713fd06ead0,a5b8551144ff46e697a39cd1551e1475,98cf8cdef9c54b5286e277e75e2ab8c1,00f2635d9fa2463c9a066722163405be,d0a8e1748b194f3290d471b6b44f19f8,64e0c0ad4019466b8f852f270ac09a90,31ae8b98f3c24499a3b74d23dfad8735,35950b0373a04e95ad4e257d39cf36c5,4384e3f5fd104fc6a16c1c4510dd41ab,5441e71efe0f4dae868648e7cc795c65,5604d43c1ece461b8e6eaa0dfb65d6dc,3612536a77f34f22bc83d1d809140aa6,e3bfe33652874ab5bd2ac98718ace2ff,f8a168f11e4d42f9b73ce0b4b220246b,70026f77843947508dc364a8c3de8346,f47b8313472d49a2ae0ab2b74672972b,7cafab027cdd4fc9bf20a43e989df510,16dff15d935f45e2a836b1f41b07b4e3,1a432cc2a2a24e8aa40ea04f1844a1c6,2ce2a876540a4f918bf9f0deafbb1053,ed1af792ba774d4e8d1944995caea402,3bff8d1f8c1447089b9950547d08b235,1507f290c4d74e329f134fb7615fd871,66c98021afa84a0f9aef3a30121ffbbf,0e328920e86049928202db95e8cfb7be,bf9d2725eb16462d9a101f0a077ce2b5,761a0171fa8a4781bbeda4c2cd439136,084de8d718a2435faa370360afdc09d2,ca8323540f194e85848ae36344fe3d7e,f24599d3d7964aec97df4ec11cf1db4c,1c954fbc02b747bc813c587ac703c74a,ba49a80c2616407a8f1fe1fd12096fe0,f342dd1f2cac4b1fb2cfda9dd47890a6,601ad054697b4c798e38956f57539bba,331b263643b8480d9eda64424eb997bd,a425ffa62ee64b12a9fee28a10f50a49,3cbd945b62ec4634839372e403f6f377,458b36a70db843719d202a8eda448f17,2648b86e7ef54a0e9f7b57340703150e,0aae5a802f5342cebed9e51839d48b41,7719d9fbef8f4c22b710caf91cd527d2,2b7aab186fad48158d53b78610550d73,5bbaee372809482ea6d2d985b554cc4b,b8200ec9fb884c12b390e1a5b20299bc,37ab5992ecdf4760a6292bc64e61e309,91e4770c10ac4cceb405bfdcebf7c966,90a949129948495fb7f3b955e8258461,ce09d20be06745fb84c9ff177c8a9cef,d320b958bde94b1e998d210fd2e53efa,158bfabc0fcc448dada729967f924574,3423b9fa10e44eb7b2cffd78596a193f,985ec48a8e1b4101abb8a153cee69b57,5c3e5090c67f4340bf207f949e925758,ff0bc51f1cd3413bbdebb97b0e127e75
Run Name:,,,,,,,,,,,,,,,,,,,,,,,,,,,,,,,,,,,,,,,,,,,,,,,,,,,,,,,,,,,,,,,,,,,,,,,,,,,
Start Time:,2021-08-09 03:35:27,2021-08-09 03:18:38,2021-08-09 03:00:40,2021-08-09 02:43:08,2021-08-09 02:21:19,2021-08-09 01:59:18,2021-08-09 01:52:15,2021-08-09 01:45:12,2021-08-09 01:01:03,2021-08-09 00:16:49,2021-08-09 00:01:24,2021-08-08 23:46:06,2021-08-08 23:27:50,2021-08-08 23:09:26,2021-08-08 23:00:25,2021-08-08 22:51:22,2021-08-08 22:10:33,2021-08-08 21:29:38,2021-08-08 21:15:24,2021-08-08 21:01:49,2021-08-08 20:35:35,2021-08-08 20:09:03,2021-08-08 19:41:51,2021-08-08 19:14:27,2021-08-08 19:07:59,2021-08-08 19:01:30,2021-08-08 18:32:31,2021-08-08 18:03:29,2021-08-08 17:48:52,2021-08-08 17:34:21,2021-08-08 13:46:29,2021-08-08 13:03:41,2021-08-08 12:21:05,2021-08-08 12:11:01,2021-08-08 12:02:01,2021-08-08 11:24:11,2021-08-08 10:46:05,2021-08-08 10:37:39,2021-08-08 10:29:07,2021-08-08 10:06:26,2021-08-08 09:44:27,2021-08-08 09:33:59,2021-08-08 09:23:39,2021-08-08 08:58:49,2021-08-08 08:34:23,2021-08-08 08:10:44,2021-08-08 07:47:04,2021-08-08 07:04:35,2021-08-08 06:22:28,2021-08-08 06:09:59,2021-08-08 05:57:35,2021-08-08 05:49:55,2021-08-08 05:42:04,2021-08-08 05:30:11,2021-08-08 05:18:08,2021-08-08 04:59:49,2021-08-08 04:41:21,2021-08-08 04:30:30,2021-08-08 04:19:31,2021-08-08 03:58:55,2021-08-08 03:38:13,2021-08-08 03:25:26,2021-08-08 03:12:28,2021-08-08 03:05:58,2021-08-08 02:59:20,2021-08-08 02:04:14,2021-08-08 01:12:38,2021-08-08 01:05:46,2021-08-08 00:58:39,2021-08-08 00:43:13,2021-08-08 00:26:43,2021-08-07 23:57:58,2021-08-07 23:31:44,2021-08-07 22:57:43,2021-08-07 22:23:42
batch_size,None,None,None,None,None,None,None,None,None,None,None,None,None,None,None,None,None,None,None,None,None,None,None,None,None,None,None,None,None,None,None,None,None,None,None,None,None,None,None,None,None,None,None,None,None,None,None,None,None,None,None,None,None,None,None,None,None,None,None,None,None,None,None,None,None,None,None,None,None,None,None,None,None,None,None
class_weight,None,None,None,None,None,None,None,None,None,None,None,None,None,None,None,None,None,None,None,None,None,None,None,None,None,None,None,None,None,None,None,None,None,None,None,None,None,None,None,None,None,None,None,None,None,None,None,None,None,None,None,None,None,None,None,None,None,None,None,None,None,None,None,None,None,None,None,None,None,None,None,None,None,None,None
epochs,20,20,20,20,20,20,20,20,20,20,20,20,20,20,20,20,20,20,20,20,20,20,20,20,20,20,20,20,20,20,20,20,20,20,20,20,20,20,20,20,20,20,20,20,20,20,20,20,20,20,20,20,20,20,20,20,20,20,20,20,20,20,20,20,20,20,20,20,20,20,20,20,20,20,20
hp_batch_size,13,13,5,5,11,11,23,23,13,13,13,13,4,4,18,18,26,26,15,15,22,22,20,20,28,28,29,29,22,22,14,20,20,6,6,16,16,10,10,2,2,19,19,7,7,14,14,19,19,8,8,17,17,4,4,3,3,9,9,4,4,18,18,10,10,4,4,20,20,14,14,5,5,18,18
hp_epochs,20,20,20,20,20,20,20,20,20,20,20,20,20,20,20,20,20,20,20,20,20,20,20,20,20,20,20,20,20,20,20,20,20,20,20,20,20,20,20,20,20,20,20,20,20,20,20,20,20,20,20,20,20,20,20,20,20,20,20,20,20,20,20,20,20,20,20,20,20,20,20,20,20,20,20
hp_first_filters,107,107,33,33,102,102,58,58,108,108,41,41,64,64,59,59,44,44,23,23,123,123,78,78,6,6,125,125,66,66,16,128,128,16,16,64,64,16,16,16,16,32,32,64,64,16,16,128,128,32,32,16,16,16,16,16,16,64,64,128,128,32,32,16,16,64,64,32,32,128,128,64,64,32,32
hp_input_size,8192,8192,4096,4096,16384,16384,8192,8192,8192,8192,16384,16384,4096,4096,4096,4096,16384,16384,16384,16384,16384,16384,16384,16384,16384,16384,8192,8192,8192,8192,4096,16384,16384,4096,4096,16384,16384,8192,8192,4096,4096,8192,8192,8192,8192,16384,16384,8192,8192,8192,8192,16384,16384,4096,4096,16384,16384,4096,4096,4096,4096,16384,16384,4096,4096,8192,8192,4096,4096,4096,4096,16384,16384,16384,16384
hp_lr_power,5,5,7,7,6,6,6,6,6,6,6,6,2,2,2,2,1,1,7,7,4,4,4,4,1,1,7,7,4,4,5,1,1,5,5,5,5,1,1,1,1,5,5,5,5,5,5,5,5,1,1,5,5,1,1,1,1,1,1,5,5,5,5,1,1,1,1,5,5,1,1,5,5,1,1
hp_lr_start,0.00782433731433605,0.00782433731433605,0.0183838908333744,0.0183838908333744,0.0482033274205359,0.0482033274205359,0.00878855796222036,0.00878855796222036,0.00652659278503235,0.00652659278503235,0.0571175071464742,0.0571175071464742,0.047837465592254,0.047837465592254,0.0330458251501699,0.0330458251501699,0.0136170138242663,0.0136170138242663,0.0305060808685107,0.0305060808685107,0.0478444574490106,0.0478444574490106,0.0584071108418767,0.0584071108418767,0.0553313915596308,0.0553313915596308,0.0259665913072353,0.0259665913072353,0.0456579857323096,0.0456579857323096,0.0271446293545328,0.043549707353273,0.043549707353273,0.0681028670434232,0.0681028670434232,0.0520913441861357,0.0520913441861357,0.0627676336651573,0.0627676336651573,0.0118992004395267,0.0118992004395267,0.0949552579522484,0.0949552579522484,0.0527620372854598,0.0527620372854598,0.0192390310290551,0.0192390310290551,0.0739042214394301,0.0739042214394301,0.0529521275615411,0.0529521275615411,0.0101590069352232,0.0101590069352232,0.0961035177111587,0.0961035177111587,0.0188601770238413,0.0188601770238413,0.0100697459464075,0.0100697459464075,0.024311131849965,0.024311131849965,0.0275283294963226,0.0275283294963226,0.0923388677844686,0.0923388677844686,0.0183950335666331,0.0183950335666331,0.00805377739706802,0.00805377739706802,0.0730305548495589,0.0730305548495589,0.0100791137947559,0.0100791137947559,0.0799422633823613,0.0799422633823613
hp_n_levels,3,3,5,5,1,1,1,1,6,6,3,3,5,5,1,1,7,7,6,6,1,1,4,4,5,5,2,2,2,2,7,3,3,3,3,3,3,5,5,3,3,3,3,3,3,9,9,3,3,3,3,3,3,3,3,3,3,5,5,3,3,5,5,3,3,9,9,5,5,3,3,3,3,7,7
hp_pool_size,8,8,2,2,8,8,2,2,2,2,4,4,4,4,8,8,2,2,4,4,2,2,4,4,4,4,2,2,2,2,2,4,4,2,2,2,2,4,4,2,2,2,2,2,2,2,2,2,2,2,2,4,4,2,2,2,2,4,4,4,4,4,4,2,2,2,2,4,4,4,4,4,4,2,2
hp_scaler,maxabs,maxabs,robust,robust,quant_g,quant_g,minmax,minmax,minmax,minmax,l1,l1,standard,standard,quant_g,quant_g,standard,standard,quant_g,quant_g,standard,standard,standard,standard,minmax,minmax,l2,l2,standard,standard,quant_g,standard,standard,maxabs,maxabs,standard,standard,robust,robust,l2,l2,robust,robust,minmax,minmax,robust,robust,robust,robust,standard,standard,l2,l2,maxabs,maxabs,standard,standard,maxabs,maxabs,maxabs,maxabs,maxabs,maxabs,minmax,minmax,quant_g,quant_g,l2,l2,robust,robust,robust,robust,l2,l2
initial_epoch,0,0,0,0,0,0,0,0,0,0,0,0,0,0,0,0,0,0,0,0,0,0,0,0,0,0,0,0,0,0,0,0,0,0,0,0,0,0,0,0,0,0,0,0,0,0,0,0,0,0,0,0,0,0,0,0,0,0,0,0,0,0,0,0,0,0,0,0,0,0,0,0,0,0,0
lr schedule,"[0.00782433731433605, 0.0060543230624031785, 0.004620192940742294, 0.003471700033162887, 0.002563878851161637, 0.0018567519212731053, 0.0013150363724204594, 0.0009078505232661797, 0.0006084204695627711, 0.00039378667150347986, 0.00024451054107300154, 0.00014438102939819662, 8.012121409880116e-05, 4.1094886638139356e-05, 1.9013139673836613e-05, 7.640954408531298e-06, 2.503787940587533e-06, 5.941606148073942e-07, 7.82433731433604e-08, 2.4451054107300263e-09]","[0.00782433731433605, 0.0060543230624031785, 0.004620192940742294, 0.003471700033162887, 0.002563878851161637, 0.0018567519212731053, 0.0013150363724204594, 0.0009078505232661797, 0.0006084204695627711, 0.00039378667150347986, 0.00024451054107300154, 0.00014438102939819662, 8.012121409880116e-05, 4.1094886638139356e-05, 1.9013139673836613e-05, 7.640954408531298e-06, 2.503787940587533e-06, 5.941606148073942e-07, 7.82433731433604e-08, 2.4451054107300263e-09]","[0.01838389083337442, 0.012838156616261365, 0.008792957995541403, 0.005893454194643533, 0.0038553813428992847, 0.002453953201452018, 0.0015139924608589665, 0.000901220223815734, 0.0005146312864331501, 0.0002798828314963282, 0.00014362414713573767, 6.869498434016716e-05, 3.012016674140066e-05, 1.1828066100460676e-05, 4.02055692525899e-06, 1.1220636494979505e-06, 2.3531380266719224e-07, 3.141060097858586e-08, 1.8383890833374394e-09, 1.4362414713573855e-11]","[0.01838389083337442, 0.012838156616261365, 0.008792957995541403, 0.005893454194643533, 0.0038553813428992847, 0.002453953201452018, 0.0015139924608589665, 0.000901220223815734, 0.0005146312864331501, 0.0002798828314963282, 0.00014362414713573767, 6.869498434016716e-05, 3.012016674140066e-05, 1.1828066100460676e-05, 4.02055692525899e-06, 1.1220636494979505e-06, 2.3531380266719224e-07, 3.141060097858586e-08, 1.8383890833374394e-09, 1.4362414713573855e-11]","[0.04820332742053588, 0.035433875087977615, 0.025617224527697012, 0.018179861588168384, 0.012636213063328962, 0.008579156662492836, 0.005671073267698624, 0.0036354414784904596, 0.0022489744441325215, 0.0013342989832570626, 0.0007531769909458731, 0.00040026913324526554, 0.00019744082911451503, 8.8610519807791e-05, 3.514022568957069e-05, 1.1768390483529268e-05, 3.0850129549142923e-06, 5.49066026399542e-07, 4.820332742053582e-08, 7.531769909458771e-10]","[0.04820332742053588, 0.035433875087977615, 0.025617224527697012, 0.018179861588168384, 0.012636213063328962, 0.008579156662492836, 0.005671073267698624, 0.0036354414784904596, 0.0022489744441325215, 0.0013342989832570626, 0.0007531769909458731, 0.00040026913324526554, 0.00019744082911451503, 8.8610519807791e-05, 3.514022568957069e-05, 1.1768390483529268e-05, 3.0850129549142923e-06, 5.49066026399542e-07, 4.820332742053582e-08, 7.531769909458771e-10]","[0.00878855796222036, 0.0064603976883159595, 0.004670600032000351, 0.003314600378493645, 0.002303867738448295, 0.0015641745006002544, 0.0010339650556972627, 0.0006628232917041703, 0.000410038960285353, 0.0002432729145642042, 0.00013732121815969312, 7.297812550000543e-05, 3.599793341325461e-05, 1.615570399526973e-05, 6.4068587544586485e-06, 2.145644033745205e-06, 5.624677095821023e-07, 1.0010716803841638e-07, 8.788557962220349e-09, 1.3732121815969385e-10]","[0.00878855796222036, 0.0064603976883159595, 0.004670600032000351, 0.003314600378493645, 0.002303867738448295, 0.0015641745006002544, 0.0010339650556972627, 0.0006628232917041703, 0.000410038960285353, 0.0002432729145642042, 0.00013732121815969312, 7.297812550000543e-05, 3.599793341325461e-05, 1.615570399526973e-05, 6.4068587544586485e-06, 2.145644033745205e-06, 5.624677095821023e-07, 1.0010716803841638e-07, 8.788557962220349e-09, 1.3732121815969385e-10]","[0.0065265927850323546, 0.004797645429688916, 0.00346849899627038, 0.002461501307556572, 0.001710907139039522, 0.001161593295968893, 0.0007678471145662712, 0.0004922283874082694, 0.0003045047129784695, 0.00018066026938819856, 0.00010197801226613054, 5.419529681672465e-05, 2.6732924047492533e-05, 1.1997611165097987e-05, 4.757886140288591e-06, 1.5934064416582897e-06, 4.1770193824207014e-07, 7.434197094200923e-08, 6.526592785032346e-09, 1.0197801226613108e-10]","[0.0065265927850323546, 0.004797645429688916, 0.00346849899627038, 0.002461501307556572, 0.001710907139039522, 0.001161593295968893, 0.0007678471145662712, 0.0004922283874082694, 0.0003045047129784695, 0.00018066026938819856, 0.00010197801226613054, 5.419529681672465e-05, 2.6732924047492533e-05, 1.1997611165097987e-05, 4.757886140288591e-06, 1.5934064416582897e-06, 4.1770193824207014e-07, 7.434197094200923e-08, 6.526592785032346e-09, 1.0197801226613108e-10]","[0.057117507146474185, 0.041986616316088646, 0.03035458511542939, 0.02154184015400021, 0.014973011793405334, 0.010165689138129805, 0.006719817598275539, 0.0043077390242525935, 0.002664874413425899, 0.0015810491887174219, 0.0008924610491636591, 0.0004742903924285839, 0.00023395330927195835, 0.0001049971499730553, 4.163866270977972e-05, 1.3944703893182174e-05, 3.6555204573743432e-06, 6.506041048403082e-07, 5.711750714647411e-08, 8.924610491636638e-10]","[0.057117507146474185, 0.041986616316088646, 0.03035458511542939, 0.02154184015400021, 0.014973011793405334, 0.010165689138129805, 0.006719817598275539, 0.0043077390242525935, 0.002664874413425899, 0.0015810491887174219, 0.0008924610491636591, 0.0004742903924285839, 0.00023395330927195835, 0.0001049971499730553, 4.163866270977972e-05, 1.3944703893182174e-05, 3.6555204573743432e-06, 6.506041048403082e-07, 5.711750714647411e-08, 8.924610491636638e-10]","[0.04783746559225395, 0.043173312697009185, 0.038748347129725705, 0.034562568890403475, 0.030615977979042534, 0.026908574395642846, 0.023440358140204433, 0.020211329212727294, 0.01722148761321142, 0.014470833341656822, 0.011959366398063487, 0.009687086782431423, 0.007653994494760633, 0.005860089535051108, 0.004305371903302857, 0.002989841599515872, 0.001913498623690157, 0.0010763429758257142, 0.00047837465592253926, 0.00011959366398063509]","[0.04783746559225395, 0.043173312697009185, 0.038748347129725705, 0.034562568890403475, 0.030615977979042534, 0.026908574395642846, 0.023440358140204433, 0.020211329212727294, 0.01722148761321142, 0.014470833341656822, 0.011959366398063487, 0.009687086782431423, 0.007653994494760633, 0.005860089535051108, 0.004305371903302857, 0.002989841599515872, 0.001913498623690157, 0.0010763429758257142, 0.00047837465592253926, 0.00011959366398063509]","[0.03304582515016993, 0.029823857198028363, 0.026767118371637647, 0.023875608670997774, 0.021149328096108762, 0.01858827664697059, 0.016192454323583266, 0.013961861125946799, 0.011896497054061175, 0.009996362107926406, 0.008261456287542483, 0.00669177959290941, 0.0052873320240271904, 0.004048113580895817, 0.002974124263515295, 0.002065364071885621, 0.0013218330060067967, 0.0007435310658788237, 0.0003304582515016992, 8.261456287542497e-05]","[0.03304582515016993, 0.029823857198028363, 0.026767118371637647, 0.023875608670997774, 0.021149328096108762, 0.01858827664697059, 0.016192454323583266, 0.013961861125946799, 0.011896497054061175, 0.009996362107926406, 0.008261456287542483, 0.00669177959290941, 0.0052873320240271904, 0.004048113580895817, 0.002974124263515295, 0.002065364071885621, 0.0013218330060067967, 0.0007435310658788237, 0.0003304582515016992, 8.261456287542497e-05]","[0.01361701382426631, 0.012936163133052994, 0.01225531244183968, 0.011574461750626364, 0.010893611059413048, 0.010212760368199732, 0.009531909676986416, 0.008851058985773102, 0.008170208294559786, 0.007489357603346471, 0.006808506912133155, 0.006127656220919839, 0.005446805529706524, 0.004765954838493208, 0.004085104147279894, 0.0034042534560665776, 0.0027234027648532617, 0.002042552073639947, 0.0013617013824266308, 0.0006808506912133162]","[0.01361701382426631, 0.012936163133052994, 0.01225531244183968, 0.011574461750626364, 0.010893611059413048, 0.010212760368199732, 0.009531909676986416, 0.008851058985773102, 0.008170208294559786, 0.007489357603346471, 0.006808506912133155, 0.006127656220919839, 0.005446805529706524, 0.004765954838493208, 0.004085104147279894, 0.0034042534560665776, 0.0027234027648532617, 0.002042552073639947, 0.0013617013824266308, 0.0006808506912133162]","[0.030506080868510657, 0.021303534028133002, 0.014590963910557957, 0.00977955057969949, 0.006397588850555889, 0.0040720702428853036, 0.0025123069356695863, 0.001495477604672747, 0.0008539750254007398, 0.00046443532376913755, 0.0002383287567852395, 0.00011399190555123395, 4.998116289496788e-05, 1.9627397934918643e-05, 6.671679885943288e-06, 1.8619434123846837e-06, 3.9047783511693583e-07, 5.2122499108931936e-08, 3.050608086851061e-09, 2.38328756785241e-11]","[0.030506080868510657, 0.021303534028133002, 0.014590963910557957, 0.00977955057969949, 0.006397588850555889, 0.0040720702428853036, 0.0025123069356695863, 0.001495477604672747, 0.0008539750254007398, 0.00046443532376913755, 0.0002383287567852395, 0.00011399190555123395, 4.998116289496788e-05, 1.9627397934918643e-05, 6.671679885943288e-06, 1.8619434123846837e-06, 3.9047783511693583e-07, 5.2122499108931936e-08, 3.050608086851061e-09, 2.38328756785241e-11]","[0.04784445744901061, 0.03896960962007819, 0.03139074853229586, 0.024975105816242592, 0.01959708977111475, 0.015138285364726015, 0.011487454233507445, 0.008540534682507452, 0.006200641685391775, 0.004378066884443529, 0.0029902785905631633, 0.001961921783268491, 0.0012248181106946719, 0.0007179658895942153, 0.00038754010533698617, 0.0001868924119101977, 7.655113191841691e-05, 2.4221256583561636e-05, 4.784445744901057e-06, 2.990278590563174e-07]","[0.04784445744901061, 0.03896960962007819, 0.03139074853229586, 0.024975105816242592, 0.01959708977111475, 0.015138285364726015, 0.011487454233507445, 0.008540534682507452, 0.006200641685391775, 0.004378066884443529, 0.0029902785905631633, 0.001961921783268491, 0.0012248181106946719, 0.0007179658895942153, 0.00038754010533698617, 0.0001868924119101977, 7.655113191841691e-05, 2.4221256583561636e-05, 4.784445744901057e-06, 2.990278590563174e-07]","[0.05840711084187669, 0.04757295682515132, 0.0383209054233553, 0.03048887690390239, 0.023923552600832697, 0.018480374914812546, 0.01402354731313459, 0.010426034329717754, 0.007569561565107219, 0.00534461568647448, 0.0036504444276172932, 0.0023950565889597052, 0.0014952220375520436, 0.0008764717070709119, 0.0004730975978192015, 0.00022815277672608083, 9.345137734700263e-05, 2.9568599863700093e-05, 5.840711084187664e-06, 3.650444427617306e-07]","[0.05840711084187669, 0.04757295682515132, 0.0383209054233553, 0.03048887690390239, 0.023923552600832697, 0.018480374914812546, 0.01402354731313459, 0.010426034329717754, 0.007569561565107219, 0.00534461568647448, 0.0036504444276172932, 0.0023950565889597052, 0.0014952220375520436, 0.0008764717070709119, 0.0004730975978192015, 0.00022815277672608083, 9.345137734700263e-05, 2.9568599863700093e-05, 5.840711084187664e-06, 3.650444427617306e-07]","[0.05533139155963077, 0.05256482198164923, 0.0497982524036677, 0.04703168282568616, 0.04426511324770462, 0.04149854366972308, 0.03873197409174154, 0.035965404513760006, 0.033198834935778465, 0.030432265357796928, 0.027665695779815386, 0.024899126201833845, 0.02213255662385231, 0.01936598704587077, 0.016599417467889236, 0.013832847889907693, 0.011066278311926152, 0.008299708733944618, 0.005533139155963076, 0.002766569577981541]","[0.05533139155963077, 0.05256482198164923, 0.0497982524036677, 0.04703168282568616, 0.04426511324770462, 0.04149854366972308, 0.03873197409174154, 0.035965404513760006, 0.033198834935778465, 0.030432265357796928, 0.027665695779815386, 0.024899126201833845, 0.02213255662385231, 0.01936598704587077, 0.016599417467889236, 0.013832847889907693, 0.011066278311926152, 0.008299708733944618, 0.005533139155963076, 0.002766569577981541]","[0.025966591307235297, 0.018133439162266164, 0.012419740125817593, 0.008324294233862706, 0.005445588889315114, 0.003466121532527075, 0.002138460450493447, 0.001272941481307896, 0.0007268983704182218, 0.0003953245352275063, 0.00020286399458777576, 9.702921973294986e-05, 4.254366319777433e-05, 1.6706722269480053e-05, 5.678893518892365e-06, 1.584874957716998e-06, 3.323723687326113e-07, 4.43663556163466e-08, 2.596659130723526e-09, 2.02863994587777e-11]","[0.025966591307235297, 0.018133439162266164, 0.012419740125817593, 0.008324294233862706, 0.005445588889315114, 0.003466121532527075, 0.002138460450493447, 0.001272941481307896, 0.0007268983704182218, 0.0003953245352275063, 0.00020286399458777576, 9.702921973294986e-05, 4.254366319777433e-05, 1.6706722269480053e-05, 5.678893518892365e-06, 1.584874957716998e-06, 3.323723687326113e-07, 4.43663556163466e-08, 2.596659130723526e-09, 2.02863994587777e-11]","[0.04565798573230962, 0.037188714741377006, 0.029956204438968344, 0.023833753914676445, 0.018701510955954025, 0.014446472048113591, 0.010962482374327539, 0.008150235815628095, 0.005917274950907326, 0.004177991056917158, 0.0028536241082693513, 0.0018722627774355209, 0.0011688444347471266, 0.0006851551483954712, 0.00036982968443170815, 0.00017835150676683446, 7.305277717169533e-05, 2.311435527698176e-05, 4.565798573230958e-06, 2.8536241082693615e-07]","[0.04565798573230962, 0.037188714741377006, 0.029956204438968344, 0.023833753914676445, 0.018701510955954025, 0.014446472048113591, 0.010962482374327539, 0.008150235815628095, 0.005917274950907326, 0.004177991056917158, 0.0028536241082693513, 0.0018722627774355209, 0.0011688444347471266, 0.0006851551483954712, 0.00036982968443170815, 0.00017835150676683446, 7.305277717169533e-05, 2.311435527698176e-05, 4.565798573230958e-06, 2.8536241082693615e-07]","[0.027144629354532844, 0.021003996750040436, 0.016028632187558102, 0.012044216250449668, 0.008894752146893324, 0.006441547786280743, 0.0045621978556163335, 0.0031495658959164266, 0.0021107663786084736, 0.001366146781930272, 0.0008482696673291514, 0.0005008947558611904, 0.0002779610045904164, 0.00014256868298801042, 6.596144933151485e-05, 2.650842710403598e-05, 8.6862813934505e-06, 2.061295291609839e-06, 2.7144629354532813e-07, 8.482696673291552e-09]","[0.04354970735327304, 0.041372221985609386, 0.03919473661794574, 0.03701725125028209, 0.03483976588261844, 0.03266228051495478, 0.03048479514729113, 0.02830730977962748, 0.026129824411963824, 0.023952339044300174, 0.02177485367663652, 0.01959736830897287, 0.01741988294130922, 0.015242397573645565, 0.013064912205981915, 0.01088742683831826, 0.008709941470654606, 0.006532456102990958, 0.004354970735327303, 0.002177485367663654]","[0.04354970735327304, 0.041372221985609386, 0.03919473661794574, 0.03701725125028209, 0.03483976588261844, 0.03266228051495478, 0.03048479514729113, 0.02830730977962748, 0.026129824411963824, 0.023952339044300174, 0.02177485367663652, 0.01959736830897287, 0.01741988294130922, 0.015242397573645565, 0.013064912205981915, 0.01088742683831826, 0.008709941470654606, 0.006532456102990958, 0.004354970735327303, 0.002177485367663654]","[0.06810286704342322, 0.05269670030729786, 0.04021406196047098, 0.030217603903648048, 0.022315947472788925, 0.016161129581593596, 0.011446048863988137, 0.007901911816610544, 0.005295678941296588, 0.0034275108875657366, 0.0021282145951069757, 0.0012566894362647176, 0.0006973733585246539, 0.00035768902699962927, 0.00016548996691551855, 6.650670609709299e-05, 2.1792917453895408e-05, 5.1715614661099546e-06, 6.810286704342315e-07, 2.1282145951069853e-08]","[0.06810286704342322, 0.05269670030729786, 0.04021406196047098, 0.030217603903648048, 0.022315947472788925, 0.016161129581593596, 0.011446048863988137, 0.007901911816610544, 0.005295678941296588, 0.0034275108875657366, 0.0021282145951069757, 0.0012566894362647176, 0.0006973733585246539, 0.00035768902699962927, 0.00016548996691551855, 6.650670609709299e-05, 2.1792917453895408e-05, 5.1715614661099546e-06, 6.810286704342315e-07, 2.1282145951069853e-08]","[0.05209134418613575, 0.040307289139983285, 0.030759417828471303, 0.02311320615065442, 0.017069291662912968, 0.012361520153545887, 0.008754992217363833, 0.006044109830282157, 0.004050622923913915, 0.0026216759601629222, 0.0016278545058167422, 0.0009612318071397277, 0.0005334153644660302, 0.0002735935067926198, 0.00012658196637230996, 5.0870453306773194e-05, 1.666923013956342e-05, 3.955686449134686e-06, 5.209134418613569e-07, 1.6278545058167496e-08]","[0.05209134418613575, 0.040307289139983285, 0.030759417828471303, 0.02311320615065442, 0.017069291662912968, 0.012361520153545887, 0.008754992217363833, 0.006044109830282157, 0.004050622923913915, 0.0026216759601629222, 0.0016278545058167422, 0.0009612318071397277, 0.0005334153644660302, 0.0002735935067926198, 0.00012658196637230996, 5.0870453306773194e-05, 1.666923013956342e-05, 3.955686449134686e-06, 5.209134418613569e-07, 1.6278545058167496e-08]","[0.06276763366515732, 0.05962925198189945, 0.05649087029864159, 0.05335248861538372, 0.05021410693212586, 0.047075725248867994, 0.043937343565610125, 0.04079896188235226, 0.03766058019909439, 0.03452219851583653, 0.03138381683257866, 0.02824543514932079, 0.02510705346606293, 0.021968671782805062, 0.0188302900995472, 0.01569190841628933, 0.01255352673303146, 0.0094151450497736, 0.00627676336651573, 0.0031383816832578687]","[0.06276763366515732, 0.05962925198189945, 0.05649087029864159, 0.05335248861538372, 0.05021410693212586, 0.047075725248867994, 0.043937343565610125, 0.04079896188235226, 0.03766058019909439, 0.03452219851583653, 0.03138381683257866, 0.02824543514932079, 0.02510705346606293, 0.021968671782805062, 0.0188302900995472, 0.01569190841628933, 0.01255352673303146, 0.0094151450497736, 0.00627676336651573, 0.0031383816832578687]","[0.011899200439526737, 0.011304240417550399, 0.010709280395574063, 0.010114320373597725, 0.00951936035162139, 0.008924400329645053, 0.008329440307668716, 0.007734480285692379, 0.007139520263716042, 0.006544560241739706, 0.005949600219763368, 0.005354640197787031, 0.004759680175810695, 0.004164720153834358, 0.0035697601318580214, 0.002974800109881684, 0.002379840087905347, 0.0017848800659290107, 0.0011899200439526734, 0.0005949600219763374]","[0.011899200439526737, 0.011304240417550399, 0.010709280395574063, 0.010114320373597725, 0.00951936035162139, 0.008924400329645053, 0.008329440307668716, 0.007734480285692379, 0.007139520263716042, 0.006544560241739706, 0.005949600219763368, 0.005354640197787031, 0.004759680175810695, 0.004164720153834358, 0.0035697601318580214, 0.002974800109881684, 0.002379840087905347, 0.0017848800659290107, 0.0011899200439526734, 0.0005949600219763374]","[0.09495525795224842, 0.0734745685188451, 0.056070130268223176, 0.04213215240322049, 0.03111493892579277, 0.0225333278148402, 0.015959130204034385, 0.011017569559645056, 0.007383720858366836, 0.004778949765146114, 0.002967351811007763, 0.0017521915708819734, 0.0009723418414310241, 0.0004987228188760745, 0.0002307412768239638, 9.27297440939926e-05, 3.0385682544719462e-05, 7.210664900748869e-06, 9.495525795224832e-07, 2.9673518110077765e-08]","[0.09495525795224842, 0.0734745685188451, 0.056070130268223176, 0.04213215240322049, 0.03111493892579277, 0.0225333278148402, 0.015959130204034385, 0.011017569559645056, 0.007383720858366836, 0.004778949765146114, 0.002967351811007763, 0.0017521915708819734, 0.0009723418414310241, 0.0004987228188760745, 0.0002307412768239638, 9.27297440939926e-05, 3.0385682544719462e-05, 7.210664900748869e-06, 9.495525795224832e-07, 2.9673518110077765e-08]","[0.0527620372854598, 0.04082625867515303, 0.03115545539669116, 0.02341079624188159, 0.017289064377699472, 0.012520678769889385, 0.008867715606567225, 0.006121929721821946, 0.004102776019317353, 0.002655430895893934, 0.0016488136651706187, 0.0009736079811465982, 0.0005402832618031085, 0.0002771161127052258, 0.0001282117506036674, 5.1525427036581835e-05, 1.6883851931347117e-05, 4.006617206364606e-06, 5.276203728545974e-07, 1.6488136651706262e-08]","[0.0527620372854598, 0.04082625867515303, 0.03115545539669116, 0.02341079624188159, 0.017289064377699472, 0.012520678769889385, 0.008867715606567225, 0.006121929721821946, 0.004102776019317353, 0.002655430895893934, 0.0016488136651706187, 0.0009736079811465982, 0.0005402832618031085, 0.0002771161127052258, 0.0001282117506036674, 5.1525427036581835e-05, 1.6883851931347117e-05, 4.006617206364606e-06, 5.276203728545974e-07, 1.6488136651706262e-08]","[0.019239031029055137, 0.014886795466253868, 0.01136045543234677, 0.008536460274944105, 0.006304245687600789, 0.004565512246152733, 0.0032335039450532956, 0.002232286733709678, 0.001496027052819327, 0.0009682703707063624, 0.000601219719657973, 0.00035501423226083634, 0.00019700767773752465, 0.00010104699828291549, 4.675084540060401e-05, 1.8788116239311657e-05, 6.156489929297637e-06, 1.4609639187688754e-06, 1.9239031029055115e-07, 6.012197196579757e-09]","[0.019239031029055137, 0.014886795466253868, 0.01136045543234677, 0.008536460274944105, 0.006304245687600789, 0.004565512246152733, 0.0032335039450532956, 0.002232286733709678, 0.001496027052819327, 0.0009682703707063624, 0.000601219719657973, 0.00035501423226083634, 0.00019700767773752465, 0.00010104699828291549, 4.675084540060401e-05, 1.8788116239311657e-05, 6.156489929297637e-06, 1.4609639187688754e-06, 1.9239031029055115e-07, 6.012197196579757e-09]","[0.07390422143943005, 0.057185677750609766, 0.043639703717769054, 0.03279169566885151, 0.024216935281272445, 0.017537818173614748, 0.012421082497325004, 0.008575037528409471, 0.00574679225913008, 0.003719483989700517, 0.002309506919982189, 0.0013637407411802823, 0.0007567792275397639, 0.0003881588280414064, 0.00017958725809781516, 7.217209124944341e-05, 2.364935086061759e-05, 5.612101815556724e-06, 7.390422143942997e-07, 2.3095069199821996e-08]","[0.07390422143943005, 0.057185677750609766, 0.043639703717769054, 0.03279169566885151, 0.024216935281272445, 0.017537818173614748, 0.012421082497325004, 0.008575037528409471, 0.00574679225913008, 0.003719483989700517, 0.002309506919982189, 0.0013637407411802823, 0.0007567792275397639, 0.0003881588280414064, 0.00017958725809781516, 7.217209124944341e-05, 2.364935086061759e-05, 5.612101815556724e-06, 7.390422143942997e-07, 2.3095069199821996e-08]","[0.05295212756154111, 0.05030452118346405, 0.047656914805386995, 0.04500930842730994, 0.04236170204923289, 0.03971409567115583, 0.03706648929307877, 0.03441888291500172, 0.031771276536924666, 0.02912367015884761, 0.026476063780770553, 0.023828457402693497, 0.021180851024616445, 0.018533244646539385, 0.015885638268462333, 0.013238031890385277, 0.010590425512308219, 0.007942819134231166, 0.0052952127561541095, 0.0026476063780770578]","[0.05295212756154111, 0.05030452118346405, 0.047656914805386995, 0.04500930842730994, 0.04236170204923289, 0.03971409567115583, 0.03706648929307877, 0.03441888291500172, 0.031771276536924666, 0.02912367015884761, 0.026476063780770553, 0.023828457402693497, 0.021180851024616445, 0.018533244646539385, 0.015885638268462333, 0.013238031890385277, 0.010590425512308219, 0.007942819134231166, 0.0052952127561541095, 0.0026476063780770578]","[0.010159006935223234, 0.007860845910406034, 0.005998792005179968, 0.004507605346882892, 0.00332890339253395, 0.002410779966073482, 0.0017074242956029682, 0.0011787400506249501, 0.0007899643792829584, 0.0005112869456014493, 0.00031746896672572606, 0.00018746225016187388, 0.00010402823101668594, 5.335700923759276e-05, 2.4686386852592475e-05, 9.92090521017894e-06, 3.2508822192714313e-06, 7.714495891435148e-07, 1.0159006935223223e-07, 3.174689667257275e-09]","[0.010159006935223234, 0.007860845910406034, 0.005998792005179968, 0.004507605346882892, 0.00332890339253395, 0.002410779966073482, 0.0017074242956029682, 0.0011787400506249501, 0.0007899643792829584, 0.0005112869456014493, 0.00031746896672572606, 0.00018746225016187388, 0.00010402823101668594, 5.335700923759276e-05, 2.4686386852592475e-05, 9.92090521017894e-06, 3.2508822192714313e-06, 7.714495891435148e-07, 1.0159006935223223e-07, 3.174689667257275e-09]","[0.09610351771115873, 0.09129834182560079, 0.08649316594004286, 0.08168799005448492, 0.07688281416892699, 0.07207763828336905, 0.06727246239781111, 0.062467286512253174, 0.05766211062669523, 0.052856934741137306, 0.048051758855579364, 0.04324658297002142, 0.038441407084463496, 0.033636231198905554, 0.028831055313347623, 0.024025879427789682, 0.01922070354223174, 0.014415527656673812, 0.00961035177111587, 0.00480517588555794]","[0.09610351771115873, 0.09129834182560079, 0.08649316594004286, 0.08168799005448492, 0.07688281416892699, 0.07207763828336905, 0.06727246239781111, 0.062467286512253174, 0.05766211062669523, 0.052856934741137306, 0.048051758855579364, 0.04324658297002142, 0.038441407084463496, 0.033636231198905554, 0.028831055313347623, 0.024025879427789682, 0.01922070354223174, 0.014415527656673812, 0.00961035177111587, 0.00480517588555794]","[0.018860177023841275, 0.01791716817264921, 0.016974159321457148, 0.016031150470265085, 0.015088141619073021, 0.014145132767880956, 0.013202123916688891, 0.01225911506549683, 0.011316106214304764, 0.010373097363112703, 0.009430088511920637, 0.008487079660728572, 0.007544070809536511, 0.0066010619583444455, 0.005658053107152383, 0.004715044255960319, 0.003772035404768254, 0.0028290265535761915, 0.001886017702384127, 0.0009430088511920646]","[0.018860177023841275, 0.01791716817264921, 0.016974159321457148, 0.016031150470265085, 0.015088141619073021, 0.014145132767880956, 0.013202123916688891, 0.01225911506549683, 0.011316106214304764, 0.010373097363112703, 0.009430088511920637, 0.008487079660728572, 0.007544070809536511, 0.0066010619583444455, 0.005658053107152383, 0.004715044255960319, 0.003772035404768254, 0.0028290265535761915, 0.001886017702384127, 0.0009430088511920646]","[0.010069745946407459, 0.009566258649087086, 0.009062771351766714, 0.00855928405444634, 0.008055796757125968, 0.007552309459805595, 0.007048822162485221, 0.0065453348651648485, 0.006041847567844475, 0.005538360270524103, 0.0050348729732037295, 0.004531385675883356, 0.004027898378562984, 0.0035244110812426106, 0.0030209237839222383, 0.0025174364866018648, 0.002013949189281491, 0.0015104618919611192, 0.0010069745946407456, 0.0005034872973203735]","[0.010069745946407459, 0.009566258649087086, 0.009062771351766714, 0.00855928405444634, 0.008055796757125968, 0.007552309459805595, 0.007048822162485221, 0.0065453348651648485, 0.006041847567844475, 0.005538360270524103, 0.0050348729732037295, 0.004531385675883356, 0.004027898378562984, 0.0035244110812426106, 0.0030209237839222383, 0.0025174364866018648, 0.002013949189281491, 0.0015104618919611192, 0.0010069745946407456, 0.0005034872973203735]","[0.024311131849965008, 0.018811490394552027, 0.01435548024608584, 0.010786978354717426, 0.007966271684596536, 0.005769145546427243, 0.004085971930023617, 0.002820797836865331, 0.0018904336126532785, 0.0012235412798652237, 0.0007597228703114065, 0.0004486087576901822, 0.00024894599014364176, 0.00012768662281323803, 5.907605039541501e-05, 2.3741339697231453e-05, 7.779562191988795e-06, 1.846126574856719e-06, 2.4311131849964983e-07, 7.597228703114099e-09]","[0.024311131849965008, 0.018811490394552027, 0.01435548024608584, 0.010786978354717426, 0.007966271684596536, 0.005769145546427243, 0.004085971930023617, 0.002820797836865331, 0.0018904336126532785, 0.0012235412798652237, 0.0007597228703114065, 0.0004486087576901822, 0.00024894599014364176, 0.00012768662281323803, 5.907605039541501e-05, 2.3741339697231453e-05, 7.779562191988795e-06, 1.846126574856719e-06, 2.4311131849964983e-07, 7.597228703114099e-09]","[0.02752832949632261, 0.021300896605473404, 0.01625520328428354, 0.01221446604176879, 0.009020483009354995, 0.006532601628521869, 0.004626686338446939, 0.00319408626364941, 0.0021406029016340458, 0.0013854578105350795, 0.0008602602967600815, 0.0005079751026338603, 0.0002818900940423436, 0.00014458394807646686, 6.689384067606398e-05, 2.6883134273752548e-05, 8.809065438823226e-06, 2.0904325211269995e-06, 2.752832949632258e-07, 8.602602967600854e-09]","[0.02752832949632261, 0.021300896605473404, 0.01625520328428354, 0.01221446604176879, 0.009020483009354995, 0.006532601628521869, 0.004626686338446939, 0.00319408626364941, 0.0021406029016340458, 0.0013854578105350795, 0.0008602602967600815, 0.0005079751026338603, 0.0002818900940423436, 0.00014458394807646686, 6.689384067606398e-05, 2.6883134273752548e-05, 8.809065438823226e-06, 2.0904325211269995e-06, 2.752832949632258e-07, 8.602602967600854e-09]","[0.0923388677844686, 0.08772192439524518, 0.08310498100602175, 0.07848803761679832, 0.07387109422757489, 0.06925415083835146, 0.06463720744912801, 0.0600202640599046, 0.05540332067068116, 0.05078637728145774, 0.0461694338922343, 0.04155249050301087, 0.036935547113787444, 0.03231860372456401, 0.027701660335340585, 0.02308471694611715, 0.01846777355689372, 0.013850830167670292, 0.00923388677844686, 0.004616943389223435]","[0.0923388677844686, 0.08772192439524518, 0.08310498100602175, 0.07848803761679832, 0.07387109422757489, 0.06925415083835146, 0.06463720744912801, 0.0600202640599046, 0.05540332067068116, 0.05078637728145774, 0.0461694338922343, 0.04155249050301087, 0.036935547113787444, 0.03231860372456401, 0.027701660335340585, 0.02308471694611715, 0.01846777355689372, 0.013850830167670292, 0.00923388677844686, 0.004616943389223435]","[0.018395033566633148, 0.01747528188830149, 0.016555530209969836, 0.015635778531638174, 0.01471602685330652, 0.013796275174974861, 0.012876523496643203, 0.011956771818311547, 0.011037020139979889, 0.010117268461648232, 0.009197516783316574, 0.008277765104984916, 0.00735801342665326, 0.0064382617483216015, 0.005518510069989945, 0.004598758391658287, 0.003679006713326629, 0.0027592550349949726, 0.0018395033566633145, 0.0009197516783316582]","[0.018395033566633148, 0.01747528188830149, 0.016555530209969836, 0.015635778531638174, 0.01471602685330652, 0.013796275174974861, 0.012876523496643203, 0.011956771818311547, 0.011037020139979889, 0.010117268461648232, 0.009197516783316574, 0.008277765104984916, 0.00735801342665326, 0.0064382617483216015, 0.005518510069989945, 0.004598758391658287, 0.003679006713326629, 0.0027592550349949726, 0.0018395033566633145, 0.0009197516783316582]","[0.008053777397068015, 0.0062318594247195965, 0.004755675015194693, 0.0035735038167715, 0.002639061777471248, 0.0019111991284057888, 0.001353598367125221, 0.0009344722409654922, 0.0006262617303960088, 0.00040533403236725046, 0.0002516805436583755, 0.00014861484422483407, 8.24706805459765e-05, 4.2299948972663156e-05, 1.957067907487529e-05, 7.865016989324234e-06, 2.577208767061762e-06, 6.115837210898529e-07, 8.053777397068006e-08, 2.516805436583766e-09]","[0.008053777397068015, 0.0062318594247195965, 0.004755675015194693, 0.0035735038167715, 0.002639061777471248, 0.0019111991284057888, 0.001353598367125221, 0.0009344722409654922, 0.0006262617303960088, 0.00040533403236725046, 0.0002516805436583755, 0.00014861484422483407, 8.24706805459765e-05, 4.2299948972663156e-05, 1.957067907487529e-05, 7.865016989324234e-06, 2.577208767061762e-06, 6.115837210898529e-07, 8.053777397068006e-08, 2.516805436583766e-09]","[0.07303055484955895, 0.06937902710708099, 0.06572749936460305, 0.0620759716221251, 0.05842444387964716, 0.05477291613716921, 0.05112138839469126, 0.04746986065221332, 0.043818332909735365, 0.04016680516725742, 0.036515277424779474, 0.032863749682301525, 0.02921222193982358, 0.02556069419734563, 0.02190916645486769, 0.018257638712389737, 0.014606110969911787, 0.010954583227433845, 0.007303055484955893, 0.0036515277424779505]","[0.07303055484955895, 0.06937902710708099, 0.06572749936460305, 0.0620759716221251, 0.05842444387964716, 0.05477291613716921, 0.05112138839469126, 0.04746986065221332, 0.043818332909735365, 0.04016680516725742, 0.036515277424779474, 0.032863749682301525, 0.02921222193982358, 0.02556069419734563, 0.02190916645486769, 0.018257638712389737, 0.014606110969911787, 0.010954583227433845, 0.007303055484955893, 0.0036515277424779505]","[0.010079113794755897, 0.007799026121275398, 0.005951615904665411, 0.004472156336025226, 0.0033027240082656134, 0.002391820949341487, 0.001693996655484623, 0.0011694701244363444, 0.0007837518886802183, 0.0005072660486747602, 0.0003149723060861218, 0.00018598799702079398, 0.00010321012525830042, 5.293739548389447e-05, 2.4492246521256847e-05, 9.842884565191306e-06, 3.2253164143218834e-06, 7.653827037892765e-07, 1.0079113794755886e-07, 3.149723060861232e-09]","[0.010079113794755897, 0.007799026121275398, 0.005951615904665411, 0.004472156336025226, 0.0033027240082656134, 0.002391820949341487, 0.001693996655484623, 0.0011694701244363444, 0.0007837518886802183, 0.0005072660486747602, 0.0003149723060861218, 0.00018598799702079398, 0.00010321012525830042, 5.293739548389447e-05, 2.4492246521256847e-05, 9.842884565191306e-06, 3.2253164143218834e-06, 7.653827037892765e-07, 1.0079113794755886e-07, 3.149723060861232e-09]","[0.0799422633823613, 0.07594515021324323, 0.07194803704412517, 0.0679509238750071, 0.06395381070588904, 0.05995669753677097, 0.0559595843676529, 0.051962471198534844, 0.047965358029416774, 0.04396824486029872, 0.03997113169118065, 0.03597401852206258, 0.03197690535294452, 0.02797979218382645, 0.02398267901470839, 0.019985565845590324, 0.015988452676472257, 0.011991339507354195, 0.007994226338236128, 0.0039971131691180686]","[0.0799422633823613, 0.07594515021324323, 0.07194803704412517, 0.0679509238750071, 0.06395381070588904, 0.05995669753677097, 0.0559595843676529, 0.051962471198534844, 0.047965358029416774, 0.04396824486029872, 0.03997113169118065, 0.03597401852206258, 0.03197690535294452, 0.02797979218382645, 0.02398267901470839, 0.019985565845590324, 0.015988452676472257, 0.011991339507354195, 0.007994226338236128, 0.0039971131691180686]"
max_queue_size,10,10,10,10,10,10,10,10,10,10,10,10,10,10,10,10,10,10,10,10,10,10,10,10,10,10,10,10,10,10,10,10,10,10,10,10,10,10,10,10,10,10,10,10,10,10,10,10,10,10,10,10,10,10,10,10,10,10,10,10,10,10,10,10,10,10,10,10,10,10,10,10,10,10,10
num_train_examples,4800,4800,4800,4800,4800,4800,4800,4800,4800,4800,4800,4800,4800,4800,4800,4800,4800,4800,4800,4800,4800,4800,4800,4800,4800,4800,4800,4800,4800,4800,4800,4800,4800,4800,4800,4800,4800,4800,4800,4800,4800,4800,4800,4800,4800,4800,4800,4800,4800,4800,4800,4800,4800,4800,4800,4800,4800,4800,4800,4800,4800,4800,4800,4800,4800,4800,4800,4800,4800,4800,4800,4800,4800,4800,4800
num_val_examples,1200,1200,1200,1200,1200,1200,1200,1200,1200,1200,1200,1200,1200,1200,1200,1200,1200,1200,1200,1200,1200,1200,1200,1200,1200,1200,1200,1200,1200,1200,1200,1200,1200,1200,1200,1200,1200,1200,1200,1200,1200,1200,1200,1200,1200,1200,1200,1200,1200,1200,1200,1200,1200,1200,1200,1200,1200,1200,1200,1200,1200,1200,1200,1200,1200,1200,1200,1200,1200,1200,1200,1200,1200,1200,1200
opt_amsgrad,False,False,False,False,False,False,False,False,False,False,False,False,False,False,False,False,False,False,False,False,False,False,False,False,False,False,False,False,False,False,False,False,False,False,False,False,False,False,False,False,False,False,False,False,False,False,False,False,False,False,False,False,False,False,False,False,False,False,False,False,False,False,False,False,False,False,False,False,False,False,False,False,False,False,False
opt_beta_1,0.9,0.9,0.9,0.9,0.9,0.9,0.9,0.9,0.9,0.9,0.9,0.9,0.9,0.9,0.9,0.9,0.9,0.9,0.9,0.9,0.9,0.9,0.9,0.9,0.9,0.9,0.9,0.9,0.9,0.9,0.9,0.9,0.9,0.9,0.9,0.9,0.9,0.9,0.9,0.9,0.9,0.9,0.9,0.9,0.9,0.9,0.9,0.9,0.9,0.9,0.9,0.9,0.9,0.9,0.9,0.9,0.9,0.9,0.9,0.9,0.9,0.9,0.9,0.9,0.9,0.9,0.9,0.9,0.9,0.9,0.9,0.9,0.9,0.9,0.9
opt_beta_2,0.999,0.999,0.999,0.999,0.999,0.999,0.999,0.999,0.999,0.999,0.999,0.999,0.999,0.999,0.999,0.999,0.999,0.999,0.999,0.999,0.999,0.999,0.999,0.999,0.999,0.999,0.999,0.999,0.999,0.999,0.999,0.999,0.999,0.999,0.999,0.999,0.999,0.999,0.999,0.999,0.999,0.999,0.999,0.999,0.999,0.999,0.999,0.999,0.999,0.999,0.999,0.999,0.999,0.999,0.999,0.999,0.999,0.999,0.999,0.999,0.999,0.999,0.999,0.999,0.999,0.999,0.999,0.999,0.999,0.999,0.999,0.999,0.999,0.999,0.999
opt_decay,0,0,0,0,0,0,0,0,0,0,0,0,0,0,0,0,0,0,0,0,0,0,0,0,0,0,0,0,0,0,0,0,0,0,0,0,0,0,0,0,0,0,0,0,0,0,0,0,0,0,0,0,0,0,0,0,0,0,0,0,0,0,0,0,0,0,0,0,0,0,0,0,0,0,0
opt_epsilon,0.0000001,0.0000001,0.0000001,0.0000001,0.0000001,0.0000001,0.0000001,0.0000001,0.0000001,0.0000001,0.0000001,0.0000001,0.0000001,0.0000001,0.0000001,0.0000001,0.0000001,0.0000001,0.0000001,0.0000001,0.0000001,0.0000001,0.0000001,0.0000001,0.0000001,0.0000001,0.0000001,0.0000001,0.0000001,0.0000001,0.0000001,0.0000001,0.0000001,0.0000001,0.0000001,0.0000001,0.0000001,0.0000001,0.0000001,0.0000001,0.0000001,0.0000001,0.0000001,0.0000001,0.0000001,0.0000001,0.0000001,0.0000001,0.0000001,0.0000001,0.0000001,0.0000001,0.0000001,0.0000001,0.0000001,0.0000001,0.0000001,0.0000001,0.0000001,0.0000001,0.0000001,0.0000001,0.0000001,0.0000001,0.0000001,0.0000001,0.0000001,0.0000001,0.0000001,0.0000001,0.0000001,0.0000001,0.0000001,0.0000001,0.0000001
opt_learning_rate,0.001,0.001,0.001,0.001,0.001,0.001,0.001,0.001,0.001,0.001,0.001,0.001,0.001,0.001,0.001,0.001,0.001,0.001,0.001,0.001,0.001,0.001,0.001,0.001,0.001,0.001,0.001,0.001,0.001,0.001,0.001,0.001,0.001,0.001,0.001,0.001,0.001,0.001,0.001,0.001,0.001,0.001,0.001,0.001,0.001,0.001,0.001,0.001,0.001,0.001,0.001,0.001,0.001,0.001,0.001,0.001,0.001,0.001,0.001,0.001,0.001,0.001,0.001,0.001,0.001,0.001,0.001,0.001,0.001,0.001,0.001,0.001,0.001,0.001,0.001
opt_name,Adam,Adam,Adam,Adam,Adam,Adam,Adam,Adam,Adam,Adam,Adam,Adam,Adam,Adam,Adam,Adam,Adam,Adam,Adam,Adam,Adam,Adam,Adam,Adam,Adam,Adam,Adam,Adam,Adam,Adam,Adam,Adam,Adam,Adam,Adam,Adam,Adam,Adam,Adam,Adam,Adam,Adam,Adam,Adam,Adam,Adam,Adam,Adam,Adam,Adam,Adam,Adam,Adam,Adam,Adam,Adam,Adam,Adam,Adam,Adam,Adam,Adam,Adam,Adam,Adam,Adam,Adam,Adam,Adam,Adam,Adam,Adam,Adam,Adam,Adam
sample_weight,None,None,None,None,None,None,None,None,None,None,None,None,None,None,None,None,None,None,None,None,None,None,None,None,None,None,None,None,None,None,None,None,None,None,None,None,None,None,None,None,None,None,None,None,None,None,None,None,None,None,None,None,None,None,None,None,None,None,None,None,None,None,None,None,None,None,None,None,None,None,None,None,None,None,None
shuffle,True,True,True,True,True,True,True,True,True,True,True,True,True,True,True,True,True,True,True,True,True,True,True,True,True,True,True,True,True,True,True,True,True,True,True,True,True,True,True,True,True,True,True,True,True,True,True,True,True,True,True,True,True,True,True,True,True,True,True,True,True,True,True,True,True,True,True,True,True,True,True,True,True,True,True
steps_per_epoch,369,369,960,960,436,436,208,208,369,369,369,369,1200,1200,266,266,184,184,320,320,218,218,240,240,171,171,165,165,218,218,342,240,240,800,800,300,300,480,480,2400,2400,252,252,685,685,342,342,252,252,600,600,282,282,1200,1200,1600,1600,533,533,1200,1200,266,266,480,480,1200,1200,240,240,342,342,960,960,266,266
use_multiprocessing,False,False,False,False,False,False,False,False,False,False,False,False,False,False,False,False,False,False,False,False,False,False,False,False,False,False,False,False,False,False,False,False,False,False,False,False,False,False,False,False,False,False,False,False,False,False,False,False,False,False,False,False,False,False,False,False,False,False,False,False,False,False,False,False,False,False,False,False,False,False,False,False,False,False,False
validation_batch_size,None,None,None,None,None,None,None,None,None,None,None,None,None,None,None,None,None,None,None,None,None,None,None,None,None,None,None,None,None,None,None,None,None,None,None,None,None,None,None,None,None,None,None,None,None,None,None,None,None,None,None,None,None,None,None,None,None,None,None,None,None,None,None,None,None,None,None,None,None,None,None,None,None,None,None
validation_freq,1,1,1,1,1,1,1,1,1,1,1,1,1,1,1,1,1,1,1,1,1,1,1,1,1,1,1,1,1,1,1,1,1,1,1,1,1,1,1,1,1,1,1,1,1,1,1,1,1,1,1,1,1,1,1,1,1,1,1,1,1,1,1,1,1,1,1,1,1,1,1,1,1,1,1
validation_split,0,0,0,0,0,0,0,0,0,0,0,0,0,0,0,0,0,0,0,0,0,0,0,0,0,0,0,0,0,0,0,0,0,0,0,0,0,0,0,0,0,0,0,0,0,0,0,0,0,0,0,0,0,0,0,0,0,0,0,0,0,0,0,0,0,0,0,0,0,0,0,0,0,0,0
validation_steps,92,92,240,240,109,109,52,52,92,92,92,92,300,300,66,66,46,46,80,80,54,54,60,60,42,42,41,41,54,54,85,60,60,200,200,75,75,120,120,600,600,63,63,171,171,85,85,63,63,150,150,70,70,300,300,400,400,133,133,300,300,66,66,120,120,300,300,60,60,85,85,240,240,66,66
workers,1,1,1,1,1,1,1,1,1,1,1,1,1,1,1,1,1,1,1,1,1,1,1,1,1,1,1,1,1,1,1,1,1,1,1,1,1,1,1,1,1,1,1,1,1,1,1,1,1,1,1,1,1,1,1,1,1,1,1,1,1,1,1,1,1,1,1,1,1,1,1,1,1,1,1
accuracy,0.97,0.971,0.941,0.94,0.924,0.924,0.882,0.882,0.947,0.945,0.962,0.962,0.969,0.967,0.898,0.898,0.971,0.971,0.963,0.957,0.915,0.915,0.972,0.973,0.973,0.974,0.928,0.927,0.916,0.914,0.921,0.966,0.967,0.899,0.905,0.938,0.939,0.971,0.97,0.951,0.958,0.927,0.926,0.93,0.928,0.964,0.964,0.929,0.933,0.934,0.934,0.961,0.962,0.919,0.931,0.961,0.962,0.972,0.969,0.949,0.95,0.974,0.973,0.905,0.906,0.949,0.948,0.964,0.959,0.95,0.951,0.969,0.968,0.972,0.972
auc,0.979,0.979,0.95,0.947,0.927,0.926,0.877,0.874,0.961,0.959,0.964,0.964,0.978,0.978,0.895,0.895,0.981,0.981,0.975,0.971,0.88,0.88,0.982,0.982,0.984,0.984,0.894,0.889,0.889,0.886,0.935,0.972,0.972,0.887,0.893,0.918,0.92,0.981,0.981,0.961,0.966,0.931,0.932,0.936,0.932,0.972,0.974,0.935,0.937,0.932,0.93,0.962,0.963,0.916,0.936,0.97,0.971,0.981,0.979,0.958,0.958,0.985,0.984,0.908,0.911,0.963,0.961,0.975,0.972,0.964,0.966,0.976,0.976,0.982,0.982
f1,0.262,0.262,0.263,0.263,0.264,0.264,0.265,0.263,0.263,0.263,0.263,0.263,0.263,0.263,0.263,0.263,0.264,0.264,0.264,0.264,0.264,0.264,0.264,0.264,0.265,0.265,0.263,0.261,0.262,0.262,0.263,0.264,0.264,0.263,0.263,0.264,0.264,0.262,0.262,0.263,0.263,0.264,0.263,0.262,0.262,0.265,0.265,0.263,0.261,0.262,0.262,0.264,0.263,0.263,0.263,0.264,0.264,0.263,0.263,0.263,0.263,0.263,0.266,0.263,0.263,0.262,0.262,0.263,0.263,0.265,0.264,0.264,0.264,0.265,0.265
fn0.1,218297,214600,214346,219342,1066725,1082952,610857,607729,317150,335382,744853,748489,105346,109148,305713,304698,357858,378677,457384,466889,1970436,1951806,357218,356420,304656,319815,1174416,1211073,878999,886183,201231,569109,550975,323045,308837,1581463,1524457,183630,185550,188727,179477,446621,431066,455774,491867,523170,490975,435816,445739,590193,532073,798677,790365,281640,222296,547808,549341,98797,104729,195390,189495,302953,320264,237801,236575,305973,316838,123433,131792,143669,137962,492202,483529,360419,347116
fn0.3,377947,382152,418861,472216,2195945,2216335,1419614,1402382,664469,711721,1261337,1253428,207194,211956,723529,741078,714371,731058,953917,1041643,3441056,3513204,680671,704654,655070,647423,1909451,1933548,1662312,1684610,490679,1008256,986369,896072,813638,2459038,2447228,365286,356949,343242,314778,1267710,1104316,1131837,1177426,1123292,1124953,1159995,1159122,1145786,1180452,1299028,1219792,692700,528490,1139055,1106545,176738,192028,362826,362441,574740,622992,746813,707905,604765,648946,224939,264871,286991,290411,882668,881976,709455,716041
fn0.5,591635,589597,705543,733638,3253816,3321304,3176027,3187571,1078221,1166410,1728533,1726287,318406,332624,1161585,1149768,1145938,1126598,1437250,1606364,4621330,4601311,1076617,1066702,1019413,989862,2238870,2261922,2215893,2251811,749312,1427677,1414045,1311511,1297451,3143467,3140553,595133,587131,524808,469030,1930328,1978769,1691621,1830173,1652254,1633282,1900964,1734982,1635334,1627549,1804928,1721873,967789,782849,1723925,1641321,271151,300923,540159,540006,949427,1002518,1193402,1128025,981693,998524,369105,438619,592626,581636,1319937,1334120,1100088,1080405
fn0.7,870107,858306,939800,969635,4863778,4866523,4313315,4265044,1663130,1763277,2403027,2378087,460924,493971,1729664,1724396,1736339,1741244,2132952,2506262,5880018,5893226,1658371,1664922,1600497,1511785,2573367,2616538,2875652,2943318,1197111,2068943,2034114,1813763,1736821,4062002,4024520,896217,885048,749537,652999,2568826,2662793,2372097,2451202,2320008,2290806,2535134,2341299,2174282,2181554,2448286,2369888,1317245,1113699,2481987,2365601,409928,454295,777024,785869,1495543,1540808,1658650,1613437,1476199,1495346,556247,663474,772598,788241,1903724,1931542,1658911,1669543
fn0.9,1529637,1555241,1550479,1520763,7709923,7613672,5128072,5082314,2680978,2804167,3716871,3703115,761946,802467,2441945,2430864,2926156,2855567,3843394,4575301,7789978,7797129,2832459,2723904,2695104,2631562,3087737,3115112,3895034,3963323,2187434,3253565,3241997,2277880,2191851,5961939,5904538,1443249,1454511,1182542,986639,3265515,3218984,3352187,3380285,3595254,3759203,3123323,3111538,3105008,3112187,3728830,3710320,1885452,1675935,3831935,3741225,684292,756383,1261666,1281175,2567373,2701312,2194549,2142059,2689132,2715617,915020,1028546,1176599,1201914,3078805,3199406,2844744,2849541
fp0.1,1853157,1801212,2223323,2325268,11502301,11661389,9368365,9546744,3759232,3879406,5091627,4869954,1079290,1106852,4185196,4216777,4101340,3816594,5094992,6050713,13413191,13595426,3598781,3654483,3616423,3392117,6155768,6102856,7053027,7140303,2972400,4532014,4532019,4675725,4472643,8427637,8664704,1975562,2003963,1630391,1370239,6916345,6654974,6129729,5983002,5664090,5751068,6337851,6222463,5062344,5976718,4981182,4644893,3429973,2955486,6040880,5533496,887591,1028944,1738212,1735250,3332094,3469449,4359538,4280569,3476988,3635144,1183230,1432048,1807705,1756815,4130185,4326326,3791535,3861360
fp0.3,1045297,973671,1036875,1018684,5098405,5118741,5225525,5327935,1866808,1944333,2287507,2244192,539375,584321,1798404,1770265,2040677,1942573,2490762,2907931,4660472,4431026,1941688,1832630,1838807,1739933,1301985,1304951,2267029,2337115,1368612,2108269,2088662,1548676,1572121,3244455,3185766,1010543,1068977,826424,678485,2414606,2975800,2295816,2353097,2248962,2314141,2557433,2188331,2023979,1969875,2302092,2354767,1211261,1137940,2643956,2497395,473957,530919,843568,822715,1893488,1895734,1660391,1656340,1852635,1800577,657868,747843,1032530,909747,2064551,2175602,1902377,1883691
fp0.5,596142,559220,452521,455361,2754806,2667927,1452864,1451809,997863,993247,1263178,1243909,300176,324896,839268,855071,1115911,1125612,1468978,1766549,2064864,2094884,1116166,1069903,1087221,1058678,579550,590430,1071306,1126768,801284,1214191,1181159,674703,579083,1730066,1677296,549462,581039,430471,347045,924394,925248,1062667,998179,1185206,1213501,897453,880703,957414,964140,1241521,1267986,627015,582722,1378175,1348065,269241,299400,459616,451308,1078071,1091740,678362,726380,1038374,1037791,344283,372370,381883,380197,1143875,1200073,1091937,1125145
fp0.7,317043,300005,233428,212299,1174716,1154595,319153,357353,457931,436479,587193,602722,156900,161365,289193,290503,550690,536723,773946,952272,834261,818190,560794,496089,521180,538407,246431,243333,424656,438544,376020,577656,569774,189776,190475,815687,812426,265388,282220,203336,171648,297687,239803,402761,410958,560328,597284,269140,315264,418988,413100,600435,626742,264985,245051,639556,635082,132814,151480,223843,218324,539501,565443,219125,214227,573315,555955,163738,160845,198602,184456,572856,605890,551334,543691
fp0.9,76638,67533,47727,41422,246813,245464,41033,47853,109339,96401,137265,139975,47710,43786,40148,40989,148199,152406,213400,295181,148892,139812,153477,137928,138277,139890,58917,60810,69341,71051,72985,157381,149122,31138,34923,181663,190972,71308,74224,47888,49939,55021,49420,78655,84015,148757,152820,52206,56200,91243,88915,149688,155366,48890,44606,168921,167516,35267,41808,51924,55102,153504,152944,30461,30279,169937,157494,40875,41524,50537,48375,171814,166574,135339,137395
loss,0.208,0.203,0.435,0.445,0.536,0.54,0.753,0.758,0.348,0.361,0.301,0.298,0.217,0.225,0.692,0.694,0.196,0.194,0.246,0.278,0.744,0.745,0.186,0.184,0.172,0.17,1.116,1.12,0.713,0.722,0.499,0.251,0.246,0.736,0.703,0.554,0.545,0.194,0.197,0.346,0.307,0.535,0.521,0.508,0.519,0.267,0.262,0.507,0.501,0.513,0.523,0.311,0.303,0.591,0.495,0.282,0.272,0.19,0.211,0.364,0.361,0.167,0.174,0.64,0.629,0.337,0.345,0.246,0.277,0.329,0.319,0.226,0.23,0.189,0.187
lr,0.000000002445,0.000000002445,0.00000000001436,0.00000000001436,0.0000000007532,0.0000000007532,0.0000000001373,0.0000000001373,0.000000000102,0.000000000102,0.0000000008925,0.0000000008925,0.0001196,0.0001196,0.00008261,0.00008261,0.0006809,0.0006809,0.00000000002383,0.00000000002383,0.000000299,0.000000299,0.000000365,0.000000365,0.003,0.003,0.00000000002029,0.00000000002029,0.0000002854,0.0000002854,0.000000008483,0.002,0.002,0.00000002128,0.00000002128,0.00000001628,0.00000001628,0.003,0.003,0.000595,0.000595,0.00000002967,0.00000002967,0.00000001649,0.00000001649,0.000000006012,0.000000006012,0.0000000231,0.0000000231,0.003,0.003,0.000000003175,0.000000003175,0.005,0.005,0.000943,0.000943,0.0005035,0.0005035,0.000000007597,0.000000007597,0.000000008603,0.000000008603,0.005,0.005,0.0009198,0.0009198,0.000000002517,0.000000002517,0.004,0.004,0.00000000315,0.00000000315,0.004,0.004
precision0.1,0.755,0.76,0.554,0.543,0.486,0.483,0.364,0.358,0.6,0.591,0.687,0.696,0.727,0.722,0.388,0.387,0.739,0.752,0.693,0.655,0.427,0.424,0.763,0.761,0.764,0.774,0.436,0.434,0.417,0.413,0.482,0.716,0.716,0.362,0.374,0.552,0.547,0.744,0.742,0.631,0.671,0.443,0.452,0.472,0.476,0.669,0.666,0.465,0.466,0.514,0.475,0.691,0.705,0.44,0.482,0.654,0.674,0.764,0.736,0.615,0.616,0.776,0.771,0.386,0.39,0.618,0.607,0.707,0.665,0.612,0.618,0.735,0.726,0.754,0.751
precision0.3,0.842,0.851,0.712,0.711,0.657,0.656,0.466,0.46,0.739,0.729,0.823,0.826,0.837,0.826,0.555,0.557,0.846,0.852,0.816,0.79,0.646,0.656,0.853,0.86,0.861,0.867,0.755,0.752,0.653,0.644,0.644,0.839,0.84,0.573,0.579,0.746,0.749,0.846,0.839,0.761,0.797,0.66,0.618,0.676,0.668,0.828,0.824,0.652,0.683,0.703,0.707,0.822,0.819,0.654,0.683,0.804,0.813,0.855,0.839,0.756,0.761,0.857,0.858,0.573,0.578,0.742,0.746,0.807,0.784,0.724,0.747,0.843,0.836,0.855,0.857
precision0.5,0.9,0.905,0.834,0.831,0.759,0.764,0.659,0.655,0.83,0.828,0.89,0.891,0.899,0.891,0.682,0.681,0.906,0.906,0.878,0.854,0.78,0.779,0.907,0.911,0.91,0.912,0.864,0.86,0.776,0.765,0.735,0.897,0.899,0.712,0.744,0.836,0.84,0.907,0.902,0.851,0.878,0.813,0.81,0.8,0.804,0.897,0.895,0.818,0.825,0.818,0.817,0.891,0.889,0.762,0.79,0.881,0.885,0.909,0.899,0.841,0.844,0.91,0.91,0.725,0.718,0.827,0.826,0.883,0.872,0.863,0.863,0.903,0.899,0.909,0.907
precision0.7,0.941,0.944,0.897,0.904,0.858,0.86,0.839,0.824,0.903,0.906,0.942,0.941,0.941,0.939,0.81,0.811,0.949,0.95,0.927,0.909,0.879,0.881,0.948,0.954,0.952,0.951,0.931,0.931,0.878,0.872,0.825,0.945,0.946,0.86,0.867,0.906,0.907,0.95,0.947,0.916,0.931,0.919,0.932,0.898,0.894,0.945,0.942,0.927,0.918,0.9,0.901,0.941,0.938,0.862,0.884,0.937,0.938,0.951,0.943,0.908,0.909,0.951,0.949,0.858,0.864,0.886,0.889,0.937,0.935,0.918,0.922,0.946,0.943,0.949,0.95
precision0.9,0.983,0.985,0.968,0.972,0.945,0.947,0.954,0.947,0.968,0.97,0.984,0.983,0.979,0.98,0.929,0.93,0.984,0.983,0.974,0.962,0.965,0.968,0.983,0.985,0.985,0.985,0.98,0.978,0.967,0.965,0.914,0.982,0.983,0.957,0.957,0.971,0.969,0.984,0.984,0.974,0.976,0.98,0.982,0.97,0.968,0.983,0.982,0.982,0.98,0.969,0.969,0.982,0.981,0.957,0.967,0.98,0.98,0.985,0.981,0.971,0.969,0.984,0.984,0.963,0.965,0.95,0.953,0.981,0.979,0.973,0.974,0.981,0.981,0.985,0.985
recall0.1,0.963,0.964,0.928,0.926,0.911,0.91,0.898,0.898,0.947,0.944,0.938,0.937,0.965,0.963,0.897,0.897,0.97,0.968,0.962,0.961,0.835,0.837,0.97,0.97,0.975,0.973,0.802,0.794,0.852,0.85,0.932,0.952,0.954,0.892,0.896,0.868,0.873,0.969,0.969,0.937,0.94,0.925,0.927,0.923,0.917,0.956,0.959,0.927,0.924,0.901,0.91,0.933,0.934,0.905,0.925,0.954,0.954,0.967,0.965,0.934,0.936,0.974,0.973,0.92,0.921,0.948,0.947,0.959,0.956,0.952,0.954,0.959,0.96,0.97,0.971
recall0.3,0.936,0.936,0.859,0.841,0.816,0.815,0.763,0.764,0.888,0.88,0.894,0.895,0.93,0.929,0.756,0.751,0.94,0.939,0.92,0.913,0.712,0.707,0.943,0.941,0.945,0.946,0.678,0.671,0.719,0.715,0.835,0.916,0.918,0.699,0.727,0.795,0.796,0.938,0.94,0.885,0.894,0.787,0.814,0.809,0.801,0.906,0.906,0.805,0.803,0.807,0.801,0.891,0.897,0.767,0.823,0.905,0.908,0.941,0.935,0.878,0.878,0.952,0.948,0.749,0.762,0.898,0.891,0.924,0.911,0.904,0.903,0.926,0.926,0.941,0.94
recall0.5,0.9,0.901,0.763,0.754,0.728,0.722,0.469,0.464,0.819,0.804,0.855,0.855,0.893,0.888,0.608,0.613,0.904,0.906,0.88,0.866,0.613,0.616,0.91,0.911,0.915,0.917,0.622,0.615,0.626,0.62,0.747,0.881,0.882,0.56,0.564,0.737,0.738,0.9,0.901,0.824,0.842,0.676,0.666,0.715,0.691,0.862,0.863,0.68,0.705,0.725,0.726,0.849,0.855,0.675,0.737,0.856,0.863,0.909,0.899,0.819,0.819,0.92,0.917,0.599,0.621,0.835,0.832,0.876,0.853,0.802,0.805,0.89,0.889,0.908,0.91
recall0.7,0.853,0.855,0.684,0.674,0.593,0.593,0.279,0.282,0.72,0.704,0.798,0.8,0.845,0.834,0.416,0.42,0.855,0.854,0.822,0.791,0.508,0.508,0.861,0.861,0.867,0.874,0.566,0.555,0.514,0.503,0.596,0.827,0.83,0.391,0.417,0.661,0.664,0.849,0.851,0.748,0.781,0.569,0.551,0.6,0.586,0.806,0.808,0.574,0.602,0.634,0.633,0.795,0.801,0.558,0.626,0.793,0.802,0.862,0.847,0.739,0.736,0.874,0.872,0.443,0.458,0.751,0.748,0.813,0.777,0.742,0.736,0.841,0.839,0.861,0.861
recall0.9,0.742,0.738,0.479,0.489,0.354,0.364,0.143,0.145,0.549,0.529,0.688,0.689,0.744,0.731,0.176,0.182,0.755,0.761,0.679,0.618,0.348,0.349,0.763,0.772,0.775,0.78,0.479,0.47,0.342,0.33,0.263,0.728,0.729,0.235,0.264,0.502,0.507,0.757,0.755,0.603,0.669,0.452,0.457,0.435,0.429,0.699,0.686,0.475,0.471,0.477,0.476,0.688,0.688,0.367,0.437,0.68,0.687,0.77,0.745,0.576,0.57,0.784,0.776,0.263,0.281,0.547,0.543,0.693,0.655,0.607,0.597,0.743,0.733,0.762,0.762
tn0.1,31513772,31569752,14459645,14357700,55134164,54949432,23840690,23701668,29591728,29466732,61581396,61808088,15603678,15576116,12462223,12423522,62337552,62627436,61578412,60622700,53210316,53007920,63074624,63018948,62832424,63085688,27118812,27213776,26316220,26229504,13672870,62141432,62141424,12007243,12210325,58245784,58008732,31409254,31380856,15052577,15312729,26349816,26642256,27220296,27380376,60823476,60736328,26940760,27116696,28322484,27408104,61622672,62011520,13252995,13727482,60632564,61139940,15790380,15650926,14944756,14947718,63238092,62943232,12323430,12402399,29907840,29749692,15499738,15250920,14808592,14871276,62543252,62347072,62687416,62595768
tn0.3,32321648,32397284,15646093,15664284,61538008,61492104,27983532,27920478,31484152,31401800,64385488,64433832,16143593,16098647,14849015,14870034,64398220,64501416,64182656,63765540,61963036,62172288,64731728,64840828,64610096,64737880,31972592,32011672,31102226,31032700,15276658,64565152,64584768,15134292,15110847,63429016,63487664,32374284,32315852,15856544,16004483,30851542,30321428,31054212,31010280,64238612,64173248,30721164,31150832,31360850,31414928,64301780,64301672,15471707,15545028,64029444,64176080,16204014,16148951,15839400,15860253,64676704,64516976,15022577,15026628,31532188,31584264,16025100,15935125,15583767,15718344,64608884,64497824,64576584,64573440
tn0.5,32770792,32811728,16230447,16227607,63881628,63942872,31756184,31796600,32353100,32352894,65409836,65434076,16382792,16358072,15808151,15785228,65322988,65318380,65204440,64906864,64558640,64508460,65557260,65603520,65361664,65419160,32695028,32726186,32297932,32243040,15843986,65459224,65492296,16008265,16103885,64943372,64996140,32835368,32803788,16252497,16335923,32341768,32371980,32287370,32365232,65302368,65273880,32381156,32458454,32427420,32420676,65362352,65388400,16055953,16100246,65295272,65325364,16408730,16380470,16223352,16231660,65492108,65320952,16004606,15956588,32346452,32347022,16338685,16310598,16234414,16247894,65529520,65473368,65387016,65331988
tn0.7,33049884,33070942,16449540,16470669,65461720,65456240,32889900,32891070,32893028,32909678,66085824,66075304,16526068,16521603,16358226,16349796,65888192,65907304,65899480,65721168,65789252,65785136,66112628,66177320,65927708,65939412,33028156,33073294,32944584,32931266,16269250,66095784,66103648,16493192,16492493,65857736,65861008,33119436,33102590,16479632,16511320,32968458,33057420,32947272,32952436,65927256,65890140,33009476,33023904,32965844,32971728,66003412,66029672,16417983,16437917,66033876,66038408,16545157,16528390,16459125,16464644,66030664,65847268,16463843,16468741,32811548,32828886,16519230,16522123,16417695,16443635,66100568,66067520,65927612,65913452
tn0.9,33290286,33303416,16635241,16641546,66389592,66365352,33168020,33200556,33241630,33249744,66535736,66538040,16635258,16639182,16607271,16599310,66290680,66291616,66460044,66378276,66474612,66463516,66519956,66535508,66310588,66337928,33215668,33255824,33299900,33298756,16572285,66516056,66524300,16651830,16648045,66491748,66482444,33313516,33310598,16635080,16633029,33211138,33247788,33271402,33279352,66338848,66334552,33226384,33282954,33293580,33295904,66454188,66501088,16634078,16638362,66504536,66505884,16642704,16638062,16631044,16627866,66416648,66259752,16652507,16652689,33214900,33227356,16642093,16641444,16565760,16579716,66501612,66506860,66343620,66319784
tp0.1,5711796,5711480,2763486,2758490,10874510,10883909,5370618,5334387,5628907,5615503,11176190,11167529,2872486,2868684,2658516,2666651,11584306,11558373,11512383,11502878,9983723,10022524,11612549,11613347,11693054,11648961,4749725,4671024,5040593,5032845,2765147,11400658,11418792,2654787,2668995,10388304,10445310,5753146,5751226,2789105,2798355,5510515,5495011,5474830,5425382,11435842,11468236,5508873,5438396,5346583,5404703,11142355,11098118,2696192,2755536,11421959,11420426,2871744,2863913,2782442,2788337,11573458,11713628,2740031,2741257,5630803,5619938,2854399,2846040,2851682,2845595,11477565,11486238,11607225,11642340
tp0.3,5552146,5543928,2558971,2505616,9745290,9750526,4561861,4539734,5281588,5239164,10659706,10662590,2770638,2765876,2240700,2230271,11227793,11205992,11015850,10928124,8513103,8461126,11289096,11265113,11342640,11321353,4014690,3948549,4257280,4234418,2475699,10961511,10983398,2081760,2164194,9510729,9522539,5571490,5579827,2634590,2663054,4689426,4821761,4798767,4739823,10835720,10834258,4784694,4725013,4790990,4756324,10642004,10668691,2285132,2449342,10830712,10863222,2793803,2776614,2615006,2615391,11301671,11410900,2231019,2269927,5332011,5287830,2752893,2712961,2708360,2693146,11087099,11087791,11258189,11273415
tp0.5,5338458,5336483,2272289,2244194,8687419,8645557,2805448,2754545,4867836,4784475,10192510,10189731,2659426,2645208,1802644,1821581,10796226,10810452,10532517,10363403,7332829,7373019,10893150,10903065,10978297,10978914,3685271,3620175,3703699,3667217,2217066,10542090,10555722,1666321,1680381,8826300,8829214,5341643,5349645,2453024,2508802,4026808,3947308,4238983,4087076,10306758,10325929,4043725,4149153,4301442,4309227,10136104,10166610,2010043,2194983,10245842,10328446,2699390,2667719,2437673,2437826,10926984,11031374,1784430,1849807,4955083,4938252,2608727,2539213,2402725,2401921,10649830,10635647,10867556,10909051
tp0.7,5059986,5067774,2038032,2008197,7077457,7100338,1668160,1677072,4282927,4187608,9518016,9537931,2516908,2483861,1234565,1246953,10205825,10195806,9836815,9463505,6074141,6081104,10311396,10304845,10397213,10456991,3350774,3265559,3043940,2975710,1769267,9900824,9935653,1164069,1241011,7907765,7945247,5040559,5051728,2228295,2324833,3388310,3263284,3558507,3466047,9639004,9668405,3409555,3542836,3762494,3755222,9492746,9518595,1660587,1864133,9487780,9604166,2560613,2514347,2200808,2191963,10380868,10493084,1319182,1364395,4460577,4441430,2421585,2314358,2222753,2195316,10066043,10038225,10308733,10319913
tp0.9,4400456,4370839,1427353,1457069,4231312,4353189,853403,859802,3265079,3146718,8204172,8212903,2215886,2175365,522284,540485,9016008,9081483,8126373,7394466,4164181,4177201,9137308,9245863,9302606,9337214,2836404,2766985,2024558,1955705,778944,8716202,8727770,699952,785981,6007828,6065229,4493527,4482265,1795290,1991193,2691621,2707093,2578417,2536964,8363758,8200008,2821366,2772597,2831768,2824589,8212202,8178163,1092380,1301897,8137832,8228542,2286249,2212259,1716166,1696657,9309038,9332580,783283,835773,3247644,3221159,2062812,1949286,1818752,1781643,8890962,8770361,9122900,9139915
val_accuracy,0.954,0.96,0.923,0.919,0.917,0.917,0.867,0.869,0.947,0.946,0.96,0.961,0.939,0.93,0.893,0.892,0.97,0.971,0.96,0.956,0.909,0.909,0.971,0.972,0.972,0.974,0.907,0.906,0.91,0.909,0.911,0.965,0.966,0.877,0.877,0.937,0.937,0.967,0.963,0.879,0.862,0.926,0.926,0.899,0.879,0.961,0.963,0.929,0.93,0.89,0.925,0.956,0.952,0.854,0.846,0.905,0.913,0.965,0.966,0.889,0.914,0.962,0.96,0.894,0.897,0.922,0.891,0.946,0.957,0.943,0.95,0.945,0.943,0.848,0.93
val_auc,0.975,0.975,0.944,0.94,0.929,0.929,0.853,0.857,0.965,0.961,0.963,0.965,0.926,0.908,0.895,0.896,0.981,0.981,0.978,0.974,0.886,0.888,0.984,0.984,0.988,0.986,0.892,0.891,0.898,0.895,0.938,0.973,0.976,0.837,0.834,0.93,0.931,0.978,0.978,0.702,0.757,0.941,0.94,0.893,0.875,0.975,0.977,0.943,0.944,0.761,0.917,0.963,0.961,0.788,0.66,0.832,0.822,0.971,0.973,0.879,0.898,0.982,0.98,0.89,0.89,0.938,0.815,0.975,0.979,0.968,0.969,0.897,0.891,0.601,0.889
val_f1,0.278,0.278,0.281,0.281,0.277,0.277,0.277,0.278,0.277,0.277,0.277,0.277,0.281,0.281,0.282,0.28,0.277,0.276,0.277,0.277,0.277,0.278,0.277,0.277,0.277,0.276,0.277,0.277,0.278,0.278,0.281,0.277,0.277,0.281,0.281,0.277,0.277,0.277,0.277,0.281,0.281,0.277,0.277,0.277,0.277,0.278,0.277,0.277,0.277,0.277,0.277,0.277,0.278,0.281,0.281,0.277,0.277,0.281,0.281,0.281,0.281,0.278,0.278,0.281,0.281,0.277,0.277,0.281,0.281,0.28,0.282,0.277,0.277,0.277,0.277
val_fn0.1,58801,63016,42824,38578,255757,247658,195445,192182,71777,84740,203176,195078,116018,148416,79144,76095,97222,101856,96047,107724,470408,461607,82128,83707,56522,73316,290271,298120,195213,198710,40454,140418,119765,112904,120877,345786,335374,55107,48561,497669,229562,80593,83542,214706,236587,110857,105880,80840,84198,936046,160202,199226,198755,191558,650676,948504,1036264,40927,39622,149305,139469,78162,81964,79143,88705,146099,713639,25337,20797,24076,27231,598918,641301,2772921,677482
val_fn0.3,105175,119085,183106,207819,576066,576534,390046,402238,152801,177061,355624,333238,194216,233861,198957,195629,215456,197590,206828,238210,907062,910509,169575,165055,122749,160905,491540,501325,419818,426989,110754,273541,223911,357439,302883,584020,578231,109210,102581,551547,318852,280063,225254,549597,645527,262224,266947,237660,278889,1017068,383644,322579,327295,573350,716994,1278943,1305910,73114,64903,315760,278954,147951,166016,249859,320934,370714,865748,47563,48721,53341,77764,707992,728851,2909865,1109137
val_fn0.5,165491,179848,271268,303460,879337,909798,1009323,1020876,255648,304657,490905,466854,278783,331845,323853,310445,336082,307105,319304,358509,1264473,1226931,279269,252591,199483,241692,584373,592068,586731,597816,174671,401226,324647,482798,455839,780765,781691,172381,174777,587804,367318,470015,496106,750651,823730,379757,403009,459319,451312,1063299,536601,447749,457123,691263,742678,1498785,1531507,107722,98064,428038,382979,239688,262630,370459,438933,574961,973004,81662,92532,150995,143238,798693,823674,2961803,1263281
val_fn0.7,241109,254168,350128,376154,1370395,1392439,1269719,1262205,402309,471401,675015,644223,364677,414978,494213,468253,499301,480893,475445,550470,1630815,1601084,437930,394874,327250,361662,676526,688731,776713,803002,292140,594493,474822,614281,575330,1044271,1043384,248283,242551,620209,422172,654322,701033,936764,990305,541110,578292,655130,623946,1111691,714846,629281,634740,746450,759677,1735129,1758160,152330,144751,526699,478486,378931,401909,494950,536661,799323,1080615,129472,149067,226062,206397,918818,947914,2995252,1383291
val_fn0.9,399439,434819,462410,487827,2093152,2107649,1438097,1438826,669253,750792,1005553,966568,478674,521281,683743,660945,835216,801590,874278,1058485,2119629,2121532,758066,662735,584275,615748,812618,822452,1063006,1093296,555268,959888,791680,712895,690006,1552930,1557542,396393,403043,662301,533138,849175,857817,1179956,1233791,897201,1007215,822729,831118,1196827,983376,975146,973452,776401,776300,2107397,2131838,236734,229952,656423,602759,655314,683698,640082,647170,1258023,1250031,216789,241615,335957,328096,1152831,1190572,3040784,1549775
val_fp0.1,667398,599277,814346,921542,2952010,3061980,2570643,2571154,1031278,995427,1025869,1038079,124115,91025,1051472,1073315,945724,945030,1499658,1704115,3171427,3213844,984137,977202,1161016,874902,1740331,1677821,1824133,1833227,911039,1215092,1254723,1466947,1413218,2045853,2173312,536072,725110,33472,1434737,1980065,1926898,1359972,1522314,1752065,1631119,1879394,1814010,57998,1758539,1174411,1352463,1138560,92391,1315323,1192597,224942,212177,571745,466530,1184999,1155376,1094732,1023353,685915,272941,479153,464910,668094,631786,1035226,953292,21014,641312
val_fp0.3,436438,362746,236435,266613,1345812,1332765,1372457,1293496,526781,489614,499199,505146,45082,35187,432925,439675,430038,468001,765251,836827,1155455,1119387,507579,498042,572225,425041,542964,529714,609092,609078,434245,511507,582622,345263,498780,815796,824555,266651,353833,16537,550141,738627,970121,495095,581527,708359,634810,853991,649517,32377,427127,658622,758236,131684,30008,588112,393416,114120,123004,216271,121818,759029,746206,390924,212403,337159,173655,300335,226310,394175,258940,486206,514916,5018,211043
val_fp0.5,281099,216181,108699,96907,744198,711855,290965,259659,267029,223657,290176,287766,19316,13656,196375,213573,246164,258561,471384,510817,511771,539574,285481,296366,331101,264251,324514,326548,292915,291862,258158,283172,352144,123555,150788,450657,449934,150868,193567,9308,310402,255104,233962,240650,362377,378805,316183,240472,232758,20857,197863,407978,479177,25140,15041,361396,171307,62861,69948,115353,38204,500080,519421,150182,67104,191159,98327,183705,120744,127176,102293,291642,297805,1855,99163
val_fp0.7,178954,124364,46533,33215,306263,288338,78913,77922,106162,80621,150115,150680,7382,5097,65397,73824,129253,115313,259908,267736,201595,210924,143031,144069,162033,139174,196156,198168,116302,110896,122534,130133,185761,35232,42760,220753,224462,77751,119720,4739,157481,74890,57739,101224,190173,175903,157796,67231,72636,11666,78968,226657,275274,4872,7671,214613,71453,32510,34089,57152,9834,313273,354941,36567,20334,96666,50783,111289,58917,56274,43811,163703,157679,862,37968
val_fp0.9,74423,35112,7876,5550,67844,59070,14119,14231,18236,10930,46809,51322,1566,883,10499,12510,39618,30578,74951,78773,41476,39592,39531,41525,45238,37505,83714,89613,19074,18181,21836,36402,57559,5426,5410,50267,55121,22796,41420,1421,33484,13322,10678,23162,50799,50386,40310,12201,11286,3360,15396,81551,101093,599,2686,81188,14737,9117,8889,6698,1823,150579,190678,3084,2962,19612,16001,39451,18698,14590,10076,58860,50824,141,14107
val_loss,0.267,0.251,0.5,0.525,0.546,0.547,0.871,0.864,0.347,0.364,0.305,0.295,0.486,0.589,0.718,0.714,0.199,0.198,0.25,0.283,0.735,0.731,0.187,0.184,0.178,0.169,1.152,1.157,0.704,0.713,0.53,0.26,0.243,0.949,0.952,0.518,0.52,0.222,0.25,1.686,1.43,0.525,0.523,0.689,0.768,0.28,0.265,0.507,0.503,1.05,0.855,0.318,0.34,1.345,1.525,0.962,1.021,0.249,0.239,0.759,0.675,0.221,0.232,0.721,0.734,0.461,0.995,0.312,0.28,0.369,0.355,0.652,0.707,2.823,0.692
val_precision0.1,0.695,0.717,0.483,0.454,0.496,0.487,0.349,0.351,0.593,0.599,0.742,0.74,0.847,0.878,0.406,0.4,0.764,0.763,0.672,0.642,0.456,0.454,0.758,0.759,0.724,0.775,0.423,0.43,0.43,0.428,0.454,0.713,0.708,0.32,0.326,0.579,0.565,0.74,0.679,0.901,0.286,0.43,0.437,0.501,0.469,0.634,0.65,0.443,0.451,0.918,0.447,0.714,0.685,0.35,0.624,0.627,0.641,0.772,0.782,0.534,0.587,0.721,0.726,0.398,0.411,0.677,0.761,0.619,0.627,0.535,0.551,0.712,0.726,0.944,0.792
val_precision0.3,0.772,0.801,0.724,0.691,0.658,0.66,0.463,0.477,0.73,0.74,0.848,0.848,0.931,0.942,0.58,0.576,0.872,0.863,0.794,0.778,0.658,0.665,0.855,0.858,0.839,0.873,0.665,0.667,0.655,0.652,0.613,0.85,0.835,0.564,0.501,0.76,0.758,0.847,0.807,0.938,0.469,0.637,0.582,0.675,0.616,0.803,0.819,0.611,0.666,0.946,0.737,0.81,0.788,0.636,0.743,0.762,0.825,0.865,0.857,0.693,0.812,0.798,0.799,0.586,0.695,0.782,0.805,0.716,0.769,0.653,0.736,0.835,0.825,0.978,0.905
val_precision0.5,0.834,0.866,0.83,0.838,0.754,0.76,0.66,0.683,0.832,0.85,0.902,0.903,0.965,0.972,0.707,0.693,0.92,0.916,0.858,0.846,0.784,0.78,0.91,0.908,0.898,0.915,0.752,0.749,0.771,0.769,0.707,0.907,0.89,0.722,0.698,0.841,0.841,0.903,0.879,0.959,0.584,0.812,0.822,0.775,0.676,0.88,0.896,0.823,0.828,0.961,0.841,0.868,0.849,0.817,0.803,0.822,0.905,0.917,0.91,0.765,0.917,0.853,0.847,0.743,0.845,0.841,0.861,0.797,0.855,0.835,0.865,0.89,0.887,0.989,0.949
val_precision0.7,0.882,0.914,0.907,0.928,0.854,0.86,0.794,0.803,0.917,0.932,0.943,0.943,0.983,0.987,0.823,0.814,0.954,0.958,0.912,0.907,0.881,0.879,0.95,0.951,0.945,0.951,0.82,0.816,0.873,0.873,0.805,0.952,0.935,0.843,0.842,0.906,0.904,0.945,0.918,0.975,0.708,0.925,0.938,0.864,0.756,0.937,0.942,0.932,0.929,0.976,0.917,0.917,0.901,0.922,0.852,0.869,0.952,0.952,0.951,0.829,0.971,0.898,0.885,0.894,0.929,0.89,0.908,0.858,0.917,0.91,0.931,0.932,0.934,0.994,0.979
val_precision0.9,0.941,0.97,0.977,0.983,0.94,0.947,0.906,0.908,0.98,0.987,0.979,0.977,0.995,0.997,0.916,0.913,0.983,0.987,0.968,0.964,0.96,0.962,0.984,0.984,0.982,0.985,0.9,0.892,0.964,0.963,0.917,0.984,0.976,0.944,0.955,0.97,0.967,0.981,0.966,0.99,0.89,0.982,0.985,0.945,0.872,0.978,0.981,0.984,0.985,0.991,0.975,0.964,0.955,0.979,0.911,0.929,0.986,0.984,0.985,0.957,0.991,0.943,0.928,0.982,0.981,0.943,0.954,0.937,0.968,0.969,0.979,0.972,0.975,0.998,0.991
val_recall0.1,0.963,0.96,0.947,0.952,0.919,0.922,0.876,0.878,0.954,0.946,0.936,0.938,0.856,0.815,0.901,0.904,0.969,0.968,0.97,0.966,0.85,0.853,0.974,0.974,0.982,0.976,0.815,0.809,0.876,0.873,0.949,0.956,0.962,0.86,0.85,0.891,0.894,0.965,0.969,0.381,0.714,0.949,0.947,0.864,0.85,0.965,0.966,0.949,0.947,0.409,0.899,0.936,0.937,0.762,0.191,0.7,0.672,0.949,0.951,0.814,0.827,0.975,0.974,0.902,0.89,0.908,0.549,0.968,0.974,0.97,0.966,0.811,0.797,0.114,0.783
val_recall0.3,0.933,0.925,0.772,0.741,0.818,0.818,0.752,0.745,0.903,0.887,0.887,0.894,0.758,0.709,0.751,0.753,0.932,0.937,0.935,0.925,0.71,0.71,0.946,0.948,0.96,0.948,0.686,0.68,0.733,0.728,0.861,0.914,0.929,0.555,0.623,0.815,0.817,0.931,0.935,0.314,0.603,0.822,0.857,0.652,0.591,0.917,0.915,0.849,0.823,0.357,0.758,0.897,0.896,0.287,0.108,0.596,0.587,0.909,0.919,0.607,0.653,0.953,0.947,0.689,0.601,0.766,0.453,0.941,0.939,0.933,0.903,0.776,0.77,0.07,0.645
val_recall0.5,0.895,0.886,0.663,0.622,0.722,0.712,0.359,0.354,0.838,0.806,0.844,0.852,0.653,0.587,0.594,0.608,0.893,0.902,0.899,0.887,0.595,0.609,0.912,0.92,0.936,0.922,0.627,0.622,0.627,0.619,0.781,0.873,0.897,0.399,0.433,0.753,0.753,0.891,0.89,0.269,0.543,0.701,0.686,0.525,0.478,0.879,0.871,0.709,0.713,0.328,0.661,0.857,0.855,0.14,0.076,0.526,0.516,0.866,0.878,0.468,0.524,0.924,0.916,0.539,0.454,0.637,0.385,0.898,0.885,0.81,0.821,0.747,0.74,0.053,0.596
val_recall0.7,0.847,0.839,0.564,0.532,0.566,0.559,0.193,0.201,0.745,0.7,0.786,0.796,0.546,0.484,0.381,0.409,0.842,0.847,0.85,0.826,0.478,0.489,0.862,0.875,0.895,0.883,0.568,0.56,0.506,0.488,0.634,0.812,0.85,0.236,0.284,0.67,0.67,0.843,0.847,0.228,0.475,0.584,0.556,0.407,0.373,0.828,0.815,0.585,0.604,0.298,0.548,0.799,0.798,0.071,0.055,0.451,0.444,0.81,0.819,0.345,0.405,0.879,0.872,0.384,0.332,0.495,0.317,0.839,0.815,0.715,0.742,0.709,0.7,0.043,0.558
val_recall0.9,0.747,0.725,0.425,0.393,0.338,0.333,0.087,0.089,0.575,0.522,0.681,0.694,0.405,0.352,0.143,0.166,0.735,0.745,0.724,0.665,0.322,0.324,0.76,0.79,0.812,0.8,0.482,0.474,0.325,0.303,0.303,0.697,0.75,0.113,0.142,0.509,0.508,0.75,0.745,0.176,0.337,0.461,0.457,0.253,0.219,0.715,0.678,0.478,0.472,0.244,0.379,0.688,0.69,0.034,0.034,0.334,0.326,0.705,0.713,0.183,0.25,0.791,0.782,0.204,0.195,0.205,0.21,0.73,0.699,0.577,0.59,0.636,0.624,0.028,0.504
val_tn0.1,7549621,7618096,3296997,3189801,13532008,13422244,5652664,5646777,7190023,7230051,15418231,15400392,3987228,4020318,3016799,3000696,15495787,15512660,14998288,14793831,13166760,13114138,15513809,15520744,15004271,15312450,6432641,6497742,6334091,6330308,3166007,15282854,15243223,2644396,2698125,14452093,14324634,7711723,7522685,4077871,2676606,6251483,6300383,6866778,6704156,14598234,14733995,6349671,6416733,8189797,6489256,15194036,15002178,2972783,4018952,15182623,15305349,3875207,3888952,3539598,3644813,15140869,15169274,3016611,3087990,7561880,7974854,3632190,3646433,3412381,3441306,15462720,15544654,16314752,15696245
val_tn0.3,7780581,7854627,3874908,3844730,15138206,15151459,6850850,6924435,7694520,7735864,15944901,15933325,4066261,4076156,3635346,3634336,16011473,15989689,15732695,15661119,15182732,15208595,15990367,15999904,15593062,15762311,7630008,7645849,7549132,7554457,3642801,15986439,15915324,3766080,3612563,15682150,15673391,7981144,7893962,4094806,3561202,7492921,7257160,7731655,7644943,15641940,15730304,7375074,7581226,8215418,7820668,15709825,15596405,3979659,4081335,15909834,16104530,3986029,3978125,3895072,3989525,15566839,15578444,3720419,3898940,7910636,8074140,3811008,3885033,3686300,3814152,16011740,15983030,16330748,16126514
val_tn0.5,7935920,8001192,4002644,4014436,15739820,15772369,7932342,7958272,7954272,8001821,16153924,16150705,4092027,4097687,3871896,3860438,16195347,16199129,16026562,15987129,15826416,15788408,16212465,16201580,15834186,15923101,7848458,7849015,7865309,7871673,3818888,16214774,16145802,3987788,3960555,16047289,16048012,8096927,8054228,4102035,3800941,7976444,7993319,7986100,7864093,15971494,16048931,7988593,7997985,8226938,8049932,15960469,15875464,4086203,4096302,16136550,16326639,4037288,4031181,3995990,4073139,15825788,15805229,3961161,4044239,8056636,8149468,3927638,3990599,3953299,3970799,16206304,16200141,16333911,16238394
val_tn0.7,8038065,8093009,4064810,4078128,16177755,16195886,8144394,8140009,8115139,8144857,16293985,16287791,4103961,4106246,4002874,4000187,16312258,16342377,16238038,16230210,16136592,16117058,16354915,16353877,16003254,16048178,7976816,7977395,8041922,8052639,3954512,16367813,16312185,4076111,4068583,16277193,16273484,8170044,8128075,4106604,3953862,8156658,8169542,8125526,8036297,16174396,16207318,8161834,8158107,8236129,8168827,16141790,16079367,4106471,4103672,16283333,16426493,4067639,4067040,4054191,4101509,16012595,15969709,4074776,4091009,8151129,8197012,4000054,4052426,4024201,4029281,16334243,16340267,16334904,16299589
val_tn0.9,8142596,8182261,4103467,4105793,16416174,16425154,8209188,8203700,8203065,8214548,16397291,16387149,4109777,4110460,4057772,4061501,16401893,16427112,16422995,16419173,16296711,16288390,16458415,16456421,16120049,16149847,8089258,8085950,8139150,8145354,4055210,16461544,16440387,4105917,4105933,16447679,16442825,8224999,8206375,4109922,4077859,8218226,8216603,8203588,8175671,16299913,16324804,8216864,8219457,8244435,8232399,16286896,16253548,4110744,4108657,16416758,16483209,4091032,4092240,4104645,4109520,16175289,16133972,4108259,4108381,8228183,8231794,4071892,4092645,4065885,4063016,16439086,16447122,16335625,16323450
val_tp0.1,1521812,1517243,761033,765279,2904641,2912534,1378880,1387519,1504554,1487414,2947988,2961715,687839,655441,718633,715942,3056531,3035718,3066807,3055130,2655597,2674603,3080726,3079147,3045775,3006916,1277045,1266605,1378659,1369851,756740,3022436,3043089,690953,682980,2817068,2827480,1527498,1534044,306188,574295,1493683,1495001,1364368,1342767,3035804,3025966,1495919,1490883,646559,1422403,2929287,2943564,612299,153181,2214350,2126590,761836,762161,654552,664388,3060162,3057578,724714,715152,1436506,868966,778520,783060,769689,773917,2563936,2521553,355505,2449153
val_tp0.3,1475438,1461174,620751,596038,2584332,2583658,1184279,1177463,1423530,1395093,2795540,2823555,609641,569996,598820,596408,2938297,2939984,2956026,2924644,2218943,2225701,2993279,2997799,2979548,2919327,1075776,1063400,1154054,1141572,686440,2889313,2938943,446418,500974,2578834,2584623,1473395,1480024,252310,485005,1294213,1353289,1029477,933827,2884437,2864899,1339099,1296192,565537,1198961,2805934,2815024,230507,86863,1883911,1856944,729649,736880,488097,524903,2990373,2973526,553998,482923,1211891,716857,756294,755136,740424,723384,2454862,2434003,218561,2017498
val_tp0.5,1415122,1400411,532589,500397,2281061,2250394,565002,558825,1320683,1267497,2660259,2689939,525074,472012,473924,481592,2817671,2830469,2843550,2804345,1861532,1909279,2883585,2910263,2902814,2838540,982943,972657,987141,970745,622523,2761628,2838207,321059,348018,2382089,2381163,1410224,1407828,216053,436539,1104261,1082437,828423,755624,2766904,2728837,1117440,1123769,519306,1046004,2680764,2685196,112594,61179,1664069,1631347,695041,703719,375819,420878,2898636,2876912,433398,364924,1007644,609601,722195,711325,642770,657910,2364161,2339180,166623,1863354
val_tp0.7,1339504,1326091,453729,427703,1790003,1767753,304606,317496,1174022,1100753,2476149,2512570,439180,388879,303564,323784,2654452,2656681,2687409,2612384,1495190,1535126,2724924,2767980,2775047,2718570,890790,875994,797159,765559,505054,2568361,2688032,189576,228527,2118583,2119470,1334322,1340054,183648,381685,919954,877510,642310,589049,2605551,2553554,921629,951135,470914,867759,2499232,2507579,57407,44180,1427725,1404694,650433,657032,277158,325371,2759393,2737633,308907,267196,783282,501990,674385,654790,567703,594751,2244036,2214940,133174,1743344
val_tp0.9,1181174,1145440,341447,316030,1067246,1052543,136228,140875,907078,821362,2145611,2190225,325183,282576,114034,131092,2318537,2335984,2288576,2104369,1006376,1014678,2404788,2500119,2518022,2464484,754698,742273,510866,475265,241926,2202966,2371174,90962,113851,1609924,1605312,1186212,1179562,141556,270719,725101,720726,399118,345563,2249460,2124631,754030,743963,385778,599229,2153367,2168867,27456,27557,1055457,1031016,566029,571831,147434,201098,2483010,2455844,163775,156687,324582,332574,587068,562242,457808,473052,2010023,1972282,87642,1576860
