Time (ms),dirty,dirty fitted model: ,0cd20,0cd20 fitted model: ,19e3e,19e3e fitted model: ,34a6d,34a6d fitted model: ,484af,484af fitted model: ,714af,714af fitted model: ,34766,34766 fitted model: ,c1204,c1204 fitted model: ,fe81d,fe81d fitted model: ,ff67b,ff67b fitted model: ,
1e-06,-1.0, ,-1.0, ,-1.0, ,-1.0, ,-1.0, ,-1.0, ,-1.0, ,-1.0, ,-1.0, ,-1.0, ,
2e-06,-1.0, ,-1.0, ,-1.0, ,-1.0, ,-1.0, ,-1.0, ,-1.0, ,-1.0, ,-1.0, ,-1.0, ,
3e-06,-1.0, ,-1.0, ,-1.0, ,-1.0, ,-1.0, ,-1.0, ,-1.0, ,-1.0, ,-1.0, ,-1.0, ,
4e-06,-1.0, ,-1.0, ,-1.0, ,-1.0, ,-1.0, ,-1.0, ,-1.0, ,-1.0, ,-1.0, ,-1.0, ,
5e-06,-1.0, ,-1.0, ,-1.0, ,-1.0, ,-1.0, ,-1.0, ,-1.0, ,-1.0, ,-1.0, ,-1.0, ,
6e-06,-1.0, ,-1.0, ,-1.0, ,-1.0, ,-1.0, ,-1.0, ,-1.0, ,-1.0, ,-1.0, ,-1.0, ,
8e-06,-1.0, ,-1.0, ,-1.0, ,-1.0, ,-1.0, ,-1.0, ,-1.0, ,-1.0, ,-1.0, ,-1.0, ,
1e-05,-1.0, ,-1.0, ,-1.0, ,-1.0, ,-1.0, ,-1.0, ,-1.0, ,-1.0, ,-1.0, ,-1.0, ,
1.2e-05,-1.0, ,-1.0, ,-1.0, ,-1.0, ,-1.0, ,-1.0, ,-1.0, ,-1.0, ,-1.0, ,-1.0, ,
1.4e-05,-1.0, ,-1.0, ,-1.0, ,-1.0, ,-1.0, ,-1.0, ,-1.0, ,-1.0, ,-1.0, ,-1.0, ,
1.6e-05,-1.0, ,-1.0, ,-1.0, ,-1.0, ,-1.0, ,-1.0, ,-1.0, ,-1.0, ,-1.0, ,-1.0, ,
1.8e-05,-1.0, ,-1.0, ,-1.0, ,-1.0, ,-1.0, ,-1.0, ,-1.0, ,-1.0, ,-1.0, ,-1.0, ,
2.2e-05,-1.0, ,-1.0, ,-1.0, ,-1.0, ,-1.0, ,-1.0, ,-1.0, ,-1.0, ,-1.0, ,-1.0, ,
2.6e-05,-1.0, ,-1.0, ,-1.0, ,-1.0, ,-1.0, ,-1.0, ,-1.0, ,-1.0, ,-1.0, ,-1.0, ,
3e-05,-1.0, ,-1.0, ,-1.0, ,-1.0, ,-1.0, ,-1.0, ,-1.0, ,-1.0, ,-1.0, ,-1.0, ,
3.4e-05,-1.0, ,-1.0, ,-1.0, ,-1.0, ,-1.0, ,-1.0, ,-1.0, ,-1.0, ,-1.0, ,-1.0, ,
3.8e-05,-1.0, ,-1.0, ,-1.0, ,-1.0, ,-1.0, ,-1.0, ,-1.0, ,-1.0, ,-1.0, ,-1.0, ,
4.2e-05,-1.0, ,-1.0, ,-1.0, ,-1.0, ,-1.0, ,-1.0, ,-1.0, ,-1.0, ,-1.0, ,-1.0, ,
5e-05,-1.0, ,-1.0, ,-1.0, ,-1.0, ,-1.0, ,-1.0, ,-1.0, ,-1.0, ,-1.0, ,-1.0, ,
5.8e-05,-1.0, ,-1.0, ,-1.0, ,-1.0, ,-1.0, ,-1.0, ,-1.0, ,-1.0, ,-1.0, ,-1.0, ,
6.6e-05,-1.0, ,-1.0, ,-1.0, ,-1.0, ,-1.0, ,-1.0, ,-1.0, ,-1.0, ,-1.0, ,-1.0, ,
7.4e-05,6.701752921914162, ,7.096851449673772, ,8.446126966616028, ,8.819734916651894, ,8.300775190327725, ,8.048381310001288, ,9.058888309894009, ,9.227885034735248, ,7.959035562565971, ,7.523929134722476, ,
8.2e-05,3.635595852384011, ,3.8772955541993483, ,4.644403539384557, ,4.917422511221206, ,4.579286640252467, ,4.4382900647631, ,5.041236503526791, ,5.09701432535611, ,4.376196574215831, ,4.138108269873458, ,
9e-05,-1.0, ,-1.0, ,-1.0, ,-1.0, ,-1.0, ,-1.0, ,-1.0, ,-1.0, ,-0.9996991535261486, ,-1.0, ,
0.000106,2.8863007991872958, ,2.8710820516622024, ,3.054801726903257, ,3.0544326278014813, ,3.018366635912002, ,2.893615648902695, ,3.138135610481338, ,3.1814750464270736, ,2.9568173179551915, ,2.8242873156694084, ,
0.000122,4.9854626002986135, ,4.873052282105774, ,4.8910540189107055, ,4.817372055986407, ,4.852326816638405, ,4.682005596340423, ,4.955414108825955, ,4.954897326335215, ,4.841825925332072, ,4.6796182996832725, ,
0.000138,2.648831509156167, ,2.5055892756430436, ,2.2860341615716155, ,2.1385667960176815, ,2.2687318796846583, ,2.165501446791416, ,2.2219439883014913, ,2.1743937749262017, ,2.3114345024137317, ,2.264935145573375, ,
0.000154,1.5047905096187635, ,1.4009955896959754, ,1.252187401666614, ,1.1332468376948541, ,1.251748766882627, ,1.1872637385655573, ,1.1770054668926198, ,1.1687701779978474, ,1.253544011058971, ,1.2374142175824614, ,
0.00017,3.687941223661952, ,3.41486549794274, ,2.9544189436840145, ,2.7000964550119266, ,2.9680448800716914, ,2.8479782834993688, ,2.818474182728472, ,2.7360453502329367, ,3.0529069127924813, ,3.0509034682750036, ,
0.000186,1.2853244103968788, ,1.1233956146599289, ,0.7986446654609924, ,0.6433771929522443, ,0.8238388245209651, ,0.7649191576701797, ,0.6492177522370783, ,0.6154112838106996, ,0.8702417729381181, ,0.8983232056908625, ,
0.000218,2.054431504093931, ,1.8176983547069356, ,1.3512324837252399, ,1.1262511597942013, ,1.3745924707303494, ,1.304085682265645, ,1.1595617579851605, ,1.06856548830423, ,1.4512864558651206, ,1.4912779011445474, ,
0.00025,1.552594387131201, ,1.3341237127255137, ,0.8857085247729312, ,0.6737226487603624, ,0.8968958851705113, ,0.8646396859063412, ,0.6991623495060815, ,0.616498272868534, ,0.9855160228211032, ,1.0396391674940788, ,
0.000282,1.4159494242890036, ,1.1970346777050909, ,0.7316278771533202, ,0.5259564488225528, ,0.7606395168324369, ,0.7230899246180827, ,0.5448353600938132, ,0.46927701366937985, ,0.8397761161765993, ,0.8935549903820882, ,
0.000314,1.467049426245581, ,1.2358621033160064, ,0.73950664078447, ,0.5211080853067422, ,0.7621407700304411, ,0.7299045247258213, ,0.550515174423705, ,0.4594616711765208, ,0.85143014235605, ,0.9201005541767493, ,
0.000346,1.6254937819974695, ,1.3778171905552694, ,0.8323281496033331, ,0.5697552638019922, ,0.8592272763914384, ,0.8062692143056899, ,0.5857910393712114, ,0.49354413085836196, ,0.9581839014418758, ,1.0231527700116172, ,
0.000378,1.253382881807207, ,1.037315222540077, ,0.5392286724582794, ,0.3361998164355584, ,0.5669894941410961, ,0.5347835103925803, ,0.35940765923575096, ,0.2766251947381016, ,0.6575933233704102, ,0.7201839437697543, ,
0.000442,1.4074400997861163, ,1.1620000840216447, ,0.6258679739348183, ,0.3724641311668879, ,0.6468094040510256, ,0.6131910770560337, ,0.39680600685261397, ,0.3032176622905419, ,0.7503982648176504, ,0.8246235136626193, ,
0.000506,1.2600709376314423, ,1.0301006574131717, ,0.5090866977093322, ,0.27451115438460566, ,0.5460916708049244, ,0.501038715831271, ,0.28970811631281934, ,0.20855628541580165, ,0.6368450325370503, ,0.7037789314267651, ,
0.00057,1.3759802570825048, ,1.1283350852123475, ,0.585117106685151, ,0.34329893426329966, ,0.6250306936396043, ,0.5831332073380786, ,0.3521891637538042, ,0.2652539498303074, ,0.717427262570329, ,0.7937593087113358, ,
0.000634,1.2382991609571516, ,0.9989185588978254, ,0.4780565402993171, ,0.2478383737351307, ,0.5063368272114688, ,0.4747524615937657, ,0.25848201795741077, ,0.17421307868470592, ,0.6071549806729627, ,0.6814176476409843, ,
0.000698,1.314380694412484, ,1.0689890908801536, ,0.5397433598411951, ,0.30262022204958655, ,0.571697615774201, ,0.529177965000366, ,0.31252196599214227, ,0.22032300352786105, ,0.6667872436872135, ,0.7387541743267015, ,
0.000762,1.2610818943474476, ,1.0191780607261476, ,0.4948867224021997, ,0.267753134465082, ,0.527941427188991, ,0.49262425415923805, ,0.2872618712130669, ,0.20566159312941648, ,0.6270418431623319, ,0.6975842243886687, ,
0.00089,1.253787635523865, ,1.0162617439062631, ,0.49421019093861, ,0.25365668859282414, ,0.5185831331189591, ,0.4843596619922986, ,0.26859079053327245, ,0.19316665462196178, ,0.6179340621737593, ,0.6880843852187473, ,
0.001018,1.2541390815973896,1.204484007772808,1.0148949885962255,0.9638014959995822,0.49193465275922144,0.45383016081789684,0.2576660506764015,0.23448842752040647,0.518485271877481,0.4849652499749016,0.4864465358149701,0.4562432306071637,0.25861246478910593,0.24519260136510018,0.1748583545643625,0.1584868692487189,0.6209720965548329,0.5820177192424926,0.6903994636015065,0.6507078135943765,
0.001146,1.2336443802528625,1.2033607597099585,0.9999451433014045,0.9628014215886652,0.46407575880496316,0.4531611260195801,0.25074223889986946,0.23395835231332798,0.5057953345915442,0.484274667889981,0.4747907825603904,0.4555182544981801,0.26237247998118257,0.24467182801212906,0.17732857377181382,0.15807499336789446,0.600224032093098,0.5812623784208587,0.6740527996268706,0.6498474179471094,
0.001274,1.2382341464681805,1.2022407076862773,0.9912397928696401,0.9618041066491361,0.469841378388286,0.4524941733870743,0.2474221018347315,0.2334299960869329,0.49827945466741047,0.4835862091720538,0.4670274481397132,0.4547955975661489,0.25746230200731285,0.24415274897788533,0.1611713795555015,0.15766443863013874,0.6045957186568419,0.5805092686576722,0.6714181954260708,0.6489896126397883,
0.001402,1.2181412207100575,1.2011238408954545,0.9868107122601035,0.9608095416192481,0.4632972756988545,0.45182929520486403,0.24070273530960323,0.2329033532080087,0.49376334721598125,0.4828998660067772,0.46552457715466206,0.4540752516027268,0.2498759368821624,0.2436353586471014,0.17189354139224117,0.15725520079187924,0.5908311607298281,0.5797583818299086,0.6621806108140746,0.6481343883689542,
0.00153,1.2237951122792134,1.200010148568801,0.9814009051946585,0.9598177169724398,0.46920358262733763,0.4511664837879451,0.23636709239874368,0.23237841806182347,0.4981325286274042,0.48221563061049566,0.46309077909028834,0.45335720842942834,0.2431139333106514,0.24311965142316533,0.16211506463096947,0.15684727562317444,0.5916605967775729,0.5790097098463953,0.6598902293257557,0.6472817358664518,
0.001786,1.212460757961367,1.1977922444205547,0.9774415877379006,0.9578422508969274,0.45226325726665273,0.449847030661767,0.23591477100292813,0.23133364860078132,0.48759926262057013,0.4808534521429768,0.46087514330683244,0.45192799788788823,0.24336103710114015,0.24209326400229558,0.15375789098151602,0.1560353464425561,0.5852269753840624,0.577518978205896,0.6515602138196436,0.6455841092694984,
0.002042,1.2046536126636223,1.1955869098394158,0.9633200888774439,0.9558776329087126,0.4597882653210887,0.448535753133955,0.23389365154703162,0.2302956431532616,0.4870258531330346,0.4794996121092214,0.4534784192190743,0.45050790110661676,0.24646543699766474,0.24107354231314168,0.16208321334937748,0.1552286175197141,0.5855171016438593,0.5760370096388442,0.6517844746084677,0.6438966594044737,
0.002298,1.199796680212029,1.193394060016765,0.9629080746507016,0.9539237880483583,0.44978180986473426,0.4472325908100797,0.22963300270982448,0.22926435746054585,0.4815994952714636,0.4781540493319361,0.44658406937467066,0.4490968537213972,0.24322963356818236,0.24006044224810882,0.16192360352777582,0.15442705550138874,0.5786744357551935,0.5745637405491923,0.646918827231827,0.6422193133829436,
0.002554,1.192418649796912,1.1912136107333113,0.9575745695215926,0.9519806419066812,0.44527789678676644,0.44593748377189946,0.22795786175579702,0.22823974755382945,0.47642754876327337,0.47681670311285396,0.45265943010027,0.447694791835231,0.23678947692568272,0.23905391999218586,0.1438781055486795,0.15363062724824986,0.5756028265013224,0.5730991078380616,0.6448749013690912,0.6405519988681371,
0.00281,1.1828762089841427,1.189045478354954,0.9438127110967611,0.9500481206205864,0.43983248417276966,0.44465037257342815,0.22222776361447727,0.22722176975232067,0.47092359547512275,0.4754875132288089,0.44263955268921473,0.44630165201488353,0.23299204868185572,0.23805393202100095,0.14913485999883133,0.15283929983352387,0.5712416741495617,0.5716430488996603,0.6326947670079272,0.638894644070625,
0.003066,1.1840032323776488,1.1868895798286658,0.9494312324061379,0.948126150868937,0.4431198513419496,0.44337119823703597,0.2227553742580831,0.2262103806613532,0.4737483257044332,0.4741664199278475,0.4432169976363517,0.4449173712874589,0.23722268617322073,0.23706043509889055,0.14630101107144639,0.15205304054163105,0.5718181872076475,0.5701955016172391,0.6395440053089716,0.6372471777440312,
0.003578,1.177055127751678,1.1826141550010982,0.94087212508212,0.9443135753696461,0.43565875091019385,0.4408364265585952,0.2170519181830701,0.22420719645176232,0.4690875879899194,0.4715482864003141,0.4383840367037633,0.442175137501103,0.22894161066319488,0.23509274289128826,0.15264272562039066,0.1504955965118742,0.564431029015266,0.567325695974522,0.6294120526345534,0.6339816282078853,
0.00409,1.1671165685151474,1.1783866832934602,0.9272681540587182,0.940542339523865,0.42948737087784206,0.43833270613662567,0.215411486070592,0.22222985341926857,0.4604392400388298,0.46896183379313305,0.4312153631933522,0.43946759577115896,0.22706234370123654,0.23315050318567743,0.14638138387777003,0.1489580376069525,0.5528664304261106,0.564489203605219,0.6241800418629049,0.6307547909890389,
0.004602,1.1623393289610258,1.1742065207874632,0.9264777845088034,0.9368118758588798,0.42717493138903323,0.4358595816209607,0.21157410853456923,0.2202780145173265,0.46093915052284457,0.4664066006651563,0.42437730526147444,0.43679425854301834,0.22542182574522773,0.23123338029626045,0.1428051609448453,0.1474401095681381,0.556326990837929,0.5616855447761981,0.6170181246836679,0.6275661152370939,
0.005114,1.1578688302978137,1.1700730324771258,0.9222615791352445,0.9331216251875343,0.4303825794335156,0.43341660479226374,0.20966353318462702,0.21835134710036683,0.45567689828554364,0.46388213275246765,0.4238634561913934,0.4341546453072712,0.22287169898093265,0.22934104297558142,0.1394372813162349,0.14594156138788983,0.5516218107826454,0.5589142472024295,0.6166835782077167,0.6244150583907179,
0.005626,1.1484352307075676,1.165985592144,0.9124385061157747,0.9294710364835135,0.4196490088589529,0.43100333444511835,0.20599786411614554,0.2164495228662907,0.4525237850073252,0.4613879828516628,0.4232175579414574,0.431548282496084,0.21555776762599496,0.2274731643557543,0.13420248796262604,0.14446214526827897,0.545835601775814,0.5561748459256353,0.6062639685834265,0.6213010860485564,
0.006138,1.1451444612536124,1.1619435822341715,0.9143093048947942,0.9258595667585573,0.4176669930706743,0.42861933627312465,0.20412959186713206,0.21457221779971675,0.44885958224479644,0.45892371070511173,0.417872585283018,0.4289747033811284,0.21458067053741003,0.2256294218904707,0.1367958033741831,0.14300161657994762,0.5444960656305986,0.5534668831950095,0.6066148777236031,0.6182236718422254,
0.007162,1.1374031953597994,1.1539934260655058,0.902025546045479,0.9187518517595739,0.41714383933235516,0.4239374530484072,0.2019872704813333,0.2108898902058007,0.44287851758617997,0.4540830726983055,0.41478411820613376,0.42392406292236723,0.21787317854365096,0.22201307650360533,0.1367320846131386,0.14013625857995737,0.5367016271369157,0.548143477704918,0.6008013893720936,0.6121764517805766,
0.008186,1.1277485848855542,1.1462177922648578,0.8942936421382605,0.9117942924980608,0.4064465614228629,0.419367614403847,0.19628150847141032,0.20730185581971786,0.4361122803832912,0.4493568313480797,0.4066505322026695,0.41899912311123133,0.2050588071253098,0.21848951072046702,0.12699354369688054,0.13734359219770467,0.5284972309575212,0.5429405084694061,0.592632877475029,0.6062693432193128,
0.00921,1.1222521596855015,1.138612040173264,0.8881876356376078,0.9049828223446822,0.40627377881591126,0.41490658297984817,0.19507314763565456,0.20380567122065119,0.4358440358824221,0.44474170338036406,0.4073957875335726,0.4141963862796871,0.20881097076858146,0.21505629400751883,0.12827064260913534,0.13462177040029613,0.527095597218317,0.537854561246007,0.5864790685219604,0.6004984119075907,
0.010234,1.1115069392923453,1.131171656538558,0.8798872840014293,0.8983134921254785,0.40049165596060043,0.4105512214268945,0.1886532351338014,0.2003989563763951,0.4280165964501979,0.44023450628815636,0.39669347059389287,0.4095124549044855,0.2022037206393745,0.21171105966762802,0.12464858401318644,0.13196899308843438,0.518477570453064,0.5328823263386012,0.5810347842142833,0.5948598406115205,
0.011258,1.1060114050202459,1.1238922519768955,0.8722734018411192,0.891782466624321,0.39433478486327894,0.40629848917407063,0.18891968762644584,0.19707939299777363,0.4231045664650395,0.43583215510066736,0.3951280292250197,0.4049440286893892,0.2044961581732388,0.20845150316092192,0.12193525815681795,0.1293835059037895,0.5134967279051097,0.528020595240277,0.5756340134536392,0.589349925513726,
0.012282,1.0968633541475505,1.1167695575334227,0.8637700065680792,0.8853860211921707,0.3912479189482755,0.4021454393066753,0.18476085031689674,0.19384472293580646,0.42214534621777194,0.43153165926051595,0.38915367480928026,0.4004879017338665,0.19653403848596704,0.20527538046987787,0.12186500746531728,0.12686359906667777,0.5073968969659689,0.5232662573888645,0.57009096266372,0.5839650727272313,
0.01433,1.0862871780783612,1.1029778053622818,0.8541655000480063,0.8729825051506731,0.38110867764108997,0.3941270493489851,0.1803074367158078,0.18762132154026975,0.4124701332022889,0.42322472544909556,0.38430567871153193,0.39190017757458967,0.19413010913800538,0.19916475356730304,0.11455712771820435,0.12201390344162436,0.5021325443054839,0.5140677901921298,0.559868326705881,0.5735567080459271,
0.016378,1.075778330542763,1.0897645322520444,0.8450071630540257,0.8610752357139116,0.378890699445238,0.38647423721758783,0.17743018403083802,0.18171183148186643,0.40713069653196604,0.4152915564458458,0.37674965357375834,0.3837254207471489,0.18818031838140636,0.1933623778161054,0.11198684113439053,0.11740707721670694,0.494452742614224,0.5052638825799057,0.5538754508192102,0.5636080684548258,
0.018426,1.0671930957343045,1.0770995928490708,0.8349064287640986,0.8496380734322527,0.3752949933547637,0.37916650422440196,0.17722829669518472,0.17610019850530872,0.4016895401662567,0.4077113314310351,0.3755321938607425,0.3759411123118953,0.18941464698508761,0.18785232281671438,0.11031437251706479,0.11303093508557112,0.49026788677613814,0.4968328694011093,0.5477310042119872,0.5540940295111346,
0.020474,1.0561247867152537,1.0649544700260503,0.82584177486156,0.8386463561058388,0.3660531827716294,0.3721845844595946,0.17301938693263283,0.17077119041038125,0.3948606307412206,0.40046447414919206,0.3658588715261313,0.36852599921531576,0.18236881362952717,0.18261948371995,0.10915428049692438,0.10887390313427989,0.48252040837397925,0.48875437631829766,0.5385510348553324,0.544990926903475,
0.022522,1.046304091194133,1.0533021858841178,0.8163573696531709,0.828076812673867,0.36065074536892455,0.36551036735944037,0.17133745407162582,0.16571035493083036,0.3894385757843871,0.39353257528583035,0.3601715369733604,0.36146002190633836,0.17965827252830954,0.17764953838222697,0.10544028156982432,0.10492498816413554,0.4748483976554765,0.4810092392289651,0.5312523774461367,0.5362764687145093,
0.02457,1.0365901093022274,1.0421172176611972,0.8088115927706687,0.8179074822451002,0.35958945479229143,0.35912682533892626,0.16356648666028734,0.16090397977290025,0.3842975908215361,0.3868983198783286,0.35716813505529793,0.3547242461580399,0.17966109166134328,0.17292890674752096,0.1016333402538745,0.10117374855379903,0.4697555290580776,0.47357942892830496,0.5254184793820023,0.5279296531133046,
0.028666,1.0163342522713767,1.0210539412345496,0.7885154323887006,0.798687715355082,0.3437762682583484,0.34716866959498954,0.15471162117063098,0.15200323557734693,0.37171882123743055,0.3744585483441292,0.34246762379031465,0.3421728074504237,0.16769758165083415,0.1641847457587745,0.09556956279865385,0.09422512214774263,0.4547966162197602,0.45959892820549253,0.5091112573176442,0.512260934193323,
0.032762,1.0008214997541662,1.0015866494400534,0.7729516708756011,0.7808347893747386,0.33663474008605987,0.3361930930363636,0.1504333950137119,0.14397266604438205,0.36234047255405455,0.3630260539547339,0.3331635702542199,0.3307403666761468,0.16317148636386747,0.15629178798100712,0.09072073766784974,0.08795450497466895,0.4433965943052998,0.44668877272230045,0.49615369313187707,0.49783973926253017,
0.036858,0.9844876210763746,0.9835559820941484,0.7598813014890535,0.7642129755183895,0.3273298551401788,0.32609650153426517,0.14616865045662342,0.13672558612597657,0.3529945661765802,0.35249532563080066,0.3257513491674379,0.32030987084180496,0.15725570191179067,0.14916442874185265,0.0859641151775621,0.08229557051187117,0.4341963758869038,0.4347389580096552,0.4864557023811355,0.4845372055704842,
0.040954,0.970439660957027,0.9668192351867015,0.7456690966712677,0.7487012278077765,0.31911310196125164,0.3167871240151499,0.13859557724907584,0.13018395846361186,0.3451249714647284,0.34277283003658515,0.3166401284325546,0.3107769552550543,0.1522679914359329,0.1427257005299434,0.08222824956793692,0.07718848099701035,0.4239103076807559,0.42365190020574295,0.4745096328531968,0.47223877568850653,
0.04505,0.9561176632339834,0.9512485969772844,0.7339461006510997,0.734191541251885,0.31065871347102353,0.30818360477527423,0.13385813207666647,0.12427753014621305,0.3362322283285202,0.3337755938905216,0.31050422139172257,0.30204854485922006,0.1466878731916201,0.13690640030328113,0.07591975217268356,0.0725792526127603,0.41494625167736954,0.4133409665589176,0.46497798677355184,0.4608425551087978,
0.049146,0.9436596555121171,0.936729572409241,0.7209008150823626,0.7205874977599892,0.3029733625149086,0.3002137694521372,0.1293633512779885,0.11894305569221232,0.3285460936323272,0.3254299599431133,0.3006078539982815,0.2940416119519425,0.14110579731078762,0.13164430508995492,0.07473720721003801,0.06841918277897512,0.40459523701042344,0.40372918628661636,0.4551817440254028,0.45025786345128704,
0.057338,0.9210981433634976,0.9104466722201321,0.6999199876936765,0.6957610189272766,0.29205317047174856,0.2859259964285751,0.12216796405507263,0.10976789697609435,0.3155888081034124,0.3104390279545308,0.28909110338148175,0.2799038056182426,0.13347198647258704,0.12257357916363977,0.06845103916235305,0.061275065116458804,0.39075990100041,0.3863368595692181,0.43837513343438733,0.4312088939080597,
0.06553,0.9003276044517514,0.887271044605255,0.6806392466551145,0.6736367584300855,0.2801705220376347,0.27349207118203345,0.11555704628525332,0.10226778052400375,0.30447036361451846,0.29735876748458223,0.2782282944936404,0.2678612869409994,0.12792590279400445,0.11513027409876274,0.06332560003263667,0.055453723040096395,0.377574038076622,0.37101268747361477,0.42345846449845853,0.4145457183986022,
0.073722,0.8812769475762204,0.8666404366963933,0.6617245740669969,0.6537464436555699,0.26988086569646363,0.26257023787365197,0.10955201167619426,0.09612603916560648,0.29358998384144425,0.2858394582527154,0.26751065607709773,0.2575135569951643,0.1207256943851927,0.10900450899278896,0.058258112063323465,0.05070902532329472,0.365015468869523,0.35738946166712793,0.40979154584401484,0.3998338522895718,
0.081914,0.8638205880168417,0.848102467773126,0.6455885151810244,0.6357143326847667,0.25903769040293617,0.25288912890703785,0.10466991036019295,0.09108600297017597,0.2820914319480003,0.27560308645076137,0.25847419758376033,0.24854089049947156,0.11609182267315321,0.10394570610722896,0.05411214824069287,0.046840642405089686,0.35352671412077685,0.3451744562843476,0.396818578320512,0.38672679559289036,
0.090106,0.8475987812734908,0.8312927636604934,0.6311153175353709,0.6192381207347105,0.25167795735471676,0.24423257142620733,0.09771677723818686,0.08693962484521303,0.27419547585575627,0.2664279339593655,0.2498431072205739,0.24068773663198836,0.10991773897208194,0.09975122554662448,0.048963356357440826,0.043685523124264644,0.343245234041446,0.3341334733972729,0.38511036429135015,0.37494749367214075,
0.098298,0.83324269406232,0.8159174782111428,0.6164551099060575,0.6040738748267497,0.24363571122758426,0.23642777539206009,0.09548750538891122,0.08351826365572905,0.26572651899044586,0.25813658066679435,0.24228434398977514,0.23374957303886332,0.10609171128062085,0.09625718055331953,0.047639838282598365,0.04111095759047229,0.33311127451583716,0.32407842154919,0.37434273474226104,0.364273798609857,
0.114682,0.8018071884377518,0.7885663505124284,0.5890978448341337,0.576928485442632,0.22796377987748895,0.22284601520144778,0.08720676002639025,0.07832966073430679,0.2500035539889818,0.2436629584784316,0.2275597584823342,0.2219949073855724,0.09842514519866148,0.09086550160605752,0.04113295682581244,0.03729152824519916,0.3142217940926456,0.30634823088079466,0.35293572906178833,0.3455630919738665,
0.131066,0.7753307105869417,0.764643236706104,0.5638053305570162,0.5530999443906084,0.2163557557898324,0.2113263287449358,0.08170871373714883,0.07470867880828061,0.2364369756259785,0.2313406078716051,0.21522973075223512,0.2123157013423964,0.09297008116273664,0.08698601775579666,0.03882496500333876,0.0347376861097789,0.2982645782563548,0.2910820704730261,0.3357100169103933,0.32953848030896454,
0.14745,0.7495827615086958,0.7432218429769338,0.5414968054509236,0.5317988719973477,0.20386379240967817,0.20133013023194293,0.07537236885982486,0.07212194143460068,0.22374025451193083,0.22061380331434347,0.20356041811460993,0.20408851752760987,0.08607353405776522,0.08410510230704656,0.03362449431208266,0.03302236091643874,0.2838194881818352,0.2776777063595746,0.3190923678919733,0.31550272292516535,
0.163834,0.7269117607904345,0.7236858878540914,0.5218922658656291,0.5124862635481707,0.1948062863024953,0.19249569259989205,0.0707580205290913,0.07021881325550659,0.2134842396240317,0.2111084109053798,0.1937887852938623,0.19690545066266482,0.08096972559683459,0.08188636715169204,0.031068383677611472,0.03186263196400062,0.2705207320285449,0.2657242170338545,0.3046843833799408,0.302987487833403,
0.180218,0.7063630045334806,0.7056201723914073,0.5026406722121857,0.4947858284878539,0.18539345619029585,0.18457469863820655,0.06717098071085795,0.06876873608714498,0.20389678387055213,0.20256694070267472,0.18615851145711104,0.19049669579772813,0.07794067647686077,0.08010936098222506,0.02893371322214177,0.031071072058509994,0.25879017561270673,0.2549344194160708,0.2916207217304543,0.29167175421148545,
0.196602,0.686779725093587,0.6887404679752871,0.4859251132859162,0.47842818809800475,0.17699720891677476,0.17739248097168653,0.06354710331660827,0.0676200623872394,0.1954182518703824,0.19480778034155363,0.1780658819936546,0.18468135119260512,0.07426999004820789,0.07862949083652969,0.02612863380262684,0.030523515054756818,0.24784886738110185,0.24510232044798574,0.2794751985091065,0.2813303025750382,
0.22937,0.6523738742171656,0.657801720629964,0.45485970242296403,0.4489965974954005,0.16316071305671068,0.16477229762075637,0.05922153838017578,0.0658618815732093,0.18066798854444568,0.18114384396197336,0.16571120760942767,0.174375004643452,0.0680742992276752,0.0762138901407256,0.023464706547559885,0.02985914180440858,0.22994111049687985,0.22774062371299503,0.2600591047249103,0.2629637984372615,
0.262138,0.6210711760178437,0.6298531547194215,0.4276900547050621,0.4230986287369838,0.15090935382725632,0.15395765649589216,0.05486747371264896,0.06448902828114128,0.16726182807654696,0.1694074374780052,0.15490210234464385,0.16537717012100525,0.06372236661944931,0.0742066699733975,0.021466309206508806,0.02949154541117012,0.2129049191586985,0.21280200245611952,0.24145614953539868,0.24702008730754085,
0.294906,0.5926343574788903,0.604317662556268,0.4023724141050653,0.40004154284121834,0.14069643548281016,0.14453714254248085,0.050966950178713916,0.0633035649453281,0.15561219545887994,0.15916536285753302,0.14452625625346557,0.15736454489352805,0.05968882172905826,0.07241889072254469,0.01888562069999193,0.02925483369901713,0.19868709114783054,0.19975910377651498,0.22603022442903745,0.23297330095176008,
0.327674,0.5678701579503844,0.5808241386583066,0.38143508199188575,0.37934234778575215,0.1315291524696303,0.13623590332273097,0.04799695373217073,0.06221884851906281,0.14549101411355772,0.15012668986591127,0.1367195168120768,0.15014412150371226,0.057024304709823,0.07076650649903488,0.018486638572471924,0.02907618985064333,0.18627957063179615,0.18824970142298603,0.21212331863488132,0.22047087145257302,
0.360442,0.545509843115285,0.5591061936481997,0.36166196224866826,0.36063997427330735,0.12355494722471358,0.12885644973694474,0.04581603771788042,0.061196428259879504,0.13713651964206627,0.14208146726219853,0.12922676232328978,0.14358673907079933,0.05385286322381971,0.06921073631498248,0.01666498319388004,0.028923646795193637,0.17489831137709666,0.17800866418158992,0.20066288476282074,0.209257263375702,
0.39321,0.5244061846938605,0.5389566404177051,0.3440964581711883,0.3436516359775351,0.11705417910139415,0.12224947451656448,0.04490169254418797,0.06021876147831237,0.1291218780880065,0.13487041336803715,0.12422750449425723,0.13759769396538837,0.052633034541615956,0.06773246297964128,0.017890126285348,0.028783166356085084,0.1651231417384518,0.16883325093569146,0.1902486457247727,0.19913700890090277,
0.458746,0.49006908459997794,0.5027107886593981,0.31438742945019765,0.31394444899861135,0.10618987938035057,0.11090891223130761,0.043116055930008605,0.05836792699060143,0.11771401536788628,0.12247554361570995,0.11566823179615131,0.1270426472709637,0.04938444109981341,0.06497045061547332,0.017736965485452876,0.028517171303581938,0.14930094170421537,0.15307173798828952,0.17395784995703,0.18158607714315705,
0.524282,0.4587332758162548,0.47101167278221734,0.28797350770614244,0.28882609368221673,0.09656944866841143,0.10152510213460075,0.041081086550954396,0.05663471289278959,0.10672701258464637,0.11220273479694462,0.10720283314517004,0.11803216685160361,0.04741895881016214,0.06243238469954925,0.018660155202892603,0.028259760725378093,0.13481919761276828,0.14001882439792057,0.15969831994150116,0.1668884970647707,
0.589818,0.43205563072274894,0.4430521775077997,0.2654351384195334,0.26730929951533217,0.08864140219162045,0.09363183347567511,0.04082760571515691,0.055005265157739694,0.0976366703219721,0.10355000676228357,0.10150760641806697,0.11024918885164241,0.046637168295886815,0.06008961696170027,0.02023849093726663,0.028007300169757648,0.12350517816999998,0.1290317929159617,0.14755458106794495,0.15440045219832518,
0.655354,0.40810063361205606,0.41820746042859175,0.24577512338082605,0.24867202271001232,0.08192819660450709,0.0869006026696557,0.04108516627656589,0.053469971726505965,0.09024095368389877,0.09616265907918971,0.09688039766936016,0.10345888695096919,0.04576666474332465,0.0579199838432713,0.021964555983579593,0.02775901097106846,0.1132268866805209,0.1196568921463412,0.13779019156254277,0.14365905708450843,
0.72089,0.3873544095259605,0.39598489351091903,0.22845816186981693,0.23237330640963175,0.07696526338175186,0.08109291606651149,0.041809966072458966,0.05202079702923318,0.08449937291765737,0.08978258066083239,0.09360379420452557,0.09748292916864414,0.04630988576593459,0.055904899145855814,0.024601097187547907,0.027514667166579763,0.10470714391973225,0.11156427319063142,0.1301521861732629,0.13432242048999884,
0.786426,0.36872410166565717,0.37599059306096755,0.21304986518903332,0.2179997312258433,0.07202402621772452,0.07603137170114774,0.04276600633725126,0.05065067590918959,0.07910921667567922,0.08421739770406719,0.09061135118382022,0.09218331843479396,0.045959970217512684,0.05402841065239754,0.027550350806149263,0.027274151662312174,0.09710174246989398,0.10450833063692913,0.12290071185758641,0.12613243244607997,
0.917498,0.33816268172018227,0.34146982550354515,0.18875249293840224,0.1938101677748778,0.06571538659707467,0.06763846123023201,0.045392564450208416,0.04812305912704534,0.07156138775845837,0.07497946578615466,0.08699328566669946,0.08320123551156283,0.04792762115443795,0.050637732362066215,0.03203501836879141,0.026804236879550445,0.08667548561074874,0.09280211539242066,0.11296822584141189,0.11244160398774468,
1.04857,0.3117850227641867,0.3127188650844293,0.16796270290206988,0.17424834912601647,0.06016714479164138,0.06096440018693183,0.04676434147509868,0.04584409983260478,0.06483648907690155,0.06762452511462663,0.0832795959943264,0.075878598784004,0.048050818345866324,0.047657144439600015,0.0355687384209038,0.026348578888568928,0.07761182616144639,0.08348768319271968,0.1037818666313212,0.1014542750936822,
1.179642,0.28893845690217335,0.28840472834427544,0.1506385132998967,0.15810528062381818,0.05544019048958978,0.055531983431365665,0.04710352341964832,0.04377884553596719,0.05961483969522139,0.061631979367554664,0.07921320367751425,0.06979533234724947,0.047213197906311524,0.04501654351494247,0.035679141034799126,0.025906538512348327,0.07150763107367421,0.07590237914970019,0.09625404856645838,0.09244380074516761,
1.310714,0.2693353631534027,0.26757564259757516,0.13654393086069777,0.1445592770680748,0.05200691849121494,0.05102562639619315,0.046118776230838605,0.04189860138010512,0.05556497691730212,0.05665687872283236,0.07587073476022152,0.0646620898278917,0.046381564463527716,0.042660942993678584,0.03503619836050043,0.02547751447998135,0.06601972737396138,0.06960755330869778,0.08957769256418624,0.08492246393994728,
1.441786,0.2525131008356086,0.2495338649007261,0.12457722689917866,0.13303236993948614,0.048670542974858524,0.04722828698744044,0.04470389108385139,0.04017958957604,0.052779490445187004,0.05246160762333385,0.07236508899424615,0.06027307149141694,0.04506109149074897,0.04054660672440681,0.0344848541149375,0.025060940414459984,0.061571795200444694,0.06430128704860155,0.08398138153807766,0.07855073550799836,
1.572858,0.2385290434580783,0.2337562329459599,0.11446320976323929,0.1231061880671125,0.04617724632075216,0.04398579043827966,0.042979548870516145,0.03860193944544394,0.049654431964213756,0.048877152981140044,0.06853558915806238,0.05647790068209281,0.04374826285827758,0.03863831166827377,0.03332425319917642,0.0246562823285385,0.05756097673924961,0.059768972437034995,0.07872099467397553,0.07308496810772053,
1.835002,0.21495738866191835,0.20748248121353938,0.09901649938104588,0.10689008443053123,0.042648448797755895,0.038743677881296054,0.04085759659679909,0.03580632755939168,0.04610787150873116,0.04307785507915437,0.06281713362015405,0.05024605463271478,0.04150640680823824,0.03533019298830713,0.031078275033550776,0.02388072658765705,0.0524359370688277,0.05243888879399614,0.07058133592322514,0.06419819723288603,
2.097146,0.1952744175831517,0.1864885123509347,0.08708906831664934,0.09420988096094819,0.03987818546026631,0.034692776421143316,0.03845781366535494,0.03340569285056194,0.04317752349595595,0.0385925650422375,0.05786166272350137,0.04534485801819219,0.039345158382363,0.03256194744397298,0.029305858393756816,0.02314714101988827,0.048208207676996045,0.04677208196676214,0.06408239306555152,0.05728651012505981,
2.35929,0.17885504541381825,0.1693329220693466,0.07784242178271175,0.08402885029128852,0.03738905947431313,0.03147155992632404,0.03593963003121195,0.03132192874760658,0.041389438223902515,0.035023432409000056,0.05338614509640044,0.04139113593623217,0.0375650169899527,0.03021155772714517,0.02733899138721238,0.02245220979537691,0.04457061237587188,0.04226435053969827,0.058598561540082694,0.05176138585543463,
2.621434,0.165393078555025,0.15505505927375973,0.07080522269077275,0.07567916857314504,0.03513830388197486,0.02885116077257181,0.03444576725400788,0.029496248226379914,0.0395905025165287,0.03211828955856434,0.049701056635086366,0.03813586251676921,0.03640038992603076,0.028191197177644185,0.025799836084168436,0.02179295740495347,0.04209617479571877,0.03859631310753823,0.05392922351254888,0.04724676872776826,
2.883578,0.15320257397548606,0.14299002703227148,0.06441717161932067,0.06871125420464097,0.033032599685750494,0.026679651948679387,0.032783756986585776,0.027883558361178524,0.037992543143026414,0.02970957934223235,0.046208012779880486,0.035410183989148206,0.035347289341101006,0.02643603810244683,0.024867309072013018,0.021166706091334246,0.0392079440521746,0.035555855072389474,0.0499506946005148,0.04349114299633508,
3.145722,0.14306727911610626,0.13266300584548213,0.058900552485593366,0.06281136592330853,0.03136787608601729,0.024852233762908228,0.030862501043935914,0.026448692321618936,0.03658593412521433,0.02768162726571608,0.04360459344839866,0.03309556242621927,0.03367856824638999,0.02489718605102771,0.023567133585896245,0.020571039514004165,0.03745550506367883,0.03299660059422156,0.046350635695326714,0.04031993215301542,
3.67001,0.12787176602398528,0.11591756029202266,0.05091662251960067,0.05337253915359948,0.028553910848373925,0.021951236219651993,0.028268540792586793,0.024006632361993376,0.033663344830356434,0.024460428102546422,0.03837601388147483,0.029379065501546023,0.03001455485280575,0.022326335651549623,0.02189191086373898,0.019462919791688044,0.03535113887857923,0.0289326556916927,0.04112457020600002,0.0352640938669392,
4.194298,0.11548951048417583,0.10293347942481332,0.0442607368802432,0.046165693840924546,0.026397396330351916,0.01975622743826401,0.026403395719652667,0.02200618854202814,0.03126708287835846,0.022021480246320474,0.03463801854879319,0.026529469863698463,0.027249810478222853,0.020264582867740452,0.020608313955271757,0.018453415775069364,0.033515609452852285,0.025856669248307595,0.03732920430391432,0.03141934777079561,
4.718586,0.10555635969144407,0.09258002963603658,0.038791877870035664,0.040491849902555756,0.024451202328152132,0.018041402166183204,0.02472157226227485,0.020337720529884352,0.02857530637207995,0.020114965047210713,0.03186560561092785,0.024278129216271507,0.025170515316232826,0.018574746741742303,0.01863953078819223,0.01752993073630646,0.03074277347566912,0.023452888351250194,0.03387954111271037,0.02840274314743491,
5.242874,0.096949907573291,0.08413791144042748,0.03437798797503268,0.03591555799056303,0.0232238132943406,0.016667576995155038,0.023452337957044926,0.018925102864595634,0.026906195285624282,0.018586781563528748,0.02985873455075095,0.022456781101208245,0.02391480251321856,0.017164857084885212,0.016994460301312717,0.0166819256908695,0.028440668975051847,0.021526614074457794,0.031530987815462305,0.025976876445432513,
5.767162,0.08971904306736259,0.07712776995592525,0.031215015006961496,0.03215148245103371,0.02226365073554846,0.015544341260730723,0.02258221762203963,0.01771382823570437,0.02520486690368374,0.017336766518693474,0.02794266686491635,0.02095468771626918,0.022387653959408046,0.015970947650315086,0.015095942927159673,0.01590051570487795,0.02720037757087463,0.019951334707473303,0.030178503949458927,0.023986805048278933,
6.29145,0.0851811014028661,0.07121787552515287,0.028734490230052364,0.029004905487634163,0.02150704552768311,0.014610450166231694,0.02135674822745969,0.016663842392506272,0.024101843139460306,0.016297032399365696,0.026334287647334455,0.01969600508253936,0.02135381446126386,0.014947151933531423,0.013656899775717293,0.015178157651104446,0.02608411591176793,0.018641327561182083,0.028881578435380684,0.02232714764398033,
7.340026,0.07698562239776165,0.061814676111754605,0.024771146052020247,0.024052416481805446,0.019509809338375185,0.01315091493728349,0.019488622652916454,0.014934407932001608,0.022381778483182676,0.01467119189501035,0.02368221580308811,0.017708787037954525,0.01917679819794912,0.013283286152163355,0.011197803802874773,0.013885720767554035,0.02419104596434453,0.016593419179787308,0.026714909525864937,0.019723006673507175,
8.388602,0.06862846104338821,0.054680763373448425,0.021234072091870317,0.02034338438258105,0.01754777069079412,0.01206713720532512,0.017528683822886484,0.013569523127018571,0.021061782874609625,0.013463124262338807,0.020936809844381156,0.01621496427311575,0.01685215844845017,0.011989847234766999,0.00937367801371256,0.012763021770002105,0.022138858164557823,0.015072241888118358,0.024528761977053577,0.017779958798912813,
9.437178,0.06170346768445175,0.04909467471537873,0.019043458665729665,0.017471378224931538,0.015931996461692077,0.011234177952693655,0.015877086073006634,0.012465380945819945,0.019943333575266026,0.012534102606445555,0.01897726777969996,0.015054500410176239,0.015249865425807044,0.010956299963271687,0.008243605467324893,0.011778710001945924,0.021145781067833276,0.013902772823043676,0.02288176224119716,0.01628028998525406,
10.485754,0.05524323526103062,0.044610373302848665,0.017064951602654695,0.015188511956016518,0.015141053635667057,0.010576454532900903,0.014482477260022676,0.011554150594279305,0.019121546398745023,0.011800150709208727,0.017825810803489387,0.014129426691557421,0.014050074965563248,0.010112065018341792,0.007224595682464818,0.010908707385397122,0.01976756942375264,0.012979097720243239,0.020914630096609814,0.015091690116368234,
11.53433,0.050350389566469526,0.04093740337981726,0.015469716934328802,0.013335195503996138,0.014005722742583267,0.010045652668616772,0.01340486071400835,0.010789636004419767,0.01816427905112669,0.011207559172757847,0.016816666277848016,0.013376470667037524,0.012977265194061121,0.009409964619090463,0.006374087248288908,0.010134215196647721,0.018628061524778826,0.012233494850007711,0.01929035118497695,0.014129242564165936,
12.582906,0.045950869663462075,0.037878591725589376,0.013848033778053877,0.011804159544084071,0.013751168209114649,0.009609504792253571,0.012426162839602546,0.010139288158283633,0.01747775879945248,0.010720439252333253,0.016023251147146856,0.01275298470873718,0.012534626167356408,0.008817268530602615,0.005823243355887328,0.009440342324506064,0.017780166859285244,0.011620723718008607,0.018315944776604833,0.013336028598073969,
14.680058,0.04036875757112983,0.03308790388976086,0.011110024118198222,0.009431337889669574,0.013180956123987479,0.00893824008450611,0.011086815082987318,0.009092790209879239,0.016234959173193585,0.009970326849984234,0.014551184166152696,0.011783733328559729,0.01133320210630297,0.00787263938368124,0.004768959114147126,0.008248909765431685,0.016519622201136078,0.01067737270964833,0.016937460365107154,0.012110444199933148,
16.77721,0.03609962904371038,0.029521365615252832,0.008521802259880421,0.007687162882056757,0.012267269254175928,0.008448907196448974,0.009784086187015149,0.008288404330577284,0.014870333410976076,0.009423171048136758,0.013422791146505311,0.011068634262234997,0.010395976357598766,0.007154558241691284,0.004053542110946227,0.0072629151286662304,0.015277957249580545,0.009989480123599985,0.01544005678175724,0.011212861736264838,
18.874362,0.03289887932522876,0.02677403284618546,0.007308266403842272,0.0063583798759906125,0.01132115227402356,0.008078756778066085,0.009072435867019791,0.007651583072138272,0.01366355285394569,0.009009059513720651,0.012362396071732774,0.010522100087663142,0.009594390277820804,0.006591327529224613,0.0036325567783816824,0.006433521806548081,0.014331195933484444,0.009468992509286699,0.014037202353828295,0.010531199205248852,
20.971514,0.0301849815581979,0.024600332597802078,0.006488306500709417,0.0053172255470281295,0.010860564870305123,0.007790511143735895,0.008573263709813452,0.007135480534355291,0.012788038496685873,0.008686431764667352,0.011824411357946787,0.010092669974816015,0.008904182659781984,0.0061385191538380485,0.003153992228050941,0.00572623424741949,0.013908028065116698,0.009063582426384284,0.013198730175890712,0.009998551977695974,
23.068666,0.0260356969375384,0.022842949221018857,0.005568007335789095,0.0044827345110692,0.01031983479589724,0.007560723618679998,0.00813178069948884,0.006709184003190112,0.012134962360116462,0.0084291320871393,0.011360358870176186,0.009747627696463002,0.008581207662209746,0.00576714734360536,0.0028766941754990285,0.0051159938950324935,0.013725609780175176,0.008740327701907647,0.012832870725723727,0.009572659651487972,
25.165818,0.024357063124729107,0.02139661177782153,0.004677513382664093,0.0038012545519167185,0.010059233757122407,0.007373961467476042,0.007781041015241956,0.0063514745916392334,0.01150484293705287,0.008219935673153598,0.01078663874396661,0.009465230649543875,0.008151705454424452,0.005457503965236905,0.0025563030985155033,0.004584158693950845,0.01339939432227235,0.008477553139166353,0.012271339172737181,0.00922560022967972,
29.360122,0.02102618515465677,0.019165950004356065,0.0032508748490701054,0.0027605922054595045,0.009434401954871835,0.0070904621385193475,0.006978531577096848,0.005785716316190566,0.01084632951988257,0.00790224292945413,0.009841332067693333,0.009032787468102208,0.007245180274489405,0.0049717888937663105,0.0022024632241497985,0.0037022942133488317,0.012769396333589055,0.008078582370464191,0.011480220974601501,0.008697041629683353,
33.554426,0.019197812595253376,0.017535823042258928,0.002798708385779837,0.002008951212399759,0.008971712320554392,0.006887110173798497,0.006436151851179812,0.005359522234663379,0.010309475235842074,0.007674249659599632,0.008863356384799374,0.008719423279132749,0.006436999581840412,0.004609506066087168,0.0018440155303314683,0.003001042386892773,0.011857931480127051,0.007792331926428374,0.010841548843419894,0.008316470578056045,
37.74873,0.015733178400618036,0.016300129600042682,0.0023535221370519087,0.0014447670568175607,0.008616083040211648,0.006735339629778525,0.0060863571014699224,0.0050278257703568864,0.00954945658894134,0.007504018377841075,0.008229994054423309,0.008483569818158673,0.005629448530289675,0.004329977588591527,0.0015476874562980862,0.002430257481696156,0.011087815148252961,0.007578646940075899,0.010003354929237708,0.008031549979455687,
41.943034,0.015553467154895969,0.01533611453454526,0.00236790895832039,0.0010083097530412069,0.008009676180856762,0.006618486862542367,0.005576096612677021,0.004762978659376915,0.008696779422562844,0.007372907379373946,0.007577527366413957,0.008300690859575766,0.004725096302735867,0.004108490800061663,0.0013032669385410936,0.0019567778551316172,0.010528360441239759,0.007414096404870075,0.009290939225417473,0.007811611478200731,
46.137338,0.013418524913630638,0.014566391769518263,0.001437878277054744,0.0006623409179114547,0.007512696762517984,0.0065262348738879955,0.00528212283954774,0.004547091561161433,0.008040009533210338,0.007269369057087192,0.006992865566157822,0.008155440608344776,0.004103236711382499,0.003929189766753857,0.0011661226273239728,0.0015577970846141938,0.009872261073962068,0.007284169718490067,0.00810847243167146,0.007637594308872864,
50.331642,0.01278022369723128,0.013939921454537298,0.0012279755750402833,0.0003825400717661176,0.007289181854711601,0.006451885923850293,0.005049159021202215,0.004368087109696784,0.007552733778820001,0.007185903465034088,0.006618975064177662,0.008037768698173645,0.0035843722141773067,0.0037814492151594893,0.0010638053810600638,0.0012171149621945316,0.009165343397278964,0.007179444609451245,0.007245569744490579,0.007497083372300148,
58.72025,0.011144864481939507,0.012987308760930578,0.0011102772193651719,-3.960262581838075e-05,0.006825375902667406,0.006340188087582648,0.0046055412508989365,0.0040893270808511715,0.006477723072815556,0.007060471809782086,0.006107557137796117,0.007859860561493699,0.002348645417103363,0.003553242792791497,0.0007743764526181148,0.0006663417872638448,0.00785448314694257,0.00702208789506778,0.00602787749121795,0.007285503905386291,
67.108858,0.01001635820256319,0.012302641061558563,0.0011297214868946578,-0.00034030064587467924,0.006222263201826791,0.006261002531266321,0.004260159035144905,0.0038832280461137472,0.005936822667909457,0.006971520251167341,0.005280817705706372,0.007732831700830842,0.0017520715350565238,0.0033861685121051787,0.0007404050349268876,0.00024072939840549248,0.006545888957845697,0.0069105150020194826,0.005162246588234397,0.007135124158745917,
75.497466,0.009509975779395474,0.011790808491688134,0.0005410271012583312,-0.0005634645887365344,0.0057937086915818194,0.0062024574613533485,0.004015875627274585,0.0037254226537763637,0.005220132235457805,0.0069057373615704935,0.0046372689004073354,0.0076383760248679,0.0014040030311212796,0.00325932249648323,0.0005892442473543192,-9.77087524574676e-05,0.005411217293117823,0.006828013806868544,0.004400747509662376,0.007023715434597412,
83.886074,0.00779605528356886,0.01139619670938791,0.00035100931066795306,-0.0007344884763375468,0.005634995780019715,0.006157729612137805,0.00391850436151014,0.0036012300501986347,0.004716967910031707,0.0068554690805142674,0.004075483776588033,0.007565874939378066,0.001172050676377006,0.003160231024360365,0.00045506661829128835,-0.00037302011997061455,0.00478797977511675,0.0067649769782691495,0.003596008907412303,0.006938458930708928,
92.274682,0.00581476691528682,0.011084303087865514,3.839885330850823e-05,-0.0008689811251403978,0.005163617353899873,0.006122646219446237,0.003698756313243735,0.003501300052177901,0.004320819926918774,0.00681603288888619,0.003943292931245273,0.007508785199501253,0.0009254418705270804,0.003081017490975122,0.0004271492904221814,-0.0006011677368890295,0.004494147699498115,0.0067155281076727805,0.0033747440028443778,0.006871493744276182,
100.66329,0.004600126984910694,0.010832689593771316,9.995719754175792e-06,-0.000977013570108342,0.004953715076511634,0.006094526378492062,0.0034133603844361,0.0034194085535803327,0.003857395190482333,0.00678441947611641,0.004084742154689141,0.007462876072103631,0.0006972408832550405,0.0030164791683388176,0.00038669698911698044,-0.0007931628582821134,0.00436471011950794,0.006675891176388114,0.003336038647057076,0.006817757832703479,
117.440506,0.00398107775653082,0.01045422723458579,0.0002931831222148364,-0.0011386682213994663,0.0041939953441492124,0.006052558071117621,0.0028683790914824075,0.003293801244944969,0.0029521981152495734,0.006737228676012004,0.0038150901225867625,0.007394087777042913,0.00024094849222467297,0.0029182140347435884,-0.00010357062123672955,-0.0010979502109013503,0.0037043358259509335,0.006616728602373517,0.0028845424897854664,0.0067374471847832925,
134.217722,0.003973792089242772,0.01018556589238746,0.0003984671805613189,-0.0012527609052730517,0.0036709285213743915,0.0060230222208761085,0.002509697917523992,0.0032026068943413763,0.002549117645901559,0.0067040109080045256,0.003737702504413025,0.0073454662099146075,0.00022472342119381715,0.0028474817901686248,-0.0002266483742578016,-0.0013285626177845361,0.0033437336230067553,0.006575087966028731,0.0025489424907272867,0.00668084125204674,
150.994938,0.004119869404008265,0.009986722752044043,0.00039368981577968574,-0.0013368192815582647,0.0029369403707539474,0.0060013100230697424,0.0022128154024621018,0.003133859113658059,0.0021367828598430976,0.00667958836202379,0.003591202966817759,0.007309602263928891,8.948904215765418e-05,0.0027945394688428907,-0.00020707918438367168,-0.0015087247611679678,0.0030217974465403317,0.006544475061010503,0.0023617148941147094,0.006639180118976576,
167.772154,0.0022513587334945127,0.009834677427925195,0.00034756975085068387,-0.0014008575161748695,0.002621767225255294,0.0059847985912415925,0.0020149920770981826,0.003080479693953999,0.0018968064706756137,0.006661013532068197,0.0033112801261282816,0.007282254357404494,0.00015889190443860456,0.0027536798337909492,-0.00012017123295232502,-0.0016530601109004174,0.002850183749249609,0.006521193515809343,0.0020021171715174473,0.006607468051382589,
184.54937,0.001861865325056797,0.009715331580399143,0.0007332767046246107,-0.001450970307180179,0.002291763981181304,0.005971896614218749,0.0017018451111112695,0.003038033536574362,0.0016641453334322197,0.006646497773738869,0.003315911380356474,0.007260836851969501,0.00016109434156090518,0.0027213567864744228,-0.0002971323830119794,-0.0017710677087543255,0.002490229640434876,0.006503000493020169,0.001964827207609651,0.006582669053425402,
201.326586,0.001443185720324312,0.009619616504976829,0.00037960382707989915,-0.0014910577693503675,0.0017961309944507376,0.005961588396183199,0.0015930048152016116,0.00300361127031479,0.0014196403297117174,0.006634899236818931,0.002962915715109784,0.007243692940120068,0.00011289916844174241,0.002695261174583227,-0.00019196481200320782,-0.001869182233921368,0.002221157812275008,0.006488464317805644,0.0017232149701165232,0.006562842667001153,
234.881018,0.0012542143725861484,0.009476661270448298,0.0001924286373100279,-0.0015507488661538158,0.0008406930173636606,0.005946261386218879,0.0009385146515722806,0.002951502453713972,0.000784020035877004,0.006617651999616517,0.0021978080882950955,0.007218145765613336,-0.0006046452854655894,0.0026559736726237577,-0.0008349208463503573,-0.002022519971693353,0.0015274667360994302,0.00646684982287998,0.0013174563510447656,0.006533340816616909,
268.43545,0.0010412484194705916,0.00937597494593965,0.0007115711716870483,-0.0015926506985565415,0.0006888356102152975,0.005935519100433437,0.0005619469667893017,0.002914242441790756,0.0005532159992771799,0.006605562590736233,0.0016462810317838747,0.007200197210083797,-0.0007506711642095416,0.002628055677692185,-0.0008928445950882731,-0.002136380062718142,0.0013935827899191594,0.006451700007838438,0.0011534285249422073,0.006512646540834302,
301.989882,0.0013715247501337288,0.009301913648707673,0.0008251769433104376,-0.0016233926250861755,0.00029499157414797405,0.0059276474270343014,0.0004910644976290333,0.002886504540012291,0.0005262834779650216,0.006596703053217278,0.0013752442203928208,0.007187020454134489,-0.0008957087147640941,0.0026073759158216554,-0.0009741483317402997,-0.0022238889753934707,0.0011709107803333637,0.006440598157111124,0.0011280491528948393,0.006497472567264946,
335.544314,0.0010847971529321155,0.009245564718316583,0.000934527966635633,-0.0016467341160986112,0.0001363283815145815,0.005921676454911759,0.00040267176485883914,0.002865193407424017,0.0003559663434535172,0.006589982309905222,0.001406971741246069,0.00717701055080933,-0.0009989758586345019,0.0025915525839006618,-0.0009706756446099525,-0.0022929875959772864,0.0012151607622373284,0.006432176696865339,0.001156825151295877,0.006485956644627066,
369.098746,0.0008657185851676417,0.009201516131080334,0.0005914371904379307,-0.001664949647969166,5.085265584532372e-07,0.005917020415045796,0.0002560456562089497,0.002848398813103875,0.0001529763573960392,0.0065847413364894134,0.0011276464012138598,0.007169195608623536,-0.0009258142258127653,0.002579125391795872,-0.0009516500340111196,-0.002348751902774741,0.0011292260033790402,0.006425609644634818,0.001030122895905012,0.006476973040769595,
402.653178,0.00042012870432859195,0.009166311070117273,0.00038199368258269795,-0.0016794876431922784,-8.033602535343177e-05,0.005913306809642024,-3.5633349519494927e-06,0.0028348840670162755,-2.829930274089554e-05,0.006580561010987765,0.001014906074173301,0.007162956245316255,-0.00101006865000386,0.002569154149162486,-0.0009173509217369582,-0.0023945719615808504,0.001110567084059846,0.006420371722866881,0.0010098863846600245,0.006469805351135192,
469.762042,-9.142445219137274e-05,0.00911394495590628,-0.00036238660574377943,-0.0017010766809587492,-0.0012922684209740272,0.005907796287311558,-0.0010936313817126511,0.0028146174708889426,-0.0012895021531817124,0.006574357616409343,-6.302066485831892e-05,0.0071536869451200875,-0.0023703162680997515,0.002554253300764595,-0.0027196957443953213,-0.002465092096423875,-6.81916429529732e-05,0.006412599109080755,0.00014152545397898652,0.006459165120554082,
536.870906,4.543841756215716e-05,0.009077227181076569,-0.0005042025769950254,-0.0017161872192454834,-0.0012106419025288537,0.005903942571747401,-0.0011328631803882282,0.0028002793358312236,-0.0014397932104601497,0.006570019107916553,-0.0002652070607655719,0.007147196315727525,-0.002495873399388508,0.0025437518769504635,-0.002549794722563389,-0.0025164989089816393,-0.0006159552469869376,0.0064071632777620135,-9.899218767863483e-05,0.006451720759321243,
603.97977,0.0001433926962049541,0.009050312418892247,-0.0006819073987102864,-0.0017272482315222706,-0.0012562437393009484,0.005901123417379584,-0.0010880352690524706,0.0027896957081340974,-0.001536650326862186,0.006566845172038329,-0.0002575416900116303,0.007142443509909036,-0.002130943683082576,0.002536023700716272,-0.0024825572890124466,-0.0025553847886104104,-0.0007927182248785352,0.0064031866553630285,-0.00015098416005048776,0.006446273076430181,
671.088634,0.00014733854378774902,0.009029891148943571,-0.000686031539832261,-0.0017356314693053167,-0.0012850546451508263,0.005898987828693446,-0.0012114400606503964,0.0027816205099576957,-0.0017096535052105258,0.006564440745425338,-0.00018061094239838616,0.007138840342266223,-0.0021037737894646228,0.002530141522683653,-0.0024682014996312298,-0.002585666066230965,-0.000996634212752582,0.006400174201748469,-0.00016121488570269716,0.006442145212302454,
738.197498,-0.00011996025153848145,0.009013963659746275,-0.00080638239828254,-0.0017421641297279238,-0.0013829113226990861,0.00589732434341095,-0.0010924623411878445,0.002775293386222,-0.001712084283552506,0.006562567801686567,-0.00024084304183324702,0.0071360319475095345,-0.002108083517861083,0.002525541910509993,-0.002437371805143863,-0.002609805994078537,-0.0008710331181491746,0.006397827663677769,-4.541656680932871e-06,0.006438929184099552,
805.306362,-0.00016043265504976035,0.009001257817067301,-0.0006930195538316944,-0.001747371591183782,-0.0012693264193288072,0.005895998755565389,-0.0010602197298681321,0.002770226721669701,-0.001797393931556888,0.0065610752681875655,-0.00028778434469521705,0.007133792849359369,-0.002224662562956058,0.002521864784663905,-0.0025064823686123307,-0.0026294258894819706,-0.0007383406862828204,0.0063959577480007,-3.9531105454309935e-05,0.006436365960889516,
939.52409,-2.1549405150944613e-05, ,-0.0023150433340177615, ,-0.003335111947392154, ,-0.003488845919996153, ,-0.0037682659414303974, ,-0.00228513025400619, ,-0.0047871377441011526, ,-0.005811137906581747, ,-0.002635511499433824, ,-0.0015825380969283192, ,
1073.741818,7.538870007918774e-05, ,-0.0023170179595526467, ,-0.0034700585032626974, ,-0.0033912483586801376, ,-0.0037597143814389862, ,-0.002239065674410415, ,-0.004927265061246027, ,-0.005883541364701486, ,-0.002542829572474773, ,-0.0015697621745943047, ,
1207.959546,0.00019864909156178134, ,-0.002338706897714155, ,-0.0034357163844012527, ,-0.003384997867687838, ,-0.0038509859374793475, ,-0.00217808777224665, ,-0.004905779820141945, ,-0.005774918171233098, ,-0.0025738802589893475, ,-0.0016606704867755159, ,
1342.177274,-0.0004655721083581388, ,-0.0027122289160937127, ,-0.00356289197111535, ,-0.0034808805111824735, ,-0.0041231207240292386, ,-0.002049442168262371, ,-0.004781928566796332, ,-0.005839431245428822, ,-0.002715385858238274, ,-0.0016022520018333113, ,
1476.395002,-0.0005864178866857923, ,-0.002607388898553975, ,-0.0036675134453360526, ,-0.0035782575659455015, ,-0.004178900028951617, ,-0.0020307460798645815, ,-0.004890728919186361, ,-0.005888713576184336, ,-0.0027303789476161707, ,-0.0014779897885110476, ,
1610.61273,-2.9264348399158813e-05, ,-0.002529265077646664, ,-0.0037140020183353355, ,-0.0038288447809849213, ,-0.0040891367907328205, ,-0.0019381272238073151, ,-0.004874634571238778, ,-0.005992331228758688, ,-0.0027435355220282753, ,-0.0013147621638930698, ,
1879.048186,-0.007513771361782752, ,-0.006602421310149794, ,-0.008881388806811996, ,-0.009417180765060795, ,-0.009073132561167348, ,-0.006009386193368283, ,-0.010440531394389318, ,-0.013756310816745564, ,-0.007462088371987478, ,-0.005283146791854722, ,
2147.483642,-0.007660129732009249, ,-0.006666624356723859, ,-0.00902618841616141, ,-0.00965322947322791, ,-0.009517580423065341, ,-0.006175484130771665, ,-0.010787231031607995, ,-0.01402056835055447, ,-0.00770793970519715, ,-0.0054108452409871366, ,
2415.919098,-0.008215723042716337, ,-0.006801085075653399, ,-0.00939407990105278, ,-0.010025785751176443, ,-0.009673385115715732, ,-0.0065314877565350584, ,-0.011086221193976946, ,-0.014617544218814898, ,-0.007935581438759045, ,-0.005550601378811305, ,
2684.354554,-0.008438620575696824, ,-0.007117389452642598, ,-0.009476664768273932, ,-0.010165428987659379, ,-0.00998352479799831, ,-0.00688911257745596, ,-0.011518912017703428, ,-0.01520142359247664, ,-0.008049583368356981, ,-0.005957220247406564, ,
2952.79001,-0.008732382618071539, ,-0.007032396953227511, ,-0.009757926266626743, ,-0.01061990784510667, ,-0.010469530614513257, ,-0.007132172211404225, ,-0.011726467844653109, ,-0.015846927804766372, ,-0.008423372035280362, ,-0.0062998290322647124, ,
3221.225466,-0.00895298207891484, ,-0.007440102412368965, ,-0.009967872780175921, ,-0.010600255236036683, ,-0.010371829522591396, ,-0.007391284361416841, ,-0.0125738230868499, ,-0.016268448720076243, ,-0.00857726830946446, ,-0.006736308444638829, ,
3758.096378,-0.00922912780977783, ,-0.015737090132777506, ,-0.02121651124327377, ,-0.023078595951098024, ,-0.022201383960091, ,-0.01748787544810532, ,-0.028771706035702914, ,-0.03628333821247238, ,-0.017791074209048675, ,-0.01643056441600513, ,
4294.96729,-0.009591575593224072, ,-0.01576456647381211, ,-0.02231814708206543, ,-0.024487479174383552, ,-0.023385087150480127, ,-0.018244471795404157, ,-0.031147497533221415, ,-0.03879755263554733, ,-0.01851009020745469, ,-0.017011066135729332, ,
4831.838202,-0.010100432954084927, ,-0.016214616254935553, ,-0.023631736890009657, ,-0.025788636555574868, ,-0.024270542518715445, ,-0.019139044313224406, ,-0.033915260733596395, ,-0.04214930897295805, ,-0.018854558889380466, ,-0.017904360212903793, ,
5368.709114,-0.010550913502131644, ,-0.016900938103714454, ,-0.024740942628557434, ,-0.027473269555759, ,-0.025725041560966597, ,-0.019922731159098525, ,-0.036562111140138555, ,-0.04584383336136392, ,-0.019803630466653233, ,-0.018684119801855602, ,
5905.580026,-0.011046273019092303, ,-0.017481341942689223, ,-0.025945747110203164, ,-0.029583635744897537, ,-0.026725933834382102, ,-0.021309982148742402, ,-0.03990982283508233, ,-0.050349479862399925, ,-0.02075382680530022, ,-0.01951673497883449, ,
6442.450938,-0.011548295897934989, ,-0.018245756488814862, ,-0.027797197675024258, ,-0.031195714083137715, ,-0.0280119315576451, ,-0.022459173552585122, ,-0.04360165420350555, ,-0.05600960097610429, ,-0.021681336072589572, ,-0.020634891742824114, ,
