Time (ms),1-25,1-25 fitted model: ,26-50,26-50 fitted model: ,51-75,51-75 fitted model: ,76-100,76-100 fitted model: ,101-125,101-125 fitted model: ,126-150,126-150 fitted model: ,151-175,151-175 fitted model: ,176-200,176-200 fitted model: ,201-225,201-225 fitted model: ,226-250,226-250 fitted model: ,
1e-06,-1.0, ,-1.0, ,-1.0, ,-1.0, ,-1.0, ,-1.0, ,-1.0, ,-1.0, ,-1.0, ,-1.0, ,
2e-06,-1.0, ,-1.0, ,-1.0, ,-1.0, ,-1.0, ,-1.0, ,-1.0, ,-1.0, ,-1.0, ,-1.0, ,
3e-06,-1.0, ,-1.0, ,-1.0, ,-1.0, ,-1.0, ,-1.0, ,-1.0, ,-1.0, ,-1.0, ,-1.0, ,
4e-06,-1.0, ,-1.0, ,-1.0, ,-1.0, ,-1.0, ,-1.0, ,-1.0, ,-1.0, ,-1.0, ,-1.0, ,
5e-06,-1.0, ,-1.0, ,-1.0, ,-1.0, ,-1.0, ,-1.0, ,-1.0, ,-1.0, ,-1.0, ,-1.0, ,
6e-06,-1.0, ,-1.0, ,-1.0, ,-1.0, ,-1.0, ,-1.0, ,-1.0, ,-1.0, ,-1.0, ,-1.0, ,
8e-06,-1.0, ,-1.0, ,-1.0, ,-1.0, ,-1.0, ,-1.0, ,-1.0, ,-1.0, ,-1.0, ,-1.0, ,
1e-05,-1.0, ,-1.0, ,-1.0, ,-1.0, ,-1.0, ,-1.0, ,-1.0, ,-1.0, ,-1.0, ,-1.0, ,
1.2e-05,-1.0, ,-1.0, ,-1.0, ,-1.0, ,-1.0, ,-1.0, ,-1.0, ,-1.0, ,-1.0, ,-1.0, ,
1.4e-05,-1.0, ,-1.0, ,-1.0, ,-1.0, ,-1.0, ,-1.0, ,-1.0, ,-1.0, ,-1.0, ,-1.0, ,
1.6e-05,-1.0, ,-1.0, ,-1.0, ,-1.0, ,-1.0, ,-1.0, ,-1.0, ,-1.0, ,-1.0, ,-1.0, ,
1.8e-05,-1.0, ,-1.0, ,-1.0, ,-1.0, ,-1.0, ,-1.0, ,-1.0, ,-1.0, ,-1.0, ,-1.0, ,
2.2e-05,-1.0, ,-1.0, ,-1.0, ,-1.0, ,-1.0, ,-1.0, ,-1.0, ,-1.0, ,-1.0, ,-1.0, ,
2.6e-05,-1.0, ,-1.0, ,-1.0, ,-1.0, ,-1.0, ,-1.0, ,-1.0, ,-1.0, ,-1.0, ,-1.0, ,
3e-05,-1.0, ,-1.0, ,-1.0, ,-1.0, ,-1.0, ,-1.0, ,-1.0, ,-1.0, ,-1.0, ,-1.0, ,
3.4e-05,-1.0, ,-1.0, ,-1.0, ,-1.0, ,-1.0, ,-1.0, ,-1.0, ,-1.0, ,-1.0, ,-1.0, ,
3.8e-05,-1.0, ,-1.0, ,-1.0, ,-1.0, ,-1.0, ,-1.0, ,-1.0, ,-1.0, ,-1.0, ,-1.0, ,
4.2e-05,-1.0, ,-1.0, ,-1.0, ,-1.0, ,-1.0, ,-1.0, ,-1.0, ,-1.0, ,-1.0, ,-1.0, ,
5e-05,-1.0, ,-1.0, ,-1.0, ,-1.0, ,-1.0, ,-1.0, ,-1.0, ,-1.0, ,-1.0, ,-1.0, ,
5.8e-05,-1.0, ,-1.0, ,-1.0, ,-1.0, ,-1.0, ,-1.0, ,-1.0, ,-1.0, ,-1.0, ,-1.0, ,
6.6e-05,-1.0, ,-1.0, ,-1.0, ,-1.0, ,-1.0, ,-1.0, ,-1.0, ,-1.0, ,-1.0, ,-1.0, ,
7.4e-05,5.271861056569014, ,5.6207598307599, ,6.2376323397447, ,7.220757128097817, ,7.780549302057511, ,7.338392714111619, ,6.957334862827875, ,6.814990309754028, ,6.7916026854959615, ,6.983648989723147, ,
8.2e-05,2.8412336853177966, ,2.8572125598039126, ,3.3176839122248913, ,4.062657877591149, ,4.290889279377744, ,4.166141704735743, ,3.7085576693143274, ,3.6201264976537213, ,3.7037089953372115, ,3.7877463424835747, ,
9e-05,-1.0, ,-1.0, ,-1.0, ,-1.0, ,-1.0, ,-1.0, ,-1.0, ,-1.0, ,-1.0, ,-1.0, ,
0.000106,2.30652263763495, ,2.377077376043023, ,2.531422818938692, ,3.2070173594757225, ,3.3745216847647925, ,3.143349855796611, ,3.092299508835799, ,2.9051514337021307, ,2.9281246340219274, ,2.9975206826593226, ,
0.000122,4.097596792099516, ,4.318762148465375, ,4.489755287325227, ,5.53256939430765, ,5.719382319655823, ,5.30586099360728, ,5.2919996514728, ,5.068602016945362, ,5.090228370153915, ,4.939869028953192, ,
0.000138,2.2717362412238917, ,2.2982081961497713, ,2.4295430408474776, ,2.8935684904807677, ,2.9860916627002827, ,2.8539271510999034, ,2.7167188722087836, ,2.7404678201827757, ,2.6659553155648097, ,2.632098301103194, ,
0.000154,1.1948383419944306, ,1.2775003606776618, ,1.4258619687056, ,1.6932777523952445, ,1.7159749160704623, ,1.6473582074311912, ,1.5855055217040424, ,1.5031699460932488, ,1.500281011757185, ,1.5041370693585718, ,
0.00017,3.174194330573527, ,3.4218258742320558, ,3.3338145093479064, ,3.99495438989342, ,3.9824700267599247, ,3.9052236331129446, ,3.9236761404158647, ,3.8410948690773155, ,3.6403772171289916, ,3.6617812460775827, ,
0.000186,1.0239150507642, ,1.157030888115633, ,1.1299053931401217, ,1.5036693822797014, ,1.4244086204597477, ,1.391214162904237, ,1.4423627080610086, ,1.2684213654917764, ,1.250901382024833, ,1.2614151507275322, ,
0.000218,1.7724097739686155, ,1.8985500758233242, ,1.8621070961520525, ,2.2178978049013893, ,2.2442368397370864, ,2.2202647232706427, ,2.2136149719481724, ,2.083542145710233, ,2.0731086087810837, ,1.9585830006467395, ,
0.00025,1.3201244314970901, ,1.4534584245358004, ,1.4250576809720326, ,1.660063197802776, ,1.6613997122693902, ,1.6865107375617476, ,1.6688707714695752, ,1.5767507691663005, ,1.5424696186818507, ,1.5312385273554574, ,
0.000282,1.2076349191091333, ,1.3448178798118184, ,1.3019824810359972, ,1.5240009792161333, ,1.5553111512942026, ,1.5310913752534645, ,1.5060306099878875, ,1.4214596138479012, ,1.3919647078603357, ,1.3752005254731605, ,
0.000314,1.286684902046529, ,1.4182218291829747, ,1.315525967816821, ,1.5874454204218915, ,1.6017815481780802, ,1.557706393508237, ,1.5970009996884622, ,1.5214138663479337, ,1.3622187361512652, ,1.4224945991136222, ,
0.000346,1.3872358910527303, ,1.5436183714962806, ,1.411243770946868, ,1.716864512766461, ,1.8164254012013057, ,1.7718182374913756, ,1.7286172567727036, ,1.6633105593289343, ,1.6366518357382238, ,1.579151983179819, ,
0.000378,1.0988071062851452, ,1.18299852692058, ,1.0659124368605164, ,1.3491521826825497, ,1.3590405886655619, ,1.35098085246379, ,1.361800769433267, ,1.3055003714201256, ,1.2516568881238213, ,1.2079790952167024, ,
0.000442,1.2125654091936622, ,1.377627434947581, ,1.275481165324493, ,1.5256000416070794, ,1.5364887838364998, ,1.5201816989653683, ,1.4846136804169203, ,1.4078005356280194, ,1.3934944056937189, ,1.3405478422478274, ,
0.000506,1.0574202890607247, ,1.2390262506996381, ,1.0978313183045503, ,1.3477559331193347, ,1.389250259500969, ,1.3494320611332202, ,1.340062301096968, ,1.3109937667901281, ,1.2380766664300618, ,1.2308605301788287, ,
0.00057,1.1887515915948421, ,1.3137434741969292, ,1.2454771271810718, ,1.4706425012850162, ,1.513006716011259, ,1.4733013107533122, ,1.4472244133821306, ,1.4253652074075562, ,1.3470575280214283, ,1.3352327009915046, ,
0.000634,1.06554009529822, ,1.218213153690757, ,1.0844310138554514, ,1.3133398942073415, ,1.3294836601907054, ,1.3384453364579088, ,1.3018113814702132, ,1.2956847454407197, ,1.2646278850180839, ,1.1714144439421161, ,
0.000698,1.1598515076811504, ,1.2942479644629201, ,1.156364420989435, ,1.4130666617940977, ,1.4117149643579296, ,1.3982223145017278, ,1.4167363530617785, ,1.3266456043822756, ,1.286931420177676, ,1.280025732715858, ,
0.000762,1.089817802301563, ,1.2539981382555232, ,1.1533690155098817, ,1.365510760625507, ,1.3650352794799105, ,1.376733362862108, ,1.3169334727476858, ,1.2694770412541398, ,1.255658343899698, ,1.1642857265384636, ,
0.00089,1.0920014621527216, ,1.221898744566271, ,1.1101729740460395, ,1.3678512388211919, ,1.3464232437391142, ,1.3552898911252658, ,1.3105347361506836, ,1.2812267645520492, ,1.259442262122194, ,1.1930350379631216, ,
0.001018,1.087229452726874,1.045142574917142,1.247315309018601,1.1950245509879593,1.1183210015828504,1.0705648889863035,1.3352040729515042,1.2939337283058399,1.3658704946228784,1.295646405900405,1.3100367719628618,1.2830451640350429,1.3454546890980437,1.2934161394137509,1.279026990246099,1.2248429743952285,1.257420058666574,1.20008490623185,1.1955119750976062,1.1426817405185068,
0.001146,1.0631465454813702,1.0442349157582624,1.24481928399929,1.1940141178533479,1.0847232420801536,1.0695324640351338,1.3265177640603154,1.2927367688491962,1.3425221197081718,1.294397465216928,1.30055832499642,1.281840862488077,1.3116471098932985,1.292228480232064,1.2696906964614394,1.2236823067485083,1.2378559969295129,1.1989176273708717,1.1549627189186464,1.141577190837581,
0.001274,1.0573950500539155,1.0433297630634457,1.2229718189272945,1.1930065909734835,1.0908469520481923,1.0685029585431858,1.3429142281509365,1.2915432092932508,1.3516033680808806,1.2931520808318502,1.3028659044278197,1.280639986291472,1.3455673180439012,1.291044204090198,1.2623339321321045,1.222524954747483,1.2454930716822572,1.1977537188614769,1.160349821134503,1.1404757579787117,
0.001402,1.0514273044213767,1.0424271083808379,1.2047206771788905,1.1920019606485834,1.108517834718042,1.067476362577318,1.2955559054538583,1.290353038152953,1.3085219667660857,1.2919102406713365,1.3052997225329843,1.2794425238512905,1.329739943102732,1.289863299572659,1.230451074816456,1.2213709071704208,1.1753280562900619,1.1965931692982816,1.171849721820086,1.139377431324188,
0.00153,1.0444236311727628,1.0415269432880996,1.2025816675711727,1.1910002172118515,1.1266712344029925,1.0664526662394005,1.3062700835561796,1.2891662439831915,1.3019861294968709,1.2906719327038738,1.3046256902879017,1.278248463614036,1.3232919219783301,1.288685755303551,1.2374767656126808,1.2202201528346834,1.208651837481256,1.1954359673155264,1.1819721612319851,1.138282200293829,
0.001786,1.0609276195398338,1.0397340483298279,1.197019616971306,1.1890053524999675,1.0729790820970884,1.0644139330292186,1.28527650273262,1.2868027409736786,1.3182937603824743,1.288205865432747,1.3144231609164791,1.2758705037356606,1.3027715448935964,1.2863407022041864,1.2169331224921456,1.2179284793512768,1.2150174574611572,1.1931315608256066,1.1409657121269625,1.136100982971729,
0.002042,1.0534472016487448,1.0379510113962676,1.1924272112348573,1.1870219201589338,1.0624430693451825,1.0623866804231288,1.3015265116490164,1.284452609497256,1.2857999069678976,1.285753783607067,1.2768701032466259,1.2735060150317423,1.2775651460534536,1.2840089545715863,1.2336806897306936,1.215649845612818,1.198287443269938,1.190840409252913,1.1644888434897995,1.1339320221164735,
0.002298,1.0361396747874252,1.0361777661606553,1.1830018753116407,1.185049844030466,1.0634348382818328,1.0603708304838666,1.2989901059267803,1.2821157594165424,1.2685033787639526,1.283315592482994,1.2905989687054649,1.2711549065156231,1.2879085313915608,1.281690422809938,1.2268558618664838,1.2133841635516034,1.200888376019713,1.1885624230838188,1.141645191065435,1.1317752344240453,
0.002554,1.0447888527912124,1.0344142467585398,1.1732901417572252,1.1830890484733398,1.0540616419610445,1.0583663058224677,1.278535105825845,1.2797921012198066,1.281608041402327,1.280891197979519,1.2814325553707426,1.2688170878340963,1.2739554923665273,1.2793850179437607,1.2042929808410523,1.2111313457123318,1.2059173594348442,1.1862975134254903,1.1263043262182952,1.1296305371781028,
0.00281,1.0342788915328816,1.0326603877845149,1.178479910884028,1.1811394583598587,1.0588682307899808,1.0563730295943556,1.2588067554170672,1.2774815460165796,1.2602789871107656,1.2784805066737623,1.258779629659746,1.266492469262943,1.262833398789125,1.2770926516135699,1.2223507381975873,1.2088913052477976,1.1839168317615534,1.1840455920015385,1.1101687156986948,1.127497848245771,
0.003066,1.0366851521159877,1.030916124288979,1.17747261445843,1.179200999072345,1.059558456481382,1.0543909254954527,1.258841759934292,1.2751840055332908,1.2606056816343336,1.2760834257963138,1.2625065359613756,1.264180961702502,1.2704414646286575,1.2748132360715627,1.2016405363474387,1.2066639559146122,1.184050515573975,1.1818065711476977,1.1282296066406154,1.1253770860734587,
0.003578,1.012247584020844,1.0274561261947015,1.1657322483214028,1.1753571770337417,1.048017821342271,1.0504599311483422,1.2609773816732592,1.2706276186908025,1.2769289899737513,1.2713297274882793,1.264306203013898,1.2595969263115325,1.2616253012359016,1.2702929093936692,1.183522984854953,1.202246988662381,1.1783586942383488,1.1773668835282087,1.1188340688421559,1.1211710186660775,
0.00409,1.0244623249065188,1.0240337418732373,1.1578394620185164,1.1715569954847487,1.024267240714397,1.0465727230125779,1.2754234547369896,1.2661222466780284,1.2608216142383406,1.2666293737943166,1.2323510102677686,1.2550642811886448,1.257506431104905,1.265823347999501,1.1734737621019757,1.1978797659242928,1.1553840281088386,1.1729777613331587,1.1096363569532337,1.1170116939559493,
0.004602,1.013147155061915,1.0206484678113532,1.1517226282042876,1.1677998754924477,1.027739346571728,1.0427287097235236,1.2621538925835118,1.2616672050771467,1.2453244071122114,1.2619816456158435,1.2328605313598273,1.2505823355758883,1.2422327926925094,1.2614038714946862,1.1848402310188917,1.193561619061441,1.1669866989859463,1.168638524851303,1.0963856060194228,1.1128984799490895,
0.005114,1.0199809444820418,1.0172998074853146,1.1406986094814848,1.1640852459557103,1.033835071607793,1.0389273082009445,1.2514453976673061,1.2572618189326412,1.2359599142698974,1.2573858338733108,1.2369791719587369,1.2461504082935657,1.2387553966163796,1.257033808868425,1.177743841105943,1.189291888695758,1.1393541868121662,1.164348503761068,1.103935768976382,1.1088307535289965,
0.005626,1.006565271586848,1.0139872712625604,1.1560473521165995,1.1604125434986081,1.0038481572590543,1.0351679435312076,1.247325694056886,1.2529054226190104,1.224641514444941,1.2528412393647659,1.2171412978689247,1.2417678276058315,1.2273377873474318,1.2527124983627105,1.1768587920641889,1.1850699245802696,1.1347591031434445,1.1601070369994781,1.089827337187358,1.10480790032997,
0.006138,1.0005110934110333,1.0107103763047816,1.1387686238556072,1.1567812123652754,1.0149795371828245,1.0314500488511789,1.223896315706674,1.2485973597103446,1.227696663027599,1.248347172626438,1.2345423365215036,1.2374339310881912,1.2302312614084618,1.2484392873433907,1.1618626732571884,1.1808950854711913,1.134386392925869,1.1559134726329274,1.0845697152393659,1.100829314612256,
0.007162,0.9945596908775284,1.004261612230235,1.1360820130676872,1.1496404785260157,1.0095735066394822,1.0241364415752607,1.2289721469799333,1.2401236536325115,1.2227235103513394,1.2395079124736388,1.2074910952533495,1.2289095866400765,1.2251542022016877,1.2400345980856327,1.1524244163232114,1.1726842615582458,1.127816934124792,1.1476674882346962,1.069234437778981,1.0930025650549804,
0.008186,0.9811979749770174,0.997949784843175,1.1212478601110367,1.1426587468870897,1.0005543602256453,1.0169821081706283,1.204697510122451,1.2318356284425205,1.2149916243160668,1.2308627272948354,1.2157212961090884,1.2205722568626245,1.2172365280138602,1.2318146977126738,1.1432807574776722,1.164654462322969,1.1226367900399148,1.1396055128879459,1.0559211474627954,1.0853458268265008,
0.00921,0.9749741377944023,0.9917712664575227,1.1298162830145184,1.1358318353277883,0.9987982308636708,1.0099827920881237,1.2097765204657867,1.2237283510340116,1.2011994120268632,1.2224064381867692,1.195941855377248,1.212416964481016,1.2059860724014049,1.2237746808711352,1.130289649699385,1.1568008692951826,1.1078769363985983,1.13172264701417,1.0678624988131376,1.0778545522188414,
0.010234,0.9644100937663665,0.9857225292523376,1.1103275109564117,1.1291556740381419,0.9876719023114892,1.00313435500078,1.1926441734369733,1.2157970235903217,1.1929549078900306,1.214134009339945,1.1883940480807471,1.204438869111544,1.1941212378299693,1.2159097764190627,1.1313439884465324,1.1491187963831369,1.107074595047998,1.1240141253090472,1.0461269351569396,1.070524320158208,
0.011258,0.9628700707262743,0.9798001424853628,1.110849756650999,1.1226263024842005,0.977495086626418,0.9964327734705315,1.1956848227880408,1.2080369798319501,1.179667513285801,1.2060405440322504,1.1752743428439192,1.1966332634511228,1.1887785977471257,1.2082153437147132,1.1294163034953693,1.1416036861943437,1.093967369516384,1.116475313023574,1.0461101865221272,1.0633508326221863,
0.012282,0.9578216762084272,0.9740007697850971,1.104568378792151,1.1162398664556878,0.9669326049754503,0.9898741357100161,1.1770822166178212,1.2004436813690154,1.1745742055498278,1.1981212807359087,1.1610803376740306,1.1889955695738559,1.1863987924366097,1.200686869008786,1.1186659538329007,1.1342511064595817,1.089156707619627,1.1091017023490397,1.032352667768662,1.0563299111595847,
0.01433,0.9480306635957916,0.9627581772367512,1.08883994606551,1.1038808985968038,0.9645834628226849,0.9771705838168859,1.1553104678051453,1.1857397850440137,1.1706368073491786,1.182786967447127,1.1537702582413099,1.1742062308557129,1.169413131210632,1.1861103521116076,1.1054154567845227,1.1200164141345457,1.0799624603997393,1.094832668312922,1.0269091265091055,1.0427296303197655,
0.016378,0.9396687228174136,0.9519698498843425,1.076217174398573,1.0920499560397714,0.9435111748091893,0.9649945207159546,1.1623479872803488,1.1716514530149826,1.1578724874448012,1.1680955400354152,1.1422893389730564,1.1600366828197615,1.1597332669968745,1.1721465227287449,1.0900393813603715,1.1063816340547492,1.0699247006978132,1.0811733684313212,1.0161790706491944,1.0296923153916748,
0.018426,0.9381942788097962,0.9416122350375559,1.0737007009886388,1.0807197496404066,0.9394399108738765,0.9533183619813704,1.1460088825631758,1.1581466330699308,1.1446993834568422,1.1540134009205327,1.133186156445739,1.1464546052633433,1.1528303659836743,1.1587634936029438,1.0856694469346848,1.0933154702835364,1.0539403254857453,1.068091964038358,1.0042615058008757,1.0171885107366212,
0.020474,0.9195599745715934,0.9316630549426843,1.064500575129773,1.0698644342823052,0.929752045040013,0.9421160289310835,1.1434043384768124,1.1451950024662165,1.136445981649552,1.1405087779194762,1.1284735037530629,1.1334294265343121,1.128096410957038,1.1459310943339025,1.073326110577105,1.0807883183771092,1.0407226443944155,1.055558333515226,0.9969662826031797,1.0051903723428972,
0.022522,0.9140844860004979,0.9221012367957692,1.053444729379017,1.0594595319740832,0.9278692017760096,0.9313628651528952,1.1348028202227427,1.1327678735146547,1.127027405067643,1.1275516237112788,1.107694899288066,1.1209322277529576,1.1261947813130258,1.133620777921045,1.0529670630061334,1.068772172865925,1.0350595826059368,1.0435439786797567,0.9838959432822599,0.9936715781945652,
0.02457,0.9096683113382384,0.9129068466348339,1.0485235061600073,1.0494818590600203,0.9105301111607025,0.9210355577107231,1.1155447913598067,1.1208381043610842,1.1065381408254096,1.1151135208941478,1.1015729632144295,1.1089356523272336,1.1159072823077552,1.1218055324334126,1.0507236002355498,1.0572405398402902,1.0280285369906126,1.032021936320116,0.9788638494297695,0.9826072436853437,
0.028666,0.892844898462556,0.8955459374156739,1.0290087098787135,1.0307215287716676,0.8931368447520225,0.901571535361549,1.0951929746112008,1.098369305986054,1.085622608246627,1.0916884164150928,1.0833458329850294,1.0863422484124585,1.0948014063318734,1.0995593855152008,1.0298274176686972,1.035531902392603,1.0063871119229242,1.0103541139799987,0.9531747178541281,0.9617491277234284,
0.032762,0.8739131774372842,0.8794413443868369,1.015433912292639,1.0134213333148114,0.8795057640553313,0.883561603758813,1.0788526916057108,1.0775992993202035,1.067867680220631,1.070035438714677,1.0660270891968329,1.0654584752149523,1.0795018421554452,1.0790041994289785,1.0166722085079152,1.015477659162567,0.9923002887240078,0.9903667958712272,0.9381403433458659,0.9424427724616313,
0.036858,0.8602976916712447,0.8644686525846462,0.9984052925818068,0.9974358286543505,0.865669180110047,0.8668605530545255,1.0577435606721053,1.0583585740585193,1.0521481143260536,1.0499773963325891,1.0468043725072542,1.0461135869158606,1.064361180144562,1.0599711922307269,0.9973500459136885,0.9969124139233356,0.9795554291380572,0.9718915756330305,0.9225413436989355,0.9245332602004834,
0.040954,0.8525376093816115,0.8505164649543334,0.9892980091638519,0.9826345116255288,0.8532993792016113,0.8513384807632286,1.0376677333966429,1.0404953213392696,1.0333500193392888,1.031355708470259,1.032463078305816,1.0281547079941853,1.0517287911468436,1.0423091766147219,0.9867090483303914,0.9796880685866386,0.9536063955804466,0.9547776314641839,0.9137365457237565,0.9078820336817043,
0.04505,0.8376640958860969,0.8374850187673638,0.9753444138655765,0.9689002740647901,0.8408054018922875,0.8368791505940011,1.024530612815867,1.0238735611902925,1.0225244056601317,1.0140284209091053,1.0168264476786584,1.0114449372019167,1.0268549664460098,1.0258827033805527,0.9679495431520118,0.9636719901825085,0.9460357171423607,0.9388898680225555,0.9026410278008418,0.8923651371541766,
0.049146,0.8298472879697159,0.8252849504545163,0.9669300541671373,0.9561280175540815,0.8275784741137183,0.8233785291321072,1.0150735383735985,1.0083714696377957,1.0069293131627197,0.9978684354493184,1.0004238082254804,0.9958616544155091,1.016970275594209,1.010570402252358,0.9591873850950566,0.9487453736695983,0.9331754796537244,0.9241072561428441,0.8804809387658102,0.877871648703491,
0.057338,0.8091240503070299,0.8030669901794745,0.9451566645640432,0.9331017832279155,0.8071576350990749,0.7988906044896738,0.9895836322233051,0.9803009674442056,0.9817901078849668,0.9686069464728417,0.9771806544862508,0.9676465665545264,0.9940228373891682,0.9828644894856252,0.9333356981087162,0.9217458270878319,0.9120497218358065,0.8974349569243002,0.8615804317366199,0.8515681445403936,
0.06553,0.7915831586076085,0.7833166028885107,0.9274625046637693,0.9129111587189491,0.7889358501435357,0.7772403145281915,0.968190249178955,0.9555393877958663,0.9576791070625806,0.9427956250671716,0.9557000600313379,0.9427605441852142,0.9727451593592623,0.958449504081566,0.9148424196620728,0.8979637407922051,0.8875302573952094,0.8740212533177341,0.8386072784131868,0.8282953781784613,
0.073722,0.7758717303568247,0.765594825889522,0.9124205740049258,0.8950364768383839,0.7716974684103275,0.7579183802489833,0.9480189933478438,0.9334882581034694,0.9340930311796503,0.919811527379992,0.934030008460576,0.9206017480688017,0.9556990304909655,0.9367288253334604,0.8943256177522317,0.876815894045956,0.8683282986832797,0.8532717553157322,0.8182847230755744,0.8075106861425693,
0.081914,0.7606272206573204,0.7495483225064851,0.8960787274899409,0.8790586013833666,0.7543935561881188,0.7405154471229749,0.9305760612384932,0.9136659829145841,0.9137857832130121,0.8991537773900106,0.9171750563914095,0.9006860324090024,0.93514016044558,0.9172222546727897,0.8746540455467127,0.8578331102209444,0.85555233778966,0.8347082793253875,0.8002229312081742,0.7887779546541624,
0.090106,0.7451995933928198,0.7348923049026974,0.8818064901695318,0.8646392785290724,0.7382968243270587,0.7247020199803973,0.9111145287317697,0.8956846040061517,0.8978810857506345,0.8804191528349139,0.9010796461654006,0.8826234899751793,0.9161872745119589,0.8995429097849386,0.8573429688769336,0.8406375489384665,0.8387288830664288,0.8179457556258998,0.7883505177423694,0.7717461826088865,
0.098298,0.7329688919285374,0.7213968954525635,0.8679716023827049,0.8515053447038072,0.7254085519284375,0.710212470546574,0.9008786383865397,0.8792312185688974,0.8797414819670837,0.863282600226637,0.885524984094529,0.8660997114551879,0.902161728245408,0.883378738841101,0.8435748722512194,0.8249245568240242,0.8210712669670147,0.802673759098933,0.7731249224717226,0.7561324069361538,
0.114682,0.7076296883147067,0.697179743201194,0.8410422823043802,0.828252758259616,0.6985320009502992,0.684387883170967,0.8627883130263889,0.8499458844854322,0.8476310503457278,0.8328041194721346,0.8505897324904281,0.8367014176485909,0.866927506360343,0.8546360442712484,0.8106388311208772,0.797009435261953,0.7911677010142479,0.7756471569473273,0.7411247784501205,0.7282882916481498,
0.131066,0.6849285853988601,0.6757931583621789,0.8186404399983275,0.8079933003885116,0.6717612173970308,0.6617697097192248,0.8343993457531529,0.8243126533158547,0.8198581043053284,0.8061633532623318,0.8239647528108571,0.8109868862138402,0.8368868369661852,0.8295012890119104,0.7842867351315372,0.7726308492844406,0.7632688759952143,0.7521455556468982,0.7153122121129255,0.7038900873750179,
0.14745,0.6612526515472116,0.656506558474285,0.7969159900571013,0.7898678323501519,0.6489822832070399,0.6415176645392642,0.807030075233023,0.8013448631253879,0.7870227513274624,0.7823349803392634,0.7955495601754794,0.7879647026542652,0.813352322618278,0.8069913702998149,0.7610656442087833,0.7508293003809507,0.7361972722382475,0.7311939245909482,0.6884590644743314,0.6820416042413995,
0.163834,0.6427733300348889,0.6388306790495579,0.7761130392557709,0.7733085538432949,0.6294309746812441,0.6230700066008936,0.7828867704893813,0.7803860646529287,0.763410571992804,0.7606356569930375,0.7732653063106443,0.766974876630044,0.7885033182066915,0.7864529612069991,0.733590871027019,0.7309667565332325,0.7136236547436379,0.7121455524223888,0.6655197711622648,0.6621429394117645,
0.180218,0.6254033570440086,0.6224329687788906,0.7586668813705656,0.7579372686856877,0.6088786916779161,0.6060455277732827,0.7622472169052247,0.7609940379456264,0.7426397767215447,0.7406036944795937,0.7494326447082655,0.7475723481555073,0.7659386089225374,0.7674467195525415,0.7105530721354928,0.7126136433155597,0.6948210696790013,0.6945666007079302,0.6450487261702481,0.6437862161143139,
0.196602,0.6091116915136532,0.6070831680302464,0.7404953509279042,0.7434994321534079,0.591835914731675,0.5901806732028797,0.740837635210586,0.742866115394285,0.7198391885245475,0.7219217586150775,0.727923369626554,0.7294520463525895,0.7470754042857297,0.7496726818253865,0.6916660843058382,0.6954761223267719,0.674747758269108,0.6781617611270204,0.6242648535402766,0.6266887391534445,
0.22937,0.5785346654980862,0.5789195824479471,0.7105299135384269,0.7167824028434807,0.5597847934362083,0.5612355367847499,0.7028492440992135,0.7096176572416483,0.6809784873135406,0.6877793839005092,0.6905320837163395,0.6962650180067231,0.710420013772943,0.7170463317704658,0.6590028132442378,0.6640864361132219,0.6401870688848907,0.6481150396866643,0.5909196586677722,0.5955240295333736,
0.262138,0.5500713210395238,0.5534864967854233,0.6823085769706122,0.6923024416837567,0.5313450707735057,0.5352615209638303,0.6697016411881979,0.6795590917186259,0.647589579275325,0.6570581744809844,0.6576169267353111,0.6663179231141059,0.6778529952440663,0.6875108050600651,0.6235123414052247,0.6357493802571885,0.6091364514703123,0.6209688482028994,0.5615768560763581,0.5675971287224334,
0.294906,0.5242364283354521,0.5302811009181678,0.656386543213469,0.6696092229476036,0.5044129013690914,0.5116880226805722,0.639582090347707,0.6520768309846993,0.6153874046024004,0.6290957806369146,0.6279253790440378,0.638985665471953,0.6468911113452552,0.6604684237580035,0.5957895812120308,0.609871364217566,0.5811577287689086,0.5961467770857015,0.5345744065505496,0.5422868732092192,
0.327674,0.5012864110926458,0.5089689827483594,0.6320718034456297,0.6484343870317709,0.4825012445937243,0.4901379398440475,0.6133000261285971,0.6267765203832092,0.5894131094702456,0.6034611724284555,0.6007277294423645,0.6138646235768149,0.6235348704579193,0.6355382497892638,0.5687348805244792,0.5860717234974341,0.5571451299716178,0.5732855624531704,0.5099863743766195,0.5191803733750179,
0.360442,0.48070628478213734,0.489304274066339,0.6114342775190673,0.6285958760309974,0.4619296929040745,0.47033607614021067,0.5901739736288796,0.6033750957205156,0.5635255285084615,0.5798427980050676,0.577142126631734,0.5906643277840194,0.5963063561502464,0.6124483960419533,0.5483071015076061,0.5640778382783537,0.5368450178292759,0.5521283666523208,0.48872807169136656,0.49797532756860785,
0.39321,0.46215109911491176,0.4710931359062186,0.5905816214648459,0.6099561340466009,0.4427787682197291,0.45206714996540426,0.566707057987935,0.5816523150050448,0.5401462265200628,0.5579978871362156,0.5542500899495483,0.5691586561241879,0.5758887963028597,0.5909878801961249,0.5271712574057318,0.5436780399202756,0.5159268198004039,0.5324772220279751,0.4684601101725764,0.47843500632177344,
0.458746,0.4309823294911302,0.4384177639559884,0.55983070880697,0.5758422364569112,0.4095065591502792,0.419452567058769,0.5296513675561729,0.5425491085900936,0.5049933698020497,0.5188663380752252,0.5135899699829877,0.5305199930561906,0.5403227984009756,0.5522906238524411,0.49363456447416243,0.5069956159607536,0.4819293294814859,0.4970729562288855,0.4362498488535666,0.44360621582612475,
0.524282,0.4028712247442003,0.40993035734612404,0.5290736492043755,0.5453735318163573,0.38126734561382863,0.39118860039475684,0.4951558305487117,0.508322242050082,0.47110912252239645,0.4848154930824082,0.4808609551097144,0.4967773881586393,0.5097324251445365,0.5183487825885172,0.460984123964549,0.4749288014705053,0.4506343065562725,0.46605082215607985,0.40564377475396296,0.4134810762383376,
0.589818,0.37943833965317814,0.38487283802658984,0.503149531422015,0.5179926005248631,0.3567076066452441,0.3664576634365027,0.4678434317962906,0.4781108513849112,0.4421164586017066,0.45491411597640263,0.45300478958208407,0.4670535304715557,0.48148031694103344,0.4883341753005669,0.4323947269746798,0.44665585470959,0.4237314663514404,0.4386422932920498,0.38068963925981736,0.38716551479446526,
0.655354,0.35882528567908234,0.36266110649657707,0.48012048210824515,0.49325242448663165,0.33601239251620707,0.3446364901466889,0.44206402952360874,0.45124750104151207,0.41478449850237553,0.4284474342831988,0.4285591960288737,0.440670908034839,0.45454893220558856,0.4616024818587377,0.4087353622271874,0.42154114489847705,0.40059755919015955,0.41425070075302683,0.3567585981392313,0.3639801476397389,
0.72089,0.3399515164877468,0.3428368293625383,0.45961175945019356,0.4707887232881257,0.31638333420468745,0.32524055684272457,0.4175838274438308,0.4272052891459981,0.3944173737084576,0.40485629376693694,0.40707453950611416,0.4170965716440812,0.4328488345791358,0.43764341098385456,0.3859114312106109,0.39908388934434114,0.3814819515038204,0.3924042685610552,0.3382795271650075,0.34339836418140823,
0.786426,0.3237564910070162,0.3250351274917676,0.44094517775764364,0.45030135010601385,0.30027407486289165,0.3078873058727899,0.39902990353697926,0.4055624327304446,0.37575884499874895,0.38369672738622373,0.387762463320328,0.3959052604830848,0.4098204815183311,0.4160472896980321,0.3669235294960784,0.378883929656928,0.36281568437197703,0.3727247819057647,0.3201543657865772,0.3250054568488627,
0.917498,0.2952956406662818,0.2943773404457129,0.40880576072413083,0.4142975571690964,0.27304245332867644,0.2781426520596563,0.366147791868264,0.3681699809650147,0.3421138514177045,0.347310799810166,0.35651226541650105,0.35936064892183794,0.3757618247320411,0.37867259702571787,0.3375921800121668,0.3440203513322467,0.33405092506995937,0.3386947351982324,0.29230412396609823,0.293525551860662,
1.04857,0.2684539296666311,0.2689183744606587,0.3822746198826968,0.38368306022870163,0.2491458160151347,0.25357672690073124,0.33856572873132096,0.3370026830593783,0.31670489273262853,0.31714765790614285,0.32713665323290114,0.3289655198210969,0.3459010342751434,0.34745886299569767,0.31156639657319324,0.3149957510967017,0.3096319288566557,0.3103012061168667,0.26846922767555936,0.26757106878495457,
1.179642,0.2455785617838075,0.24744111120200313,0.3562777462739502,0.3573333103891897,0.22934495419798118,0.23294750265898623,0.3147719653206821,0.31062756331984714,0.2943688027933005,0.2917390810732281,0.3029003051952383,0.3032903365536518,0.3202301379581827,0.32100072210334873,0.29061816281216585,0.29045864182111875,0.28805481781397296,0.28625279149775534,0.2472391148724509,0.24580699118111413,
1.310714,0.22696492300386484,0.2290808191947107,0.3350363799172238,0.3344162643380975,0.21395788710768943,0.21538067752909443,0.2925187084868616,0.28802007613956077,0.27543133228104,0.2700450118149016,0.2820197947031147,0.28131674473928175,0.29836265384828076,0.29829000272219997,0.27244375469010895,0.26944470968794443,0.26914903660808065,0.2656245670398417,0.22746916088776206,0.2272962736505465,
1.441786,0.210775581275185,0.21320623128600752,0.3152611817749574,0.31430308706028903,0.20121696784218301,0.20024296530114874,0.2729800881651808,0.26842827125899704,0.25890336578464207,0.25130808605160093,0.26354768074303986,0.26229965363775753,0.2785747351141474,0.2785846662140372,0.2584404423775618,0.2512474347251158,0.2534618797782454,0.24773669924418257,0.2119690855009434,0.2113618334750069,
1.572858,0.19884038900531548,0.19934573744482895,0.29770963716354865,0.2965096854712735,0.18952730145074026,0.1870644010289486,0.2582336366433772,0.2512877888535564,0.2445263484188134,0.23496369836887027,0.24932931987250725,0.24568134044211518,0.26308853938898397,0.26132642833808023,0.24720445384131876,0.23533734206495444,0.238867636651254,0.23207830830589518,0.197963172144923,0.19750224771812538,
1.835002,0.1813622391450945,0.17631003125168299,0.26785632270318743,0.26644546737834507,0.1721641346541586,0.16524165126741486,0.2346420637355119,0.2227292445578447,0.21856037232715536,0.2078315049431884,0.2235271721211542,0.21803308927777648,0.23486129435015768,0.23253320803336533,0.22299394491975286,0.2088503419283698,0.21761503798172435,0.20597110055737836,0.17599130468128632,0.1745777041195376,
2.097146,0.164156492641146,0.15794452532567202,0.24363103182228485,0.24202219273770023,0.15558397929247733,0.14791470313187005,0.21371697823458863,0.19989575465192808,0.19711833912685056,0.18622855892440798,0.20214800936046542,0.19596384280923884,0.21439168902172018,0.20947715570819267,0.20337483880123933,0.18769261367025872,0.19980056582205152,0.18508116774411154,0.158822251708692,0.1563991829387624,
2.35929,0.14945964297844452,0.14296418321783505,0.2251787928791871,0.22179177804082198,0.1424820134958076,0.1338288424511142,0.1961648380045019,0.18122771326904233,0.1775238384627028,0.16862646062685582,0.1851849087399612,0.17794490250062514,0.19601590736902286,0.19060379354929094,0.1853980867569443,0.17040762951779015,0.1854430689163904,0.16799119020901368,0.14569935653521934,0.1416363994086955,
2.621434,0.13957521916786805,0.1305156504446299,0.20862482657483608,0.2047626306139828,0.13286092696698254,0.12215633068662668,0.17934672386762274,0.16568467044974178,0.16307928215252832,0.1540123957902736,0.17263012239105527,0.16295915101822217,0.17914407123325393,0.17487354245124206,0.17093282682616945,0.1560251506914192,0.1736809509485874,0.15375444002708058,0.13405583542134603,0.12941354414041273,
2.883578,0.12826083909649882,0.12001003730444966,0.19437918062015797,0.1902329132546358,0.12269938122327508,0.112329030899921,0.16302035551482305,0.15254591716075167,0.15174306141952457,0.14168864655377855,0.16328638088533104,0.15030358045555375,0.16482831132005188,0.1615648419348766,0.15872943125909442,0.14387392346251626,0.16138442748286605,0.14171444462315175,0.12369437093323761,0.11913048333771528,
3.145722,0.11716374285092997,0.11102784074491631,0.18336147234310426,0.17769191456546704,0.1140083924665049,0.10394404183479282,0.15024211503662163,0.14129642996520828,0.14293046981255175,0.13115890495581806,0.1555149159629522,0.13947673426041235,0.1532603678066653,0.15016118857895525,0.14839331483281024,0.1334747553872419,0.1509701558620434,0.13140167511183806,0.11482784418687832,0.11036221308162651,
3.67001,0.1019079196294502,0.09648317478607406,0.16804135501034217,0.157145291180857,0.10007131571495816,0.09040093278055718,0.12888349965823775,0.12304833297398443,0.12977663041424134,0.11412223750305876,0.14180351628847584,0.12193212623027982,0.13687869052029833,0.13164563848184388,0.13294117177498793,0.11661559331260518,0.13450271208180298,0.11466493430793256,0.10391084914705725,0.09621122268031604,
4.194298,0.0890794991874709,0.08522319738703978,0.15444313633616924,0.14102682385806736,0.09089036832559316,0.07994659802328614,0.11549237556836207,0.10889310138475673,0.11731907641560557,0.10094524387761701,0.1283055317266081,0.10833832507879271,0.1272701594362993,0.11726766466741909,0.11906403651231937,0.10354621213448054,0.1190651410383387,0.10167494130662198,0.09396578029499203,0.08529746215242653,
4.718586,0.07898704895971861,0.07625606948852434,0.14464758402899386,0.12805110482615298,0.08185149188830802,0.071640825335136,0.10463941764696702,0.09760184548497623,0.10590001944435837,0.0904594310301159,0.11735447391954815,0.09750517315340707,0.12113807783854089,0.10578875283634424,0.10967246043759776,0.0931266205486414,0.10576887030481967,0.09130850476679718,0.08560415244558875,0.07663310658073727,
5.242874,0.0680731153873329,0.06895227191203612,0.13769430446306238,0.11738601713009059,0.07241657571054948,0.06488930550014468,0.09386446266148323,0.08839234184788863,0.09901099927200635,0.08192413838272586,0.10687863934440835,0.0886763687424044,0.11581185247080589,0.09641932956314188,0.10149161236378895,0.08463186084304462,0.09534840704956711,0.08285010885563826,0.07890910700990522,0.06959453432466728,
5.767162,0.060756043939290134,0.06289304494123958,0.13084624368332484,0.10846913053632494,0.0666650336487928,0.05929800548705342,0.08693627687425311,0.08074304196535187,0.09189060558891046,0.07484719957650918,0.09764493430180009,0.08134832716055625,0.11064377269647782,0.08863228675518213,0.09357564563930662,0.07757893143590751,0.08514537083382562,0.07582237440526676,0.07308650346764418,0.06376869625813686,
6.29145,0.05628503368222883,0.05778902883965176,0.1281171452935571,0.10090665017807755,0.06268942763797818,0.05459539452471935,0.08229067318283506,0.0742928681060734,0.08735728140334605,0.06888883108470603,0.09159893139024156,0.07517279611290588,0.10578036262501161,0.0820623203417679,0.08554570884434508,0.07163364994005361,0.08004078148864029,0.0698946266497465,0.07210566848047711,0.058871195710467374,
7.340026,0.05038835629258216,0.04967654819528385,0.1232824161766474,0.08878318987919318,0.055189519045219605,0.047135551865505346,0.0701627883245027,0.06402713561113804,0.08084234455889583,0.05942431494669727,0.08503020445719728,0.06535171969442373,0.0953884378468372,0.07159859328791991,0.07352407007694553,0.0621755278480418,0.07065637735713422,0.06045693051824624,0.06539170984165489,0.05110699467462052,
8.388602,0.049765972065323814,0.04352943731136719,0.11009902236680162,0.0795046384074559,0.04947527619701303,0.04149604553067259,0.061255198863578615,0.05623626224666896,0.06949048064065003,0.05225798937541347,0.07636423348035366,0.057905036499126164,0.08505856234481034,0.06365091679406235,0.06518654672774338,0.055001179041669436,0.06131805225365656,0.05329141586165777,0.05827126549395078,0.04524169917188416,
9.437178,0.04888094060549173,0.03872111317363961,0.10741459224361455,0.07218527184779855,0.04622101021709704,0.03709353808629155,0.05374244122864124,0.05013402408365045,0.05789876114118549,0.046655957309151494,0.06584559651454852,0.05207688717393615,0.07574297864338003,0.05742149074855838,0.05742574214260479,0.049384251529179066,0.05222791452653718,0.0476769511569999,0.05163469958141663,0.04066581783519489,
10.485754,0.04126645834802312,0.034864736907564975,0.093268728387563,0.06627164957672696,0.04250779901436823,0.033568809226011395,0.05117515800758372,0.04523416164233195,0.050099439526542035,0.04216549813966365,0.05781225613363119,0.04740027330640707,0.07202451767151094,0.05241642692426838,0.05544451685366728,0.04487577360749064,0.04359557912022011,0.04316731595011036,0.04523789954719666,0.03700432182290882,
11.53433,0.039475734628232374,0.03170869139225309,0.08066857133108062,0.0614002389340085,0.040333991896252426,0.030688700910539445,0.04751420625454732,0.04121992754494636,0.04750899145312085,0.03849234210191274,0.05491426148693966,0.043571252027399934,0.061436820032039915,0.0483137573300829,0.05052521587525696,0.04118342550168115,0.04083701503572192,0.039471726828935745,0.04028908767150317,0.03401395285561841,
12.582906,0.0348178256075196,0.029082335611178577,0.07092160642234654,0.057322456140566386,0.03583220245225309,0.02829537714464246,0.0433871623520828,0.03787624371510728,0.04256721365326047,0.03543703765549302,0.0529448235228967,0.04038358845986205,0.055388492287816664,0.044894714288572585,0.046624867778325384,0.038108795800449895,0.0381056846823169,0.03639266823916801,0.038918817875802744,0.03153013099912168,
14.680058,0.02878661921952526,0.02497297248317645,0.06633293606754095,0.05089302746702417,0.030636215767650566,0.024557578378112264,0.039726874331802886,0.032638020380468015,0.03662682561815739,0.030659318121340828,0.04563246280337982,0.035393352924266645,0.046607441945677806,0.0395349661033801,0.03896217793141313,0.03329398740192006,0.03510213470554059,0.0315673883850258,0.035273887320610105,0.027653292950716692,
16.77721,0.024418782418411764,0.0219172813974405,0.06038246602614741,0.046067682656102546,0.025726678065118986,0.02178442962334455,0.038038724663317494,0.028737067015784674,0.030736853890771805,0.027109168108770638,0.03885065342669655,0.0316802939907926,0.04537669219647103,0.03554038217598468,0.03334211476237404,0.029710081521322127,0.0326449315691135,0.02797249655006004,0.031478393418681264,0.024779052534237428,
18.874362,0.022531452450587713,0.019565890563124813,0.059143265826799955,0.04232438770954508,0.02323724042798201,0.019654646678681914,0.036005943815791516,0.02573129901554488,0.025010540818974615,0.024378980995805124,0.034781715425802634,0.028821465260058465,0.040459843507193394,0.032460361279335506,0.03111891246728818,0.026949766960413016,0.027987329833962047,0.02520157142771146,0.028712548677905483,0.02257301230017395,
20.971514,0.018490397820696156,0.01770716507980507,0.05805959951732961,0.03934408536760489,0.020574936857566888,0.0179740222824702,0.03184208026934456,0.02335253947776076,0.024189828601979057,0.02222201145202325,0.03058819276656231,0.02656050952807292,0.034337894730295346,0.030021356923211312,0.030737253478849327,0.02476607365767681,0.026678931477415676,0.023007975130765104,0.026350700061939944,0.020833175526837167,
23.068666,0.016995242981752777,0.0162056640337021,0.039588199066634286,0.03692099734876496,0.018082748955514222,0.016618502592470094,0.02680906957170338,0.021428947122997637,0.02265861629040435,0.02048044255023685,0.028454303329351588,0.02473327778803564,0.034335399804927794,0.02804797260262844,0.026068623372776017,0.02300081267672468,0.023844690172878335,0.02123361450712418,0.023520075829441565,0.01943059046789236,
25.165818,0.015076531089693973,0.014970834976813932,0.041652900415308274,0.034916589744442214,0.017055414767657845,0.015505289195145919,0.023527012240700154,0.019845503546095662,0.019877610311317354,0.01904881831510187,0.028007047421271362,0.023229971642078177,0.03709205417466044,0.02642274135930739,0.02092404668769969,0.0215481417637799,0.02059035208012523,0.019772640938097774,0.01976766205885675,0.018279236576389198,
29.360122,0.011958319228086624,0.013068198556115712,0.04201947090782741,0.03180471584055636,0.013953787898556013,0.013793128131413927,0.017999624712909962,0.01740275774921861,0.01625597847919868,0.016844218799285687,0.02321722475808362,0.020912476201081394,0.035049714188231225,0.023913934351898314,0.0180693311401408,0.019308010204531236,0.01623566219188989,0.017518083476651625,0.015502738041643482,0.016509423397775343,
33.554426,0.013103802382991287,0.011679370972657564,0.04309998575659625,0.029512483284886322,0.011863231129909097,0.01254601427914457,0.016184168766818628,0.015617095795300965,0.012532172643353481,0.015236068929636458,0.018968119237325644,0.01921978908242332,0.026528446318839584,0.022078585514595864,0.017883823492048135,0.017671223027784615,0.016024965070143848,0.0158693385264845,0.015789411154507747,0.01522118818902006,
37.74873,0.010272085644652816,0.01062761212532703,0.03048972617975061,0.02776300024689256,0.011494041681233767,0.011603290895619126,0.01263631795674967,0.014263147258547765,0.012273072097480386,0.01401892160256014,0.015424496243818609,0.01793725123203125,0.021514640440579783,0.02068605895937877,0.014022755797153744,0.016430648895247132,0.012584047540206233,0.014618784574698033,0.016620600424554793,0.0142479369343649,
41.943034,0.010266306245176705,0.00980777849904736,0.029199211728366675,0.026390037333413947,0.011089786747029056,0.01086959699922568,0.0137773335466752,0.013206637884340932,0.010727316106348916,0.013070641995392538,0.012327014126485186,0.016937080177449722,0.028942384681526826,0.01959883639500341,0.011610301930751908,0.015462939330961219,0.012004587984007614,0.0136426721207055,0.015590428452591652,0.013490855399708209,
46.137338,0.00833456072672603,0.009153655734708405,0.0243927154610472,0.02528805961550009,0.009982156726857615,0.0102849978889648,0.01198603886827661,0.012362896160080936,0.008791362554091181,0.01231436367386926,0.008609642934374712,0.01613875952339333,0.024620989626087064,0.018730140742001893,0.010822435480976545,0.014690345493251197,0.013288095749289384,0.012862938447931004,0.013357251008580042,0.012887877753888262,
50.331642,0.007585361317147607,0.00862161302615107,0.020786936325016242,0.02438701787620104,0.010542735059469255,0.009810070448157062,0.009407132867813113,0.011676063153353993,0.00680855787769397,0.011699465190291473,0.010380347409933982,0.015489207805322645,0.03047113246054692,0.018022688540665924,0.008196771114414178,0.014061594927385561,0.01060913971963259,0.012228067995418304,0.013014122820645046,0.012398202024923076,
58.72025,0.006984534715838668,0.007813235585056044,0.025072144881892383,0.023008901441815277,0.008863274107278914,0.009089543617520332,0.007685699659594678,0.010631435904106843,0.004476688979163304,0.010765641429386085,0.007709077329490843,0.014501866068992397,0.022979162969933874,0.016946118505761366,0.008972076016875299,0.01310562218402207,0.00784666618426726,0.011262202014436158,0.010859319975059867,0.011655643481340667,
67.108858,0.005838642909781258,0.00723277055451369,0.02446861366687731,0.022011691183964358,0.007520202832317477,0.008573043394308442,0.005896464115122702,0.009880446572666282,0.006057686912535014,0.010095464671572376,0.007643658003582781,0.013792543322394523,0.019435390929778355,0.016171681000791634,0.008595414002064889,0.012418628555236172,0.006838537664434679,0.010567610015250733,0.007868970989137445,0.011123632311174044,
75.497466,0.0031907072293989058,0.006799164479527478,0.020074485563413704,0.02126203433171375,0.007248180484756443,0.008187756059958461,0.008489922053790924,0.009318918897953984,0.00793584752367015,0.00959506774606255,0.010447868448144396,0.013262466628959831,0.017999975354430545,0.015592323337366687,0.007190355198070644,0.0119051117385321,0.004131995764742716,0.010048113736784048,0.008390420173536332,0.010726945677208697,
83.886074,0.0029332050140205234,0.006465074627747114,0.0188831793845005,0.020681342671230292,0.0048026298543451815,0.007891239198932767,0.004860738180224402,0.008885918916147423,0.004305427835265925,0.009209659514273796,0.005518755768626651,0.012853909344508316,0.017208888677932528,0.015145382713426612,0.007037301314882116,0.011509236528570678,0.005431121151337188,0.009647435770847654,0.0069793056545535935,0.010421765219555313,
92.274682,0.0025162335647891964,0.006201157537434712,0.014494971740714742,0.02022053232122281,0.004302492010265868,0.007657232439948748,0.0025121627308838245,0.008543634166644361,0.0017817899930442317,0.00890529882243039,0.00628355008966909,0.012531074013059584,0.010628958902986128,0.014791949296541804,0.006755547980175942,0.011196367819691884,0.002541329722495913,0.009330641867184136,0.006330632417843271,0.010180993991311315,
100.66329,0.0031206704233046967,0.005988345717155945,0.010273193885838649,0.01984749591442434,0.0037535879843039275,0.007468697186448058,0.0016720011285535775,0.008267468763430718,0.00210598442615511,0.0086599411208343,0.008278057809165436,0.012270689280125254,0.003144774669525341,0.014506699613905973,0.006254925126230168,0.010943983967581953,0.0026172058229101845,0.00907500193104216,0.004780868573119861,0.009987058782118745,
117.440506,0.003775864234468211,0.005668424532156489,0.0073358961915095874,0.019284023780363698,0.003452670478570412,0.0071855583806791495,0.003021331225356745,0.007852013835884755,0.0013283885192437329,0.00829121394110077,0.004610606071098449,0.011879135419238882,0.004452047733322253,0.014077415533311747,0.00461842470144167,0.010564392573167353,0.0022963399534587127,0.008690349455106548,0.004919208456838429,0.00969590117999635,
134.217722,0.004826997463362672,0.005441461727876322,0.005397976906306918,0.018882119531937983,0.003742731336776206,0.006984918036067651,0.0034120090343411082,0.007557042143448663,0.00018749517587326014,0.008029722166283617,0.004118452286646734,0.011601261681018675,0.005894211083149217,0.013772495128216653,0.004380803112417557,0.010294953402975681,0.0028377708593672014,0.008417187249661146,0.004939473634186853,0.009489650300551043,
150.994938,0.01418694474078555,0.005273563880485817,0.00438789767576377,0.01858352576020382,0.0029733686835556883,0.006836625837878971,0.0019365691149387221,0.007338696499106949,0.0015886619585171546,0.007836337272346882,0.0028703264204877634,0.011395647782454783,0.004320731387543138,0.013546708595122088,0.002450931995462393,0.010095548475537296,0.0042962493741662035,0.008214950136618462,0.0021870126888622688,0.009337253343202033,
167.772154,0.0016848220193547636,0.005145232546596183,0.004648591460891494,0.01835449445256726,0.0022508635296827296,0.006723362621338517,0.0005389710309991314,0.007171720203844157,0.001362510229510945,0.007688559947224315,0.0028298256657954468,0.011238454792551174,-0.00036263321779935967,0.013373994274724469,0.00231210818900911,0.00994308223259649,0.004886028262570358,0.008060270522265767,0.00236250016493051,0.009220880952325178,
184.54937,0.00181518589471223,0.005044534301867187,0.003694681193610876,0.018174252752573936,0.002128103985757934,0.0066345416479902455,0.0012632584424767624,0.007040642517629603,-0.00030797157484089953,0.007572625582408492,0.0023439040668736945,0.011115087625166952,-0.0002105417436760204,0.01323838107487297,0.003110515510167766,0.00982341162565468,0.000769318228072664,0.00793883144763559,0.004012199247412962,0.009129638613416709,
201.326586,0.0027537435564759074,0.004963797292041732,0.0035729716082822226,0.018029381841047767,-8.091188120534554e-05,0.006563363738018392,0.0011708330990858285,0.006935510430992816,-0.0009955170263740553,0.007479687970744532,0.0014433734905649187,0.011016160488522995,-0.001016270874233114,0.013129590172617696,0.0037484607690280126,0.009727439904690972,0.0022958409405342685,0.00784142036964281,0.001539333521084476,0.009056531662757675,
234.881018,0.000756614863848104,0.004843252911821878,0.0030845194221122306,0.017812442282414655,0.0005776030415464816,0.006457155795427568,0.0009908810996198537,0.0067784760145513335,0.0017667159665363031,0.007340954605775839,0.0021635329624959086,0.010868431021604319,-0.0017823197641904276,0.012967053167362148,0.002724167753927329,0.009584108128090307,0.0005992640228589119,0.007695901421381585,0.001661164357106788,0.008947465402694407,
268.43545,0.0019059777901990049,0.0047583823090729714,0.0019434144824599685,0.017659204149854113,0.0009736880484894295,0.0063824286170564215,-0.0001965218049065287,0.006667862251775585,0.0009120290184451685,0.007243298854327215,0.0025265820511317337,0.010764400054037466,-0.00220444498235945,0.012852534333854975,0.0015106799341824218,0.009483161849791462,0.0007751050464852894,0.007593385629253402,0.002265974610578878,0.008870742662552148,
301.989882,0.0017028725802048727,0.004695972417862582,0.0015350843973485206,0.017546232075532832,0.0008472144094941126,0.006327506135387727,0.0011624862539711112,0.006586492273787586,0.0012188543706482102,0.007171499379087855,0.002926695359605529,0.010687888837716649,-0.0006675193145743341,0.012768275010503195,0.0013770810831823653,0.009408912349689928,0.0011322742028436617,0.0075179649988649025,0.0024802041586132395,0.008814362363338562,
335.544314,0.0015417578250951892,0.004648499283862056,0.00032249921742787623,0.017460121641742085,-9.648744326387515e-05,0.006285745710075884,0.0023423675781556953,0.006524578685642911,0.0003798813168604687,0.007116891218675635,0.002033178983999777,0.010629682173685982,-0.0007456764818493556,0.01270415276753084,0.0010974577742546953,0.009352422061713977,0.0004853451550820731,0.007460573510418312,0.00348764760355861,0.008771498873591356,
369.098746,0.0018037106325356866,0.004611395997240405,0.000724485310836247,0.01739270746890681,-0.0017376708341587754,0.006253118324219554,0.00018976532461207452,0.006476177639635364,0.0010119618311488264,0.007074216136505857,0.0026006033592457676,0.010584185389133754,-0.0016701730355388599,0.012654018576388093,0.0031977472899199235,0.009308264149097694,0.0007571318755443723,0.007415704612151245,0.001779624097531154,0.008738013109010753,
402.653178,0.0021735349571596705,0.004581746507403053,0.0011019462911932675,0.017338760497181086,-0.0004517824018545724,0.006227052920052358,-0.00042581667952077404,0.006437492282158865,-0.0010593768323406306,0.007040117307790053,0.0020969924547862328,0.010547825558489045,-0.0020496162217468416,0.012613943618688415,0.00022188031741319226,0.009272972495686574,-7.411939339348806e-05,0.007379840374834107,0.0026676445515898626,0.008711264255177856,
469.762042,0.001477218049372686,0.004537652235187299,-0.0002276251356931258,0.01725839824638841,-0.0008671703731589897,0.006188301710420249,4.021828751450851e-05,0.006379946443858851,-0.0017856015425224926,0.006989411502208135,0.0006754763841679257,0.010493746453416025,-0.002198165961186578,0.012554323077515613,-8.63860682836437e-05,0.009220478950359757,0.0006605531845806079,0.0073264875362598555,0.001397238653295374,0.008671500970341852,
536.870906,0.0002555975069191341,0.004506740692382706,-2.696537949371969e-05,0.01720195957362865,-0.0010923912020644043,0.006161145649534874,0.0004938999559030454,0.006339594545293807,-0.0019531043772309476,0.006953869222138417,0.001488053336714792,0.010455831151648711,-0.0022507223938666066,0.01251251054060423,0.0006857928757401411,0.009183672872420383,0.0006486155888847245,0.007289073135758583,0.002205608264115413,0.008643638721121637,
603.97977,0.001012954657819276,0.004484085515309534,0.0014798487687076856,0.0171605376313467,-0.0012673093903325227,0.006141248416400622,-9.244611565613959e-05,0.006310014645585059,-0.002005676268044989,0.006927822512876974,0.001640489022920395,0.010428040602390429,-0.002749180305329686,0.012481856627752549,0.0009139774519334765,0.009156693974651057,-2.039785640651548e-05,0.007261645045552721,0.0025216669964385607,0.00862322578536178,
671.088634,0.0006748851351004647,0.004466898276470674,0.001102725940369167,0.017129078123600105,-0.0004486553176097141,0.006126156812983696,-0.0006632410412961543,0.006287570471922489,-0.0017859622955891385,0.006908063721148409,0.0016527605230480002,0.010406956056930067,-0.002745938962298413,0.012458595544600343,0.0007917462292159749,0.009136224399471928,0.0013927408150863707,0.0072408326722782235,0.0015023244118509327,0.00860774406903399,
738.197498,0.00016400712226589232,0.004453494501968106,0.0009050932647791176,0.017104521634745188,-0.00048827126562831944,0.006114389471959015,-0.0012357164978879043,0.0062700647439195515,-0.0016694105345753485,0.00689265537380146,0.00025524459823766943,0.010390512021604162,-0.001866335072143932,0.012440451392336347,0.0011306358801194572,0.009120259461338934,4.185085725483262e-07,0.007224599114168134,0.001604731480876005,0.008595673202866853,
805.306362,0.0004617944491562476,0.0044428027933153865,-6.740630210668286e-05,0.0170849190670791,-0.0007754414447838221,0.006105004486338143,0.00038782504984394175,0.0062560995723821315,-0.003516665293440013,0.006880365284012639,-0.0001731531988087509,0.010377394626003933,-0.0018152659301137585,0.012425976083528993,0.0001402912727557659,0.009107523894459107,0.0013248965339416952,0.007211648429485966,0.002428798313057774,0.008586046576491577,
939.52409,0.0002915337868956902, ,0.00040618613422095163, ,-0.0007972529674526375, ,-0.0005005983662766278, ,-4.887459592689325e-05, ,0.0004030766836017863, ,-0.0018841713029951902, ,-0.0003751404224813104, ,0.00012920153652814736, ,0.0021605454623766372, ,
1073.741818,0.0013331384716752616, ,2.9622528499837486e-05, ,-0.0009842390102499277, ,-0.0005526609604275379, ,-0.0005988790470259798, ,0.00021048940667961702, ,-0.002729371635804818, ,0.0007955725887081489, ,0.0008353271367926318, ,0.0024148875219446443, ,
1207.959546,0.0010294127552151, ,-0.0003291170644063479, ,-0.0005552295209966917, ,-6.997740772237471e-05, ,-0.0012644700117788155, ,0.0008516747412755165, ,-0.00278023955026804, ,0.001672135207301433, ,0.0011362314448226884, ,0.0022960703221753453, ,
1342.177274,0.002174685523958253, ,-0.0010559471546983446, ,-0.0011606204744456416, ,-6.893070350881825e-05, ,-0.0024659368120224733, ,-0.00039348865777072195, ,-0.0032268909004560965, ,0.0005440639348018017, ,-8.970766254523532e-05, ,0.001087051823105889, ,
1476.395002,0.0018932776197830715, ,-0.0009683118476220454, ,-0.0005072174001747687, ,-0.0005904743215651154, ,-0.002659794346392457, ,-0.00021041620481554002, ,-0.002458874170608598, ,-0.00048683544672148307, ,-0.0004130763160053164, ,0.0005375435672643292, ,
1610.61273,0.0009516918051679157, ,0.0006792088442139433, ,-8.962927489487348e-05, ,1.6304551026657955e-05, ,-0.0021043220516246608, ,0.000828693869108017, ,-0.002226839265005673, ,8.913763198144409e-05, ,0.0007096342063735861, ,0.0008534761996620555, ,
1879.048186,-0.006408823961229188, ,-0.006842375972787389, ,-0.008414281576606055, ,-0.007494836172121632, ,-0.009803674729513951, ,-0.0063117470118151785, ,-0.011025963164463772, ,-0.006383575256966276, ,-0.006560477723633604, ,-0.005891958048690454, ,
2147.483642,-0.006626919734476617, ,-0.00726817916741835, ,-0.008806805390015144, ,-0.006997215150813663, ,-0.009226156250099642, ,-0.0076576733377391815, ,-0.010699625806126102, ,-0.007134198476759592, ,-0.0060896638229121615, ,-0.0060948601837320605, ,
2415.919098,-0.007172124921106793, ,-0.006721056489537886, ,-0.010363225958486204, ,-0.008309193983855247, ,-0.009351504436752917, ,-0.008145590746806972, ,-0.011250924153723666, ,-0.008476792912065182, ,-0.006315375052964072, ,-0.006051441771864465, ,
2684.354554,-0.006937925331198271, ,-0.007209721091097521, ,-0.011116716931678873, ,-0.008687744765903989, ,-0.00871527976644412, ,-0.0072299137861020265, ,-0.01256377439104869, ,-0.008524936166481832, ,-0.0074482246874523735, ,-0.005951968839560604, ,
2952.79001,-0.00801468997378516, ,-0.006024864261263221, ,-0.011032246733385244, ,-0.00930750305056081, ,-0.008250748272596562, ,-0.008490682754224098, ,-0.012331873796797743, ,-0.009029910860213835, ,-0.007878939621664584, ,-0.0069623668562241335, ,
3221.225466,-0.007849301011673315, ,-0.006198824723999716, ,-0.011376736612641616, ,-0.009809667299815424, ,-0.0075355938435256765, ,-0.008698763456655417, ,-0.012499573031782561, ,-0.00853713952517682, ,-0.008383751076855605, ,-0.008640470207022237, ,
3758.096378,-0.008001490047552032, ,-0.005656836561671672, ,-0.011151523187490997, ,-0.010640786167004949, ,-0.00919827487108233, ,-0.007200718832107707, ,-0.011552098842703926, ,-0.010171298298060539, ,-0.008993623365721919, ,-0.009724627924382312, ,
4294.96729,-0.00824479078886588, ,-0.005861680229609925, ,-0.011174662573685974, ,-0.010811185074137683, ,-0.008060983788261313, ,-0.008389882858645033, ,-0.01146350807639525, ,-0.010692126745676482, ,-0.011947525718184835, ,-0.009269410078778337, ,
4831.838202,-0.010083682961577823, ,-0.0065660320662882694, ,-0.010630075001319303, ,-0.01213242125483089, ,-0.008377653804028556, ,-0.010334764997645025, ,-0.01250538666627509, ,-0.010248942251841107, ,-0.011257149460551723, ,-0.008868221076491488, ,
5368.709114,-0.010200792069732519, ,-0.007191604397122329, ,-0.01130287158533069, ,-0.013570052854753083, ,-0.009872810178804174, ,-0.011337094481142108, ,-0.010911200975327917, ,-0.01083065876206407, ,-0.011947076734550848, ,-0.008344972982488713, ,
5905.580026,-0.01103421598705208, ,-0.011400607711883746, ,-0.0118757985770658, ,-0.011787888572602908, ,-0.008856809004452444, ,-0.010636877187933571, ,-0.013482849130482717, ,-0.010232084666118656, ,-0.00997165088423711, ,-0.011183948469093976, ,
6442.450938,-0.012249851614077155, ,-0.010490913275976035, ,-0.012710423535593578, ,-0.01219519244397579, ,-0.008603899828953212, ,-0.011843561404266421, ,-0.013987074409673745, ,-0.011308835855066835, ,-0.009994796036098048, ,-0.012098410575669015, ,
