Time (ms),2022-02-19_multipletau_CH2_BIN0dot001_us_eGFP1-5uW_T0s_1_correlation-CH2_2,2022-02-19_multipletau_CH2_BIN0dot001_us_eGFP1-5uW_T0s_1_correlation-CH2_2 fitted model: ,2022-02-19_multipletau_CH2_BIN0dot001_us_eGFP2-5uW_T25s_1_correlation-CH2_2,2022-02-19_multipletau_CH2_BIN0dot001_us_eGFP2-5uW_T25s_1_correlation-CH2_2 fitted model: ,2022-02-19_multipletau_CH2_BIN0dot001_us_eGFP3-5uW_T48s_1_correlation-CH2_2,2022-02-19_multipletau_CH2_BIN0dot001_us_eGFP3-5uW_T48s_1_correlation-CH2_2 fitted model: ,2022-02-19_multipletau_CH2_BIN0dot001_us_eGFP4-5uW_T69s_1_correlation-CH2_2,2022-02-19_multipletau_CH2_BIN0dot001_us_eGFP4-5uW_T69s_1_correlation-CH2_2 fitted model: ,2022-02-19_multipletau_CH2_BIN0dot001_us_eGFP5-5uW_T91s_1_correlation-CH2_2,2022-02-19_multipletau_CH2_BIN0dot001_us_eGFP5-5uW_T91s_1_correlation-CH2_2 fitted model: ,
0.001,0.05737585772022976,0.05486222381608627,0.056644543805271556,0.054199992286486594,0.05765146600578801,0.05437689148455895,0.05806046856464652,0.05417344617960434,0.056734929296806146,0.05475745733963949,
0.002,0.057715215835850216,0.05448323090606221,0.05712095795074918,0.05382697557574729,0.05750403068591581,0.054000373459380954,0.05643020669521433,0.053804126995054234,0.05738127554260486,0.05437946779407117,
0.003,0.05633828252145258,0.05410938884445627,0.057174267117859424,0.05345900421475246,0.05566894425580406,0.05362897661614545,0.056377789906668085,0.05343975160517088,0.056848217896373746,0.054006613829738224,
0.004,0.05568718910738564,0.053740593393115516,0.054819514757967,0.053095976585986915,0.05595315271147867,0.053262597237214736,0.05377576091254552,0.05308022145841306,0.05468845183189084,0.0536387915502157,
0.005,0.05493240418899421,0.05337674310762152,0.052625281572861005,0.05273779378256509,0.05370627911174505,0.05290113438686237,0.0545150822568436,0.05272544060531836,0.0556217720841434,0.053275899842782415,
0.006,0.05281093196095772,0.05301773924431816,0.05353560583681947,0.05238435951844802,0.05290589023091203,0.05254448981862404,0.054027378228106535,0.052375315613187104,0.05389426476627072,0.05291784028581133,
0.007,0.05442575142480538,0.052663485671027674,0.05247065877571052,0.05203558004220521,0.052380025903137346,0.05219256788632673,0.05173151494574637,0.05202975548410162,0.05423735079310093,0.0525645170598327,
0.008,0.05315947683939225,0.05231388878128544,0.05291291991821061,0.051691364054159535,0.05165276844166845,0.05184527545862676,0.05060895369589255,0.05168867157612877,0.05162308778767335,0.052215836862101225,
0.009000000000000001,0.05312996524315492,0.05196885741193268,0.05060407726439001,0.05135162262676116,0.05094728264044548,0.05150252183689648,0.052205897809043125,0.05135197752756345,0.05235030340912315,0.05187170882450703,
0.01,0.05107212228713554,0.05162830276391471,0.050677541958038495,0.051016269128044696,0.050965572267213405,0.051164218676307376,0.05193949742090893,0.05101958918407621,0.052180990074650165,0.051532044434678966,
0.011,0.0513702853195772,0.051292138326140206,0.049557725879523465,0.05068521914803123,0.04946801512997626,0.050830279909965505,0.050568267024928414,0.05069142452863645,0.051056239189925946,0.05119675746013607,
0.012,0.051114293939016696,0.05096027980226437,0.05053243696098021,0.050358390427943676,0.05076818980603689,0.05050062167596231,0.05052542286079497,0.05036740361408833,0.05048802702886823,0.050865763875350946,
0.013000000000000001,0.04981232180419605,0.05063264504026586,0.05023005192332445,0.05003570279211117,0.051368551607878565,0.0501751622472109,0.05091482293974745,0.05004744849826306,0.05014821565365532,0.05053898179159531,
0.014,0.04994146367275412,0.05030915396469378,0.048242022310147833,0.04971707808244357,0.04917568163221603,0.049853821963944715,0.0489395385246991,0.049731483181517,0.05026273316826337,0.05021633138944468,
0.015,0.04972043428935001,0.04998972851146747,0.04779216231429407,0.04940244009536413,0.049153862337170694,0.049536523168761136,0.04907125969708575,0.04941943354659042,0.04957978826654285,0.04989773485382545,
0.016,0.049715287179292855,0.04967429256511757,0.04860842620584953,0.04909171452109296,0.04897717385104626,0.049223190144099045,0.049920388501425536,0.04911122730068668,0.04922835092678949,0.04958311631149309,
0.018000000000000002,0.0486065995938442,0.04905509411391887,0.04790119377600548,0.048481712492191104,0.04812571230412684,0.048608127876364066,0.04741415302001251,0.0485060645943417,0.04895784863098269,0.048965519063907045,
0.02,0.04669279770099663,0.04845098641857135,0.04820500324758,0.04788651322477774,0.04779624356918299,0.0480080659846269,0.04807909585462901,0.047915451139352604,0.046863286484243705,0.048362969264747584,
0.022,0.046408427260336484,0.04786142482136282,0.04690323105921114,0.04730558472273188,0.0469434888940511,0.04742246270125007,0.04721715393839256,0.04733886883735945,0.04695180970683802,0.04777492397204498,
0.024,0.047104876718053086,0.04728589056281174,0.04656166080963614,0.0467384201800324,0.04567034074621267,0.046850802036891515,0.04470179386675974,0.046775823900093653,0.04595353629604908,0.047200866053305666,
0.026000000000000002,0.04542520332616596,0.04672388926044069,0.04496046247768079,0.04618453650725821,0.04429255785538169,0.04629259226530709,0.04449801865140303,0.04622584544007065,0.04623642520504364,0.046640302669915173,
0.028,0.04546692279306108,0.046174949493530446,0.04547994002208946,0.04564347296032357,0.04474874537287669,0.04574736451378366,0.04427042475847428,0.04568848415819944,0.04505726399084205,0.046092763867100914,
0.03,0.04441223141736019,0.04563862148533954,0.0436313847723247,0.04511478986326753,0.04522389198187347,0.04521467145071027,0.04487927805039518,0.045163311120621566,0.044577005875886255,0.04555780126097559,
0.032,0.04372057532462101,0.04511447587504733,0.0437862646188614,0.044598067417656505,0.043934315630792545,0.04469408606256631,0.042577732521842666,0.04464991661778082,0.043918102036009606,0.04503498681495212,
0.036000000000000004,0.0429381907336147,0.04410110968845031,0.042346663721511385,0.04359891808376841,0.04290754954971889,0.043687625079685925,0.042314533732868795,0.043656914179165444,0.042641235926575184,0.04402418522193135,
0.04,0.041471921118058606,0.04313178270113242,0.041491777005974374,0.04264302370973556,0.04187234478672194,0.04272493032855511,0.040967988316050225,0.042706544887786094,0.042198703148861136,0.04305730022734563,
0.044,0.040839690326899616,0.04220368746621201,0.04099538697594309,0.04172763718256374,0.040843441213858196,0.04180321007105446,0.04068770078156924,0.041796123047059715,0.04053146948280921,0.04213153289510522,
0.048,0.0406544083677681,0.04131425019207244,0.039819043371032814,0.04085023918360836,0.0388733612499176,0.040919905054954034,0.039190661962848004,0.040923183895803905,0.03969101943267406,0.04124431717942327,
0.052000000000000005,0.0396782914575958,0.040461106929839445,0.03897767812957615,0.04000851505686708,0.038452488663046056,0.04007266480677832,0.03837541441199799,0.04008546134737618,0.03892584987485784,0.04039329619590556,
0.056,0.037442778181790315,0.0396420826148547,0.03723055768630245,0.03920033443989645,0.03804050833642913,0.03925932676765672,0.03751505765203901,0.03928086836717986,0.03827555326048468,0.03957630133595153,
0.06,0.03760523265522022,0.03885517257089205,0.03713190729938286,0.03842373327993469,0.037422520286621075,0.03847789788219768,0.036759922023629515,0.03850747963078647,0.03772558702162809,0.03879133383476701,
0.064,0.0376311313980894,0.03809852614598441,0.03682847864737906,0.03767689791561086,0.03692480459722819,0.03772653831038019,0.036945779391509524,0.037763516159309854,0.0364708192954851,0.03803654846315838,
0.07200000000000001,0.035182462903798235,0.03666930619495102,0.035310993751309416,0.03626593870204242,0.03512018434678192,0.03630734875660396,0.034827125122138564,0.03635740044922894,0.03540959247419795,0.03661082568767083,
0.08,0.034575092267161905,0.03534218516911795,0.03423960014460774,0.034955456118592965,0.03444006194417942,0.03498959326991433,0.03434416435471148,0.035050733777094875,0.03429885842281684,0.03528693075756837,
0.088,0.033634803890813005,0.03410661163872695,0.032461777904555164,0.03373509797551877,0.03284947446084956,0.033762783976103786,0.03296388289370124,0.033833337233340074,0.0332491584012372,0.03405434237599474,
0.096,0.03219506374747088,0.03295343959713621,0.03180228841284639,0.032595886913458855,0.03183562703078268,0.03261783062258643,0.03206546027544651,0.03269637512718472,0.03207935767344978,0.03290394038292873,
0.10400000000000001,0.03132934716535935,0.031874702004003164,0.030875059846129014,0.03152999950649086,0.031319086806128875,0.031546815275060716,0.031253838052488915,0.031632140497773034,0.03144894154314925,0.03182778003152791,
0.112,0.029894899586565896,0.0308634267484044,0.03093386175641946,0.030530586629555018,0.030262132295666867,0.030542809236844562,0.03007066095234175,0.030633880453531194,0.030064047897358982,0.030818908539360715,
0.12,0.029613617239307305,0.02991348604209179,0.029559184755026915,0.02959162636872211,0.029113723887918008,0.029599723239020482,0.029121988625983496,0.029695652970487287,0.028958542821438275,0.029871214957049936,
0.128,0.028591332952097686,0.029019472366421384,0.02834656674221404,0.02870780279773049,0.027783285161399367,0.02871218405483055,0.02835534325773809,0.02881220873161979,0.028664688540891325,0.02897930650222847,
0.14400000000000002,0.02707512991538454,0.027380597667236092,0.02718469242500141,0.02708724557812312,0.02694769334682181,0.02708523700162097,0.027097480547566062,0.02719156395844729,0.027321616051665738,0.027344266815055987,
0.16,0.02570730045968122,0.025914444068124078,0.025617039421790628,0.02563708071643496,0.025433596867059774,0.025629818575671995,0.025899785385077007,0.025740460041289884,0.025644998971567204,0.025881517483188253,
0.176,0.02478688165624803,0.024595119789801015,0.02441951325549987,0.02433182193130634,0.024607416575661702,0.024320206585000784,0.024580506141137208,0.024433659402846683,0.024842650375138477,0.024565235069527847,
0.192,0.023783193653530817,0.02340166126555465,0.023488329761615995,0.02315082377145267,0.023391957411269357,0.023135576433541864,0.023498720332502596,0.023250696212135914,0.02384597952207787,0.023374510658041654,
0.20800000000000002,0.022543282743115196,0.022316913873372594,0.022623479638846436,0.02207718440053278,0.02275734578234765,0.02205888844624791,0.02278025874050409,0.0221747995339899,0.022726703013092073,0.02229223384354656,
0.224,0.02197553877613049,0.02132670445618067,0.021793990955711558,0.02109693387179998,0.021681480740319423,0.021076065353469668,0.021975056601991987,0.021192095503013875,0.021935371542595124,0.02130426762341721,
0.24,0.020899751611441548,0.0204192205797491,0.02064654839923658,0.020198424831085002,0.02072572796231828,0.020175375333816498,0.02101589377534645,0.020291007665596033,0.021311200761282505,0.02039882940939494,
0.256,0.020207604617883762,0.01958453867725706,0.020106850847891766,0.019371869103068266,0.019790498943477716,0.01934696307805122,0.020235872300753275,0.01946180034710792,0.019931660826972022,0.019566020488037312,
0.28800000000000003,0.01889452805999474,0.018101233311432822,0.01877593176059436,0.017902699572868296,0.018657145296427383,0.017874848799508392,0.01874081668009097,0.017987254902622877,0.018726354517255194,0.018086023261635067,
0.32,0.017560053029463073,0.016823242107980314,0.017312026878742254,0.01663657318600416,0.017477785481635498,0.016606550489230792,0.0174899322599388,0.016715812087578247,0.017664194075525098,0.016810861366861534,
0.352,0.016580868040850235,0.015710830819290717,0.016188419239197355,0.015534251355026582,0.01650561486882535,0.015502614748759531,0.016714451624198073,0.015608343548858147,0.016727938167484878,0.01570089696673209,
0.384,0.015564912794862523,0.014733893676738424,0.015499307915647345,0.014565991121683271,0.015554526219657172,0.014533150669461186,0.015726619222562365,0.01463516234346766,0.01573665959161481,0.01472609649052941,
0.41600000000000004,0.014872571221859945,0.013869203589223757,0.014581180205544341,0.01370883672143014,0.014755834744571818,0.013675098320472277,0.015063117200759427,0.013773337353236863,0.014996337257626505,0.013863287976145614,
0.448,0.014016824159181068,0.01309855379977714,0.013749161117768383,0.012944788146416978,0.013958636483026008,0.012910382936143744,0.014107201251229395,0.013004875042699968,0.013980054322981848,0.013094307484355512,
0.48,0.013318509761199993,0.012407471115575709,0.013390428233846393,0.012259532367641822,0.013247857386325225,0.01222463692658269,0.013515168399693944,0.01231545844698572,0.013456969584611194,0.01240471558048509,
0.512,0.012959004756221318,0.011784305613016799,0.01254635149189124,0.011641545367791786,0.012579063327319947,0.011606295859339161,0.012842532882110678,0.011693553837471778,0.012743153262784348,0.011782889313038293,
0.5760000000000001,0.011857557063148453,0.010705479675269844,0.011704475621404281,0.010571512880661871,0.011816873666749921,0.010535849694640699,0.01212168341638091,0.010616363635173744,0.011658013184470309,0.010706370456889486,
0.64,0.01102067006780418,0.009804375084456349,0.010920329550565086,0.0096775841007667,0.010613231140707202,0.009641771707297207,0.010962652088073174,0.009716086087821372,0.010965463828979874,0.009807181653570354,
0.704,0.010101357108970194,0.009040708145456103,0.010024983651672566,0.008919875830150008,0.009564258536076219,0.008884079458343346,0.010209490584694168,0.00895272856253317,0.01001262819110247,0.009045130151563772,
0.768,0.009274109114253673,0.00838550252427022,0.009117875304649487,0.008269691094091857,0.008975614262501302,0.008234014719009676,0.009616638519125321,0.008297496352883913,0.009439828535869934,0.008391304452849958,
0.8320000000000001,0.008821018305223235,0.007817382685130308,0.008639859969637035,0.007705854949100646,0.008654952978016512,0.007670363734183947,0.008807228771469736,0.007729130441055717,0.009008440551383789,0.007824376485370769,
0.896,0.00848879846448423,0.007320235593512887,0.0083552408768916,0.007212401994881031,0.008135062298283648,0.0071771359979975165,0.00817155377737142,0.007231594243639871,0.00836948141927637,0.007328268755410578,
0.96,0.008068842131998537,0.006881685569230653,0.007789283484850099,0.006777067545404438,0.007612663061078611,0.006742050325917041,0.008021887555117747,0.006792563161682621,0.007932970359287778,0.006890632720662036,
1.024,0.007669360758281836,0.006492070461138066,0.007391673840528831,0.006390274457048903,0.007285444051019979,0.006355518609368671,0.007384785819493356,0.006402409666070639,0.007642653073039867,0.006501827307851241,
1.1520000000000001,0.007205527704520143,0.0058305442199577335,0.006456891864677215,0.0057334623666245275,0.006589980287326076,0.00569924012070068,0.00671512263840086,0.005739722186731129,0.006944491908372837,0.005841670708399538,
1.28,0.006455745011815686,0.005290543374307862,0.005793764494139828,0.0051972344077134275,0.005936063610659076,0.00516353512494228,0.006294035825063556,0.005198532982746611,0.006677204542348339,0.005302782897073873,
1.408,0.006014513066162013,0.004841850134135903,0.005545454034054917,0.004751621862469457,0.005625580926607283,0.004718420103887679,0.005479657064509857,0.004748678993488112,0.006151826212182429,0.00485501088820328,
1.536,0.005595487314020382,0.00446346710118033,0.005114131986152628,0.0043757964057864135,0.005277560904868339,0.0043430610925415895,0.005050633925734046,0.004369188080975742,0.005728681600248502,0.004477402048369055,
1.6640000000000001,0.005162341740394897,0.004140352578825222,0.004957526066452937,0.004054835026699396,0.004797690777898836,0.004022533863492035,0.004731890163424426,0.0040450288779000495,0.005290089137050324,0.004154946587175433,
1.792,0.004694230189276246,0.003861450957922497,0.004616178927370526,0.0037777678069707997,0.004240084717519514,0.0037458693959331033,0.00451754829199365,0.0037651484388258284,0.0049835936242657135,0.0038766122439950436,
1.92,0.004717684779611464,0.0036184560197316286,0.0045554043287284,0.0035363518933737527,0.004029673428490876,0.003504826689723858,0.00426224288710388,0.003521239302958625,0.004773688319328753,0.0036341102747022578,
2.048,0.004564945400314486,0.0034050075856230703,0.004365894482581587,0.003324274937669066,0.0037298567076372103,0.0032930956161117504,0.004038985072460983,0.0033069381378505926,0.004687446082762267,0.0034210938354186067,
2.3040000000000003,0.003817521285113524,0.0030479841824071372,0.0036641745490248673,0.002969510810636361,0.0037006184467097097,0.0029389503438530537,0.0036489101012058835,0.002948377439136669,0.004129471617035154,0.0030647907005316643,
2.56,0.003590145094006708,0.0027617691702000037,0.003403866504854709,0.0026850730066312993,0.003446139455246539,0.002655048121701442,0.003420428308887454,0.002660821377829725,0.003588468838257251,0.002779150849244537,
2.816,0.0032580270771000977,0.0025276966958374314,0.0027943794648208264,0.002452429287756721,0.002978561528263455,0.0024228710723961967,0.0030458752311559503,0.002425573253356398,0.0033054762590523784,0.002545547114434464,
3.072,0.0030930513979969443,0.0023330806601767613,0.00285599014423703,0.0022589827116436534,0.00272924334784552,0.002229833934105423,0.00257161891280218,0.0022299207176331125,0.002870310697124528,0.0023513195797799404,
3.3280000000000003,0.0029489981323415028,0.002169004630691445,0.002768416243402801,0.0020958784899014634,0.002387981540739673,0.00206709131230467,0.002487750467306157,0.0020649256312801857,0.0026881602981701177,0.002187570147633809,
3.584,0.002935535195778495,0.0020290233420486416,0.0025681477927491747,0.001956715258473992,0.002375674487842479,0.0019282493978191651,0.0022114139131516955,0.0019241249351136162,0.0024474588939780583,0.002047866762347668,
3.84,0.002498970262751199,0.0019083655559951852,0.002376760181183237,0.0018367538364907482,0.0021170873881848503,0.0018085751150449323,0.0020457888550987373,0.0018027328086084506,0.002435559250680806,0.001927447935083542,
4.096,0.0025812835982290633,0.0018034262411429911,0.002246396100805993,0.0017324131088398602,0.0018257760046561725,0.001704492316628498,0.0017614484457021175,0.0016971322265587662,0.002326409299666646,0.001822715980581091,
4.6080000000000005,0.002024137983133798,0.0016302186465087058,0.0019432895633020601,0.0015601779337694047,0.0016872993566523474,0.0015327009545829313,0.0019018215057363306,0.0015227833089067097,0.0019561801089998496,0.0016498496107643953,
5.12,0.0018801178404525406,0.0014936062850688806,0.0016523249413299141,0.0014243175215730981,0.0016119337163866476,0.0013972080232468238,0.0017557580630928212,0.0013852226738118498,0.0014505986169078536,0.0015135053838179666,
5.632,0.001486509062445928,0.0013834859735607687,0.001580412293733143,0.001314792647656397,0.001614187675658335,0.001287991782144845,0.00123915175716408,0.0012743037271564246,0.0013079132708903533,0.0014036005004367247,
6.144,0.0014942097057045298,0.0012931086641108525,0.001299163240016925,0.001224896199145125,0.0014284657770126312,0.0011983577155663208,0.0010646135305927957,0.001183245897401528,0.0014052314482852037,0.001313399476997348,
6.656000000000001,0.0013897879412755286,0.0012178033642812778,0.0011175810627216697,0.0011499857130759124,0.0012005462013108161,0.00112367265216696,0.0012174954148007058,0.0011073547972108824,0.0013501357564315443,0.0012382406760535329,
7.168,0.0014051287777975213,0.0011542404569554673,0.0009905416196840447,0.0010867515884546153,0.0012164599258862904,0.0010606339864507766,0.0012860343397779323,0.0010432831083393287,0.001619803175057301,0.0011748011277128352,
7.68,0.001368909894611585,0.0010999864211277963,0.0010913978311677165,0.0010327747186204689,0.001261054865441736,0.0010068279740541733,0.001025668183381218,0.0009885836854840574,0.001324182577648612,0.0011206521549686488,
8.192,0.0012745698600411068,0.0010532240927685849,0.0011364313422652652,0.0009862485550923305,0.0010669704374969677,0.0009604522424469684,0.0009785425128396683,0.0009414287177827064,0.0012811196953635478,0.0010739802010903,
9.216000000000001,0.0010496522343790102,0.0009769582392901287,0.0007952118563529746,0.0009103620322203638,0.001151085834434788,0.0008848178381157208,0.0007556441966402748,0.0008645037674342052,0.001010799995217343,0.0009978613547266119,
10.24,0.0010533164786094998,0.0009176707887358675,0.0006696695410690703,0.0008513640322643978,0.0008720741132026412,0.0008260221364068173,0.0008641611706362632,0.0008046865064236122,0.0007105563516033722,0.0009386878242919324,
11.264,0.0008889833831958274,0.000870480700529364,0.0004304527366852742,0.000804400611571823,0.0006702898751192418,0.000779224056122869,0.0007761629142730991,0.000757062759494423,0.0010245222393454737,0.0008915881646358694,
12.288,0.0008614006781857575,0.0008321801383476634,0.0005690710157029553,0.0007662813895312694,0.0004928583436290373,0.0007412420791316229,0.0005171901577596394,0.0007184017849378548,0.0010761895592534393,0.0008533608221983941,
13.312000000000001,0.0008618040948988261,0.0008005811860829746,0.00034948649922507467,0.0007348301429735702,0.0003078035743304963,0.0007099062739931202,0.0005934744067250116,0.0006864993619578213,0.0009129257514748799,0.0008218221519386051,
14.336,0.0005474170784603407,0.0007741446839141409,0.00040389783400092237,0.0007085158043486567,0.00019702318111869657,0.0006836901542629937,0.0004670356663393612,0.0006598044326289257,0.0012938900412742965,0.0007954359898012796,
15.36,0.0006776214411880426,0.0007517591133516005,0.00039862173517307784,0.000686232612535659,0.00018213110814569157,0.0006614913675721177,0.00021341916549186884,0.0006371966085582135,0.000985769283173685,0.0007730929749789734,
16.384,0.0007409753108905768,0.0007326035187932001,0.0006708968588850409,0.0006671638065626193,0.00031456932724813923,0.0006424957375986164,0.00001543346789820464,0.0006178481977896741,0.0007979753116578367,0.0007539737416851306,
18.432000000000002,0.00038510762113832625,0.0007016535954273314,0.0006414787121434172,0.0006363524120227208,0.00033691863002930484,0.000611804543462825,0.00020806338987308144,0.0005865812810317279,0.0004802050481808507,0.0007230824553072065,
20.48,0.00028175318827405003,0.0006778593742162829,0.00041302500104357335,0.0006126631635611061,0.00039470144531072836,0.000588209478019314,0.0003088965315772929,0.0005625384394784086,0.0005099129546227986,0.0006993332129003346,
22.528,-0.000009939981098723475,0.0006590981106394384,0.00035228237488302836,0.0005939836577865849,0.0003515961274775192,0.0005696054071247957,0.00033507849343687376,0.0005435778891212837,0.0000833845623578477,0.0006806073472663759,
24.576,0.00008441553317938378,0.0006439941877363746,0.00008668824382675438,0.0005789448617104673,0.0003756801375691263,0.0005546281448761328,0.00012215038164119484,0.0005283112972615974,-0.000045560055120428794,0.0006655318759184914,
26.624000000000002,0.00009358508540762289,0.000631620783559647,0.0000747117422826393,0.0005666243213444834,0.00017793249660523654,0.0005423585819280156,0.00009115515078465614,0.0005158030561609539,0.00013509020151396714,0.0006531817473819516,
28.672,0.000029730343714630137,0.0006213328865401957,0.0000381531562357337,0.0005563800238518997,0.00012062841366997681,0.0005321570808165312,0.00014879501714604846,0.0005054019077125375,0.00011703904734383781,0.0006429131795065422,
30.72,-0.00006697254490722063,0.0006126691288955764,0.000442803783131371,0.0005477527206233671,0.00023660356439306367,0.0005235661219232752,0.00027070116028734095,0.000496641933157343,0.0000849113276140753,0.0006342656821888192,
32.768,-0.00013058155522438763,0.0006052916478175003,0.00024283801507025624,0.0005404060840462425,0.00047059415442944055,0.000516250663157994,-0.00003567887917444877,0.000489181883281354,0.0002594626755167225,0.0006269020342457435,
36.864000000000004,0.00018024122356943197,0.0005934458256098799,0.00030030675049088663,0.0005286093869867905,0.00047126650997349743,0.0005045044928694269,-0.00005743211104591831,0.0004772021902463185,0.00025603943872710625,0.0006150783969926391,
40.96,0.00018563411980825347,0.0005844045248909201,0.00014555051059828442,0.0005196052278755468,0.00047640370009079846,0.000495539307945163,0.0003178068122131456,0.00046805757492563696,0.0001890222054751956,0.0006060540055359132,
45.056,0.00012484259547305605,0.0005773184849072547,0.00032505933016862437,0.0005125480689977654,0.0006958801901857663,0.0004885129596822715,0.0002401856159020528,0.0004608898270652557,0.0000017245370720609614,0.0005989812029331293,
49.152,-0.00009609392986450392,0.0005716427966274148,0.00008021116799747334,0.0005068953600808721,0.00022551126416603227,0.0004828851071601217,0.00009126897030090812,0.0004551481986314899,0.00019557367383997207,0.0005933161072133008,
53.248000000000005,-0.0002087900885251171,0.0005670134161516498,0.00015797581500911044,0.0005022846161845877,0.00008206147297571618,0.0004782947610620676,0.00017117315423568783,0.0004504646904039129,0.00010076066516710795,0.0005886953595197776,
57.344,-0.000023242572858632627,0.0005631788267038133,0.00006235856318037186,0.0004984653876596741,0.00038010543511367593,0.0004744925166114254,0.00036756862180758787,0.0004465850208206023,0.00018872037050735602,0.0005848679157118378,
61.44,0.000026128302451291667,0.000559960256380832,-0.0000869074159489606,0.0004952596549817222,0.00007452500529156923,0.00047130110404257645,0.00015880517842740063,0.00044332843315273275,0.00027198864551550604,0.0005816553394197444,
65.536,-0.00003739738491095945,0.0005572275145094075,0.00038144780601631726,0.000492537771516371,-0.00007311991875849232,0.0004685914272369796,0.0001985458073819307,0.000440563278769658,0.0002718180014454431,0.0005789276840656181,
73.72800000000001,-0.00006127865015442801,0.0005528556839201647,0.00015249002530606288,0.00048818322914589806,-0.00007943499342859247,0.000464256509374442,0.0001629259582073351,0.0004361393269615998,-0.00009903053242235076,0.0005745639853772114,
81.92,-0.0001548502604888015,0.0005495329106503677,0.000188098077634714,0.00048487352352002337,0.000049415440098349155,0.00046096180288261935,-0.000020898723447097786,0.0004327767067273373,0.000048449789014762674,0.0005712473879204508,
90.112,-0.00006301250298551581,0.0005469377004710846,0.00007838359412529952,0.0004822884736459063,0.000564730178568967,0.0004583885212869225,-0.0002565666875264472,0.00043015022612346524,-0.000018260414313736776,0.0005686569982388888,
98.304,0.00008791704692256302,0.0005448650162295688,0.0000871837492974191,0.0004802238734213568,0.00008559228268854441,0.0004563333553805277,-0.00038327987280181367,0.00042805246882646745,-0.00003836413777697174,0.0005665881619014294,
106.49600000000001,0.0003685384196454924,0.0005431785663252707,-0.000028311341345293472,0.00047854398007796025,0.000036451824246939006,0.0004546611627317407,0.0000054685184334391015,0.00042634555021273286,0.00006162829731623154,0.0005649048414720828,
114.688,0.00027660793320431477,0.0005417845900859283,-0.0000033579086693025073,0.0004771554084273802,-0.00017388463500891697,0.0004532789735632207,-0.00006498818085755233,0.0004249346069923971,-0.00004412185530198565,0.0005635134509913591,
122.88,0.00013134594671578313,0.0005406166898730977,-0.00009216907737804765,0.00047599202547288764,0.00009815327347110798,0.00045212095051968534,-0.000043566722999359217,0.00042375245662781597,0.00034443955691944485,0.0005623477164621351,
131.072,-0.00008547094923645126,0.0005396266662061553,-0.00011497891004317658,0.00047500582305013496,0.00014698187069904468,0.00045113930096934724,0.00007885836240492102,0.00042275032730534586,0.00009181032949440595,0.0005613595281052523,
147.45600000000002,-0.00003538698486519256,0.0005380459948792515,-0.00004222059859087115,0.0004734312367826658,-0.00014837608891664762,0.00044957200230894326,-0.0000028013754736381955,0.00042115027665732337,-0.00016175214502622698,0.0005597817859796467,
163.84,0.00015855816668986625,0.0005368473555949342,-0.00013792775833699355,0.00047223719811603196,-0.0002271402194666772,0.00044838350585907317,0.00012912470467707488,0.00041993689747006076,-0.00010485034888980102,0.0005585853670298031,
180.224,0.0001305196610277421,0.0005359129111401071,-0.00010031763246473236,0.00047130633154021575,0.000010288793853084811,0.0004474569700294074,-0.000037903886589305904,0.0004189909338667804,0.000020824758913243195,0.0005576526529447642,
196.608,-0.0001478564292006123,0.0005351677605707546,-0.0000702601239325346,0.0004705640283127454,-0.00007453897193980313,0.0004467181269281333,0.00004189577819557418,0.0004182365790556902,1.9850446625674862e-7,0.0005569088818373623,
212.99200000000002,-0.0001078760508004111,0.0005345622539012252,-0.00003981554506636826,0.00046996083144555553,0.0000190129741234379,0.00044611774631582554,0.000027165579890147553,0.00041762358034223385,-0.00011729068390488639,0.0005563044958532953,
229.376,-0.000046202571582892124,0.0005340623145429044,0.00008771048717431219,0.0004694627964102565,0.000018707048357388724,0.0004456220397552653,0.00013691301712052855,0.0004171174461825367,0.000035491761748003985,0.0005558054816105209,
245.76,-0.000049669600334741976,0.0005336438588931305,-0.00011320598157471238,0.0004690459326961217,0.000045192054566712657,0.0004452071273332998,-0.0000698059670895015,0.0004166937989251072,0.00011104315931717728,0.0005553878001616019,
262.144,0.000050422804601434455,0.0005332894342665245,0.00007173009886295091,0.00046869285492781186,-0.00012488439803037783,0.00044485570399661493,-0.000050861898460217696,0.00041633497230866005,-0.0001573732369685881,0.000555034031171516,
294.91200000000003,0.000201029135561957,0.0005327241518797707,0.00017168040445951166,0.0004681297177468359,0.00006864114703251628,0.0004442952089276784,0.000044744563613882924,0.0004157626595702903,-0.00001915507937564911,0.000554469794284665,
327.68,0.000034951577922859225,0.0005322960016208006,0.00015959477569896534,0.0004677031897622415,0.000009299311514791261,0.00044387068503362305,0.0001562299272134863,0.0004153291763045386,-0.00009524034795297758,0.0005540424357303276,
360.448,-0.00018697944425476344,0.0005319625426363924,0.00002427074274777546,0.0004673709926708916,0.00006398154657409461,0.0004435400506494745,0.0001484542768342827,0.0004149915586368736,-0.00009171809758278593,0.0005537095932489263,
393.216,-0.000020958019564512765,0.0005316968458185687,0.00008305688696142604,0.0004671063002674414,0.00009126665627255234,0.0004432766046134538,-0.000017909123078129015,0.00041472254483286856,-0.00005820312582313384,0.000553444387585204,
425.98400000000004,-0.000060357798454223784,0.0005314810864888672,0.000007231870896761101,0.0004668913558568285,0.00005559274610923973,0.0004430626731479285,-0.00013854076637515622,0.0004145040896284251,-0.00019834569646579094,0.0005532290270502428,
458.752,0.000053321254737106395,0.0005313030458495302,0.00006475139645079831,0.000466713987169765,-0.000004771589429244856,0.00044288614090937437,-0.000219902786061248,0.0004143238227754267,-0.00012940724401178292,0.0005530513154556844,
491.52,-0.0000051840964142463646,0.0005311540972436149,0.0001818750832167023,0.00046656560035465087,0.00006818701652716823,0.00044273845428823895,-0.00015343013871601442,0.00041417301054712794,0.00020811283109513243,0.0005529026421042249,
524.288,0.0001388982813592363,0.0005310279947793001,-0.000037215393816233315,0.00046643997324375113,0.00015336494286974524,0.000442613420285083,-0.00010903812689819444,0.00041404532944131454,0.00004407848748080531,0.0005527767726573455,
589.8240000000001,0.00008780386986124002,0.0005308269778523348,0.00007410017996778372,0.0004662397135356471,-0.0000684901213391279,0.00044241410665161763,-0.00001192678042886357,0.0004138417943261865,-0.00010016045321499761,0.0005525761271428242,
655.36,0.000013823393930697945,0.0005306748180960221,0.00003815735659700025,0.00046608812650104935,0.00004165560519493105,0.00044226323627622653,-0.000018015404664552294,0.0004136877269580234,-0.00010164927025146417,0.0005524242484970616,
720.896,0.00008523204658736305,0.000530556368762109,0.000002578904349721621,0.00046597012271790735,0.000009478813284633562,0.00044214579071168554,-0.00010008863227107609,0.0004135677917110839,-0.00006969341163430592,0.0005523060179757638,
786.432,-0.000052695003033839404,0.000530462027815013,0.00010699840423240324,0.00046587613644865066,-0.0001041156751992947,0.00044205224926366544,0.000009927135650305369,0.0004134722666751112,0.000022310345100503443,0.0005522118512931613,
851.9680000000001,0.00005432370119975678,0.0005303854442975218,0.0000723022598553948,0.0004657998407208545,-0.000093683269047188,0.0004419763147792524,-0.00007818845957366012,0.0004133947215302145,0.00007936609195361093,0.0005521354092305391,
917.504,0.00004561276581985356,0.0005303222673520514,-0.000042361181541050804,0.0004657369010948323,-0.000032606245879405004,0.0004419136732627816,-0.00012492511051605712,0.000413330751006499,-0.000003686860159362875,0.000552072348971134,
983.04,-0.00013934105659278517, ,-0.00014776999121596726, ,-0.00011011983555526443, ,-0.00006532735107144751, ,0.00015770774080311212, ,
1048.576,0.00003965176047346715, ,-0.00005100919155286416, ,-0.00011800579403172773, ,-0.000010256463983346047, ,0.00009549816932520658, ,
1179.6480000000001,-0.000033171998118205455, ,0.000023049586354055996, ,-0.000023292517860015192, ,-0.000058224638492578074, ,-0.00008527106518371385, ,
1310.72,-0.000030394980879115928, ,-0.00004307239991047553, ,-0.00004089581157601924, ,0.000017302041791800714, ,-0.00006707563287829638, ,
1441.792,0.00005334273867279215, ,0.00007806805842122256, ,0.00004621137807541909, ,0.000051334008352588817, ,-0.000052389951572854526, ,
1572.864,-0.00005448548677797759, ,-0.00004773911540918565, ,-0.000036728422929871115, ,-0.0001271901827428367, ,0.00013441744431080325, ,
1703.9360000000001,-0.0000036372772756696165, ,0.00002112668043651068, ,-0.00002060240266482866, ,-0.000010417381687945485, ,5.296979182381524e-7, ,
1835.008,-0.00008847421960154964, ,-0.00011336191184397824, ,0.00008549006127428068, ,-0.0000555930401687973, ,0.00011184153774188874, ,
1966.08,0.000029900418579348396, ,0.000049606510551901685, ,-4.216523435432756e-7, ,-0.00002989519148270148, ,0.00003900307465123206, ,
2097.152,0.000021449239653662455, ,-0.00008958552832041342, ,-0.000026203441133271062, ,0.0002295406640655725, ,-0.00004451548387900588, ,
2359.2960000000003,-0.000024225282356777495, ,-0.000018884065554679555, ,0.0000012768230404079683, ,0.000018464860386607806, ,-0.00005146120776707646, ,
2621.44,-0.00004812241475004329, ,-0.00003563621675872611, ,-0.00003847141103014101, ,0.00003769245522549313, ,0.00010039004198454477, ,
2883.584,-0.000011597655569116639, ,-0.000048464605912091085, ,-0.000011726223629022529, ,-0.00004453369682324612, ,-0.0000211048512064468, ,
3145.728,-0.00004485477697974229, ,-0.00006230490979741154, ,0.00005622048141418291, ,-0.00005317671370869699, ,-0.000012681333054900585, ,
3407.8720000000003,0.000006801376146315547, ,-0.00003560311627741489, ,0.000030589404268306834, ,0.00003638725014919782, ,0.00001460923520747417, ,
3670.016,-0.000034335655654029085, ,-0.00003124402831665365, ,0.00001542195682867854, ,0.00004076059656394856, ,-0.000038706678639201074, ,
3932.16,-0.00004571472571050184, ,-0.000013185133484006985, ,-0.000045006985765056025, ,-0.000007934102994035273, ,-0.000009721073982002233, ,
4194.304,-0.000031485113885479986, ,3.7048981628248734e-7, ,-0.0000042814812167512226, ,0.00001627213207346799, ,0.000030500006825742265, ,
4718.592000000001,0.00003113569962753975, ,-0.000006543991626605578, ,6.847047551684907e-7, ,0.000005222355670310207, ,-0.00003575200075973908, ,
5242.88,0.000040352055561108105, ,0.00003482118870379596, ,-0.000028822362433517706, ,-0.00003772202225442113, ,0.000027769541196215515, ,
5767.168,0.000022672806485591087, ,0.00004360759365763891, ,0.000009713324347689321, ,0.0000324995628129318, ,-0.00004169809150703269, ,
6291.456,-0.000005653622202433182, ,-0.00006588124057827089, ,0.00006262905148937269, ,0.00004815639243815765, ,-0.000053036332446453116, ,
6815.744000000001,0.000022646931012048556, ,0.000028957682123815193, ,-0.0001020191273602375, ,-0.00006750536682740078, ,-0.00000411438834862938, ,
7340.032,0.0000024692269723217027, ,-0.00004764193237103633, ,-0.00010808094942575928, ,-0.00005737788819502707, ,-0.000019518697857490326, ,
7864.32,-0.00003951142584228937, ,-0.00010776450311540124, ,0.00008043617846572553, ,8.705175329960609e-7, ,-0.000003817597729444338, ,
8388.608,-0.000010336487728684372, ,-0.00001638616766569893, ,0.00004127403242635508, ,0.00006013175248035713, ,-0.00000985777646575479, ,
9437.184000000001,-0.00004260092693965204, ,0.000006152357581878827, ,0.00003404695628235332, ,-0.000054239888284951434, ,-0.00002325480032362623, ,
10485.76,-0.00005036155148020976, ,0.00004128495855746267, ,-0.00008094818335084244, ,0.00004818620149142608, ,0.000028386985075281968, ,
11534.336,0.00006140400322568587, ,-0.00003089619786178721, ,0.00010324733508254543, ,-0.00003759029823269089, ,0.000023718122418270137, ,
12582.912,-0.000005624943128283909, ,-0.000020676008933601427, ,0.00002228176560679037, ,0.00003787182593401504, ,0.000003194631710501529, ,
13631.488000000001,0.00003462905384099665, ,-0.0000040328989840209485, ,-0.00007213927937972543, ,-0.00003445523931578577, ,-0.00003958088751826179, ,
14680.064,-0.00007208661851762686, ,0.00010762705275234883, ,0.000029553958915393236, ,0.00000713597005694099, ,-0.0000020808867025133567, ,
15728.64,-0.000020387174119339816, ,0.00007777976129074582, ,0.000015647146836846225, ,0.00000516271978086144, ,0.00009032702731586522, ,
16777.216,0.00007104260059766682, ,-0.000054294406566202395, ,-0.0000666670303008141, ,0.000048619134266562166, ,-0.000042077379089687515, ,
