Time (ms),clean,clean fitted model: ,0cd20,0cd20 fitted model: ,19e3e,19e3e fitted model: ,34a6d,34a6d fitted model: ,484af,484af fitted model: ,714af,714af fitted model: ,34766,34766 fitted model: ,c1204,c1204 fitted model: ,fe81d,fe81d fitted model: ,ff67b,ff67b fitted model: ,
1e-06,-1.0, ,-1.0, ,-1.0, ,-1.0, ,-1.0, ,-1.0, ,-1.0, ,-1.0, ,-1.0, ,-1.0, ,
2e-06,-1.0, ,-1.0, ,-1.0, ,-1.0, ,-1.0, ,-1.0, ,-1.0, ,-1.0, ,-1.0, ,-1.0, ,
3e-06,-1.0, ,-1.0, ,-1.0, ,-1.0, ,-1.0, ,-1.0, ,-1.0, ,-1.0, ,-1.0, ,-1.0, ,
4e-06,-1.0, ,-1.0, ,-1.0, ,-1.0, ,-1.0, ,-1.0, ,-1.0, ,-1.0, ,-1.0, ,-1.0, ,
5e-06,-1.0, ,-1.0, ,-1.0, ,-1.0, ,-1.0, ,-1.0, ,-1.0, ,-1.0, ,-1.0, ,-1.0, ,
6e-06,-1.0, ,-1.0, ,-1.0, ,-1.0, ,-1.0, ,-1.0, ,-1.0, ,-1.0, ,-1.0, ,-1.0, ,
8e-06,-1.0, ,-1.0, ,-1.0, ,-1.0, ,-1.0, ,-1.0, ,-1.0, ,-1.0, ,-1.0, ,-1.0, ,
1e-05,-1.0, ,-1.0, ,-1.0, ,-1.0, ,-1.0, ,-1.0, ,-1.0, ,-1.0, ,-1.0, ,-1.0, ,
1.2e-05,-1.0, ,-1.0, ,-1.0, ,-1.0, ,-1.0, ,-1.0, ,-1.0, ,-1.0, ,-1.0, ,-1.0, ,
1.4e-05,-1.0, ,-1.0, ,-1.0, ,-1.0, ,-1.0, ,-1.0, ,-1.0, ,-1.0, ,-1.0, ,-1.0, ,
1.6e-05,-1.0, ,-1.0, ,-1.0, ,-1.0, ,-1.0, ,-1.0, ,-1.0, ,-1.0, ,-1.0, ,-1.0, ,
1.8e-05,-1.0, ,-1.0, ,-1.0, ,-1.0, ,-1.0, ,-1.0, ,-1.0, ,-1.0, ,-1.0, ,-1.0, ,
2.2e-05,-1.0, ,-1.0, ,-1.0, ,-1.0, ,-1.0, ,-1.0, ,-1.0, ,-1.0, ,-1.0, ,-1.0, ,
2.6e-05,-1.0, ,-1.0, ,-1.0, ,-1.0, ,-1.0, ,-1.0, ,-1.0, ,-1.0, ,-1.0, ,-1.0, ,
3e-05,-1.0, ,-1.0, ,-1.0, ,-1.0, ,-1.0, ,-1.0, ,-1.0, ,-1.0, ,-1.0, ,-1.0, ,
3.4e-05,-1.0, ,-1.0, ,-1.0, ,-1.0, ,-1.0, ,-1.0, ,-1.0, ,-1.0, ,-1.0, ,-1.0, ,
3.8e-05,-1.0, ,-1.0, ,-1.0, ,-1.0, ,-1.0, ,-1.0, ,-1.0, ,-1.0, ,-1.0, ,-1.0, ,
4.2e-05,-1.0, ,-1.0, ,-1.0, ,-1.0, ,-1.0, ,-1.0, ,-1.0, ,-1.0, ,-1.0, ,-1.0, ,
5e-05,-1.0, ,-1.0, ,-1.0, ,-1.0, ,-1.0, ,-1.0, ,-1.0, ,-1.0, ,-1.0, ,-1.0, ,
5.8e-05,-1.0, ,-1.0, ,-1.0, ,-1.0, ,-1.0, ,-1.0, ,-1.0, ,-1.0, ,-1.0, ,-1.0, ,
6.6e-05,-1.0, ,-1.0, ,-1.0, ,-1.0, ,-1.0, ,-1.0, ,-1.0, ,-1.0, ,-1.0, ,-1.0, ,
7.4e-05,5.3075858746752305, ,5.474209459515172, ,6.411484237376892, ,6.7760286668298795, ,6.305305079769446, ,6.759751787041197, ,7.127919599034138, ,7.3398250604538555, ,5.999222035735005, ,6.344357385377227, ,
8.2e-05,2.812448298166026, ,2.9189998361551774, ,3.4838398129709023, ,3.7379482322800284, ,3.4289624129550713, ,3.7136001020444285, ,4.0025044468198, ,4.025693298180485, ,3.2441491999126497, ,3.458224141521118, ,
9e-05,-1.0, ,-1.0, ,-1.0, ,-1.0, ,-1.0, ,-1.0, ,-1.0, ,-1.0, ,-1.0, ,-1.0, ,
0.000106,2.2986734570163714, ,2.336820107792779, ,2.479365535941798, ,2.509761525804798, ,2.445927722141514, ,2.4945194238163504, ,2.5419848801051725, ,2.6136525986863934, ,2.403186283177646, ,2.4233262513160865, ,
0.000122,4.048358047469864, ,4.08181984744184, ,4.135060088565492, ,4.070427413639031, ,4.106499439352822, ,4.095272843633906, ,4.244730979653451, ,4.223879056919103, ,4.090656430254073, ,4.0574972160523055, ,
0.000138,2.116445551062276, ,2.104767137124671, ,1.9523133112877984, ,1.8304341340141381, ,1.9549920785060309, ,1.893326140285191, ,1.8547931731927005, ,1.8595907304746677, ,1.975788210761439, ,1.9067887390262064, ,
0.000154,1.151416895864062, ,1.1421395787167008, ,1.0159985453465947, ,0.9209446591203141, ,1.0357315719708617, ,0.9680330765653433, ,0.9227641744968778, ,0.9123385667598309, ,1.0371902310917425, ,0.9869200325101174, ,
0.00017,3.0486415902891153, ,3.0179490341010995, ,2.7098043259050226, ,2.4256553524646276, ,2.723848950489195, ,2.5570315578227416, ,2.5027639063571967, ,2.3472825317915187, ,2.776813906795369, ,2.6407893345749613, ,
0.000186,0.9637816698808667, ,0.9423099521468845, ,0.7460069144231855, ,0.5679659684927164, ,0.7600444702132666, ,0.6347299288318639, ,0.5947350120023317, ,0.5433332375031864, ,0.8080659385100343, ,0.7129200473543919, ,
0.000218,1.6433538337418685, ,1.6042889069201862, ,1.2548724745964563, ,1.0031741955889941, ,1.273033651586842, ,1.1103204211885085, ,1.0050794326040497, ,0.9342514592187647, ,1.3461556087778372, ,1.2159175603444476, ,
0.00025,1.2181345127741319, ,1.1678288201961242, ,0.8542023898248968, ,0.6160790358903094, ,0.8741090564859022, ,0.71165952586857, ,0.6160942368440999, ,0.518180331439248, ,0.9436415344102685, ,0.8262024203157132, ,
0.000282,1.0837794142327926, ,1.0377261284924453, ,0.7161563683995487, ,0.4749497024399532, ,0.736997761614272, ,0.5761618145044023, ,0.48312212271247473, ,0.39960200156110626, ,0.807510953049085, ,0.6825874021802272, ,
0.000314,1.1358140473872844, ,1.0846214030319583, ,0.7271221570392986, ,0.4969001359222554, ,0.7546535043203632, ,0.5777468268661045, ,0.5054174258592135, ,0.4021502671634121, ,0.8355797939157736, ,0.7009916659427915, ,
0.000346,1.2497530590482588, ,1.1911554523136945, ,0.8112469328565188, ,0.5491179614739263, ,0.8365736528875236, ,0.6457006740087898, ,0.5531385320046829, ,0.4518609848705183, ,0.9235916543262124, ,0.7875785288845418, ,
0.000378,0.96613784550375, ,0.9169672320649432, ,0.5760111469577712, ,0.33068080409242123, ,0.5997718081717661, ,0.4330631235607669, ,0.35674332265361347, ,0.25948178529507954, ,0.6827328253975495, ,0.5600393165505771, ,
0.000442,1.0922282511544394, ,1.0401948396303347, ,0.6599901365209613, ,0.40375762188879927, ,0.6914418803558112, ,0.49835604618350027, ,0.41671298358702097, ,0.30845465060151817, ,0.7766095784613909, ,0.6367560653509334, ,
0.000506,0.96349277169351, ,0.9125515223338259, ,0.5648170422071348, ,0.3207152743803586, ,0.5855169847075583, ,0.42229363194626335, ,0.3264401985412138, ,0.2206097703211565, ,0.6623884068718874, ,0.5395916265816479, ,
0.00057,1.0591992941008097, ,1.0025776800038004, ,0.6343983940267912, ,0.3771646020605253, ,0.6656383255158409, ,0.4761178876335831, ,0.38319679592255357, ,0.27994190595699475, ,0.7471525545128463, ,0.6095829490440267, ,
0.000634,0.9541487656242952, ,0.9010222826113351, ,0.5327560782911803, ,0.3064663813151592, ,0.5611397141218065, ,0.3862887344888374, ,0.3050593913381091, ,0.20794597076823004, ,0.645895098265087, ,0.5190162043685742, ,
0.000698,1.0123770220331618, ,0.9626365012326643, ,0.5915626275961676, ,0.3367096802295383, ,0.6163641055807294, ,0.4360272595119043, ,0.3440298728809364, ,0.245899801675029, ,0.6993853799021771, ,0.562086433117967, ,
0.000762,0.9571286658859062, ,0.9060128730772348, ,0.5273738195150628, ,0.28935983758182215, ,0.563082728297201, ,0.3881854840813469, ,0.29437209779040624, ,0.196744645630485, ,0.6470602804132182, ,0.5129495103864843, ,
0.00089,0.9675743054041672, ,0.9130797678830999, ,0.5481515469149364, ,0.30454376497612445, ,0.5747330023196147, ,0.39495013475575685, ,0.3061640259728683, ,0.20627476098172573, ,0.6555777976937848, ,0.5294210390506421, ,
0.001018,0.9482146035312157,0.9179230802710308,0.9053883529060391,0.8671484387273104,0.5370693493345126,0.5097646287083839,0.2913448388460493,0.2703311669292281,0.5668379416091524,0.5357960756150311,0.39032293458120837,0.3631481218611465,0.3105106589451487,0.2757828278164508,0.20034325257839647,0.17542400758183793,0.6453734640109283,0.6154555334334192,0.5186592728351338,0.48802354393201597,
0.001146,0.9530319023668704,0.916960039592776,0.8981856919376223,0.8662305779253517,0.5348228830807072,0.5090942061486922,0.2921354871296649,0.2697992411070777,0.5624695568007416,0.535107125333863,0.3837665135767289,0.36256946642132964,0.2925954487073636,0.27525701688612814,0.18946661349002777,0.1749871073495773,0.6400448272395586,0.6147169990668824,0.508585500632826,0.4873485830630333,
0.001274,0.9484553438579854,0.9159997072091924,0.9084170118326019,0.8653152610804821,0.5346347205602278,0.5084257781138657,0.28094998110658953,0.2692690857170241,0.5569307707232558,0.5344202157620466,0.3860850031649324,0.3619926685962267,0.29240851872928697,0.2747329465142212,0.18847373033018006,0.17455161779540784,0.642607270640088,0.6139805874763543,0.5102234643688427,0.4866756684843387,
0.001402,0.9417991076941077,0.9150420737552277,0.8879808274829106,0.8644024793468028,0.5274466165638867,0.5077593373504385,0.27351250910265995,0.26874069447905197,0.552328656912398,0.5337353395376003,0.3725211291770041,0.3614177214862448,0.2804408640152314,0.2742106105203612,0.17053393463057614,0.1741175343431891,0.6347175634527092,0.6132462910841714,0.5045099608545386,0.48600479266191415,
0.00153,0.935356659535643,0.9140871298998876,0.8810623616308669,0.8634922239111277,0.5131532014564035,0.50709487663323,0.2724571778325977,0.2682140611358621,0.5406130633657702,0.5330524893268866,0.362933883773312,0.36084461821885677,0.2716670568301642,0.2736900027465932,0.16972885875648225,0.17368485243163032,0.6183339062024337,0.6125141023416674,0.4945381204184114,0.48533594809153385,
0.001786,0.9269499946042117,0.9121852738306271,0.8732924666040301,0.8616792568438475,0.51218842618424,0.5057718665774857,0.2706907961520691,0.2671660432177114,0.5354333790808555,0.531692837753145,0.36431347575840767,0.35970391585642025,0.2747367723885356,0.27265394733908577,0.16574774970003808,0.17282367505929058,0.6230337448167491,0.6110560177553197,0.49208906382200285,0.48400432283822054,
0.002042,0.9257302758283015,0.9102940650297842,0.8789233485567186,0.8598762900226347,0.512799248214779,0.5044566907065322,0.2743529050942297,0.26612498235533555,0.5435817396964495,0.5303412029342962,0.3619015227036585,0.358570507065827,0.27848981252773675,0.27162473147320354,0.17707260146724346,0.17196804948323413,0.6262403992832795,0.6096062739035326,0.4910032679897799,0.4826807332817429,
0.002298,0.9128715003224177,0.9084134300625704,0.8622096106820559,0.8580832541069177,0.5061369547036847,0.5031492922255044,0.26747863272112965,0.2650908292996484,0.5303323844274598,0.5289975272100937,0.3591671698859526,0.3574443378300111,0.2723493960896262,0.270602306683819,0.17580345018484755,0.17111793974283643,0.6081582262307815,0.6081648114291216,0.48294289108290883,0.48136512044825264,
0.002554,0.9097995777395035,0.9065432960270421,0.8586206095172002,0.856300080267633,0.504991175196124,0.501849614781147,0.25912903188513975,0.2640635351570896,0.5325035874125269,0.5276617533629969,0.358370091188298,0.356325354554459,0.2614571179191913,0.26958662485657425,0.16401384841323774,0.17027331011048302,0.6082347483941727,0.6067315714278626,0.4804258556419765,0.48005742582882593,
0.00281,0.9025368317088442,0.904683590550136,0.8502088521235566,0.8545267001833314,0.49015813327277735,0.5005576024582197,0.2507191215878744,0.26304305138702,0.5175709073292912,0.5263338246146303,0.34782498361710934,0.3552135040637664,0.25872117937419875,0.26857763822530323,0.16523175145489588,0.16943412509005948,0.5965320882700387,0.6053064954448877,0.47247397744755926,0.47875759137561374,
0.003066,0.9034828487415355,0.9028342417837368,0.8564546084056309,0.8527630460363105,0.4959709454343148,0.4992731997759331,0.25919303626487317,0.26202932979913635,0.5171183864459646,0.5250136846222687,0.3511384693823047,0.35410873359822576,0.26060279494299793,0.26757529936947133,0.16343092686026583,0.16860034941545088,0.6027770631064202,0.6038895254711094,0.4749261736386478,0.47746555949802544,
0.003578,0.8922663798941481,0.899166329591341,0.8432235848174676,0.8492646467790584,0.48996354892009014,0.49672700356121313,0.2512796159232237,0.2600219821450154,0.5197923063251195,0.522396547692048,0.34670776634882405,0.35192022376197396,0.26201491385593206,0.26559037701492216,0.1670215956880779,0.16694888618028214,0.5969027913322171,0.6010796737224593,0.46845678294502435,0.47490467537098285,
0.00409,0.8876956895304441,0.8955389950162778,0.8385207976411806,0.8458043498842304,0.4906648441581671,0.4942105908461781,0.25527891770225913,0.25804111358197973,0.5176561019557815,0.5198099004119128,0.3452437422841677,0.34975941115408116,0.26010610302675763,0.2636314852452284,0.15881660952427373,0.16531864281964442,0.5934986440572096,0.5983015608908546,0.4674985471315387,0.47237432172520255,
0.004602,0.8804545968841277,0.891951681777362,0.8316106625015677,0.8423816305578018,0.48679965146012194,0.4917235330681958,0.2492109932325749,0.2560863509403964,0.5099922431026872,0.5172533073719048,0.3438397588044501,0.3476258883204362,0.2549813381071656,0.26169825688218284,0.15359717088902486,0.16370934533379597,0.5892285385512183,0.595554738593878,0.4621283914227816,0.4698740539155961,
0.005114,0.875922084689422,0.8884038416250913,0.8261514265066985,0.8389959717049076,0.4825537016803989,0.4892654082839904,0.24805511409655379,0.2541573264143397,0.5057859520457256,0.5147263398051602,0.3387393963907779,0.3455192541402086,0.2544636844254979,0.25979033003847457,0.157259856051446,0.16212072326225924,0.5836392141334514,0.5928387652484615,0.4596661576901972,0.46740343425807357,
0.005626,0.8719868561408796,0.8848949342227668,0.8214382322928264,0.8356468638132245,0.4755026704185865,0.4868358010626611,0.24502313925070623,0.2522536774833622,0.5023461073017522,0.5122285754823146,0.33410455779091525,0.343439113723378,0.24626924169811376,0.2579073480402622,0.15369713283015946,0.16055250963809312,0.5810427490501036,0.5901532059633933,0.45386094195194837,0.4649620319151423,
0.006138,0.8670322033533012,0.8814244270294062,0.8159207304617738,0.8323338048381688,0.47485441223990316,0.4844343023805058,0.2417150015639008,0.2503750468354231,0.4952206762240915,0.5097595986076523,0.3302441424943301,0.34138507830998954,0.24666741202564105,0.25604895935089994,0.15315347729362197,0.15900444094275668,0.5740354333344334,0.5874976324335921,0.45032725184577815,0.4625494227834755,
0.007162,0.8581494321874913,0.8745965213940945,0.8125235085807989,0.8258138621219622,0.4682938270792599,0.4797140259562274,0.23676952768035545,0.24669143672807775,0.49258350037244975,0.5049063755771388,0.325884470084764,0.3373537975114353,0.24292270288218867,0.2524045809883882,0.14914444299424687,0.15596770123966472,0.570339577197014,0.5822747617278642,0.4472400499128555,0.4578089207503975,
0.008186,0.8503254973011924,0.8679160159670413,0.8008293800082352,0.8194322723035251,0.4612519306734501,0.4751014310795264,0.23390146507427356,0.24310373890674944,0.4873003311091596,0.5001634691816521,0.3200089929143064,0.3334224205438801,0.23900736047376953,0.2488544825741086,0.14535707419587646,0.15300846329396345,0.5657152251299783,0.5771668545039298,0.44100618736107217,0.4531786658640096,
0.00921,0.8452346570024725,0.8613789195263033,0.7968871713726261,0.8131852765612659,0.46113876910800655,0.47059346589470535,0.23255708754057022,0.2396092747763003,0.4865223841135214,0.4955277744637055,0.32309844030943996,0.32958804811950965,0.24030659312085584,0.2453960292320139,0.14411738842580116,0.1501247386288484,0.560257645218623,0.5721707110318895,0.43822267198686693,0.4486554966991486,
0.010234,0.8352527420457743,0.8549813549336981,0.7873846985555453,0.8070692251338587,0.45441941415855347,0.46618717155579725,0.230273365286797,0.2362054420595746,0.4817345639646061,0.49099628000689965,0.3158747869833954,0.32584786992606735,0.23583605181652273,0.2420266613386324,0.14219110431192095,0.14731458980493636,0.55239790761003,0.5672832273893981,0.43189511891051474,0.44423634942898244,
0.011258,0.8337345384994157,0.8487195557915619,0.7865876500153813,0.8010805740531408,0.4538315155642194,0.4618796792624078,0.22959343537094648,0.2328897125916557,0.4752383404357537,0.486566065001457,0.3156854134577023,0.32219916178721425,0.23269744986087476,0.23874389234110271,0.14146875829672048,0.14457612911000386,0.5515777925722615,0.5625013924719628,0.43171394998922025,0.43991825466473355,
0.012282,0.8278135252605513,0.8425898631995206,0.7778398004201105,0.7952158819775296,0.44460211654847115,0.4576682073940468,0.22289700388009917,0.2296596301788252,0.4692193105731631,0.48223429640531773,0.30877961090858613,0.3186392829171521,0.228064619060674,0.2355453066394653,0.135091737372204,0.14190751728237172,0.5449561803529052,0.5578222851000502,0.4242841574606121,0.43569833440249667,
0.01433,0.8136396684411236,0.8307126807670161,0.7674936641460631,0.7838451042869788,0.4406793977534471,0.449522617818114,0.2175047062486894,0.223446929190832,0.46343230833468474,0.4738551887210131,0.3043625195187685,0.31177585095443233,0.22452622176826673,0.2293913652167367,0.13412413018187286,0.13677271800394503,0.5360631787127826,0.548761001193776,0.41771519425661774,0.4275419446929995,
0.016378,0.8060596391807308,0.8193225691475107,0.7579611978706213,0.7729312995625717,0.4324616971239681,0.44172979044805505,0.2120303388260628,0.21754905150363069,0.4578205818184383,0.4658379458077067,0.2993584458647786,0.30523801686750834,0.21920281111234532,0.2235468547216377,0.12994513158160853,0.13189640041334275,0.5297496645529167,0.5400777005941545,0.4116831515130537,0.41974587433256483,
0.018426,0.7943717128869278,0.8083938179738599,0.7491274042115309,0.7624503304432432,0.4266370495365295,0.43427033973239865,0.21136932546639428,0.21194873423140514,0.45054274789503224,0.45816279403688454,0.29540038042038097,0.299007396726739,0.21802124139215073,0.21799480263886215,0.12659678696953822,0.1272654718079301,0.5214050227403473,0.5317519770047242,0.40592232483825164,0.412290100771514,
0.020474,0.7862020339715003,0.7979021570989443,0.7394894554725837,0.7523794292810485,0.4223583587613304,0.42712603067022137,0.2061796841350148,0.20662968098112958,0.44663605086487007,0.4508111214605522,0.29203123016105176,0.29306670675646634,0.21317254630407362,0.2127191887442379,0.12710004823934998,0.1228675029180101,0.5169653640670098,0.5237646155508702,0.40032130516344144,0.4051558039007864,
0.022522,0.7791755277161048,0.7878246738510224,0.7322582139940335,0.74269711785993,0.41591945408728603,0.4202797074651597,0.20364707320141875,0.2015765069927283,0.4389713562355724,0.44376540678783133,0.2846648784004705,0.2873996949710626,0.20812101935492555,0.20770489088951655,0.12131800538964696,0.11869069428175562,0.5094421963207086,0.5160975203058867,0.39366856828450725,0.39832529040577014,
0.02457,0.7694692632063307,0.7781397351371914,0.7232555647484977,0.7333831319406895,0.408775422776977,0.4137152267788639,0.1997648421524714,0.19677468743651763,0.43235594092283036,0.4370091528581452,0.2815223117346681,0.28199107721603367,0.20418694649526176,0.20293763391876582,0.11739968824677204,0.1147238443247609,0.5030627547017095,0.5087336463812869,0.3900462653787981,0.3917819230841678,
0.028666,0.7525554434561208,0.7598669210909973,0.7067849241493317,0.7157847282254016,0.397734668046623,0.40137191116569765,0.19030788735897775,0.18787102237415873,0.4206077342665919,0.4243037892089725,0.2707090310699516,0.2718923710744467,0.19526432858563328,0.1940910909268643,0.11059102236986058,0.10737802331057403,0.4889815555509811,0.4948522602575542,0.3758780238972974,0.3794949666674005,
0.032762,0.7366644780292866,0.7429335600657253,0.6911862532300972,0.69944379271506,0.38716299585391123,0.38998491091226073,0.18331136892102695,0.1798179027144455,0.41094423251237666,0.41258126357327385,0.2634852879384826,0.2626654912969955,0.19001250393794325,0.18608053728757135,0.1051170342674478,0.10075127132668094,0.4780203712268738,0.4820027980363069,0.36663807843313995,0.3681805543912498,
0.036858,0.7234062035757707,0.7272057006851754,0.6796297921064447,0.6842352039564736,0.3785202850389949,0.3794556488078687,0.1772436278855354,0.17252546269553504,0.4002356747840242,0.40174059268751705,0.2543455532998295,0.25421737287171975,0.18251597457820984,0.17881769638325198,0.10068471733502382,0.0947725997414553,0.46740181042264517,0.47008073670224476,0.3570746994827708,0.35773739898181556,
0.040954,0.711814208387501,0.7125638001763807,0.6678809135229763,0.6700474201554362,0.36983833205021827,0.36969665354086834,0.17160923557082525,0.1659135558119426,0.3917344374698444,0.39169208280765294,0.24982635038119536,0.24646555515004806,0.17880012368196632,0.17222385510954716,0.09687847388888329,0.08937803125747919,0.4582153001091483,0.4589931613476096,0.34968237392665147,0.34807573828124627,
0.04505,0.6997816858799837,0.6989011319485573,0.655523775238535,0.6567809537713051,0.3623885425017407,0.36063025235980406,0.1672482037195761,0.15991068985977594,0.38380979183854447,0.3823560157780202,0.24218008841935654,0.2393369290882791,0.17175397345083948,0.1662288133122075,0.09313946678488455,0.08450990727350631,0.4486407117864086,0.44865742059469976,0.341290727408138,0.33911596232600744,
0.049146,0.6883044223727532,0.6861223724119467,0.6440567894784467,0.6443470215409669,0.3551316450924028,0.3521874230485391,0.16199668432881434,0.15445308009898265,0.37719300046864473,0.37366149288039857,0.23781155426742562,0.23276663722248472,0.16708938502843107,0.1607699501125998,0.08793371803454897,0.08011626368545328,0.4409964374557095,0.43899994273421217,0.33470771021450035,0.3307874101792408,
0.057338,0.6684797349587491,0.6628849137967608,0.6256585540121948,0.6216681134457379,0.3412803784996386,0.3369337127217895,0.15392534451547338,0.14495206861374596,0.36268714181097145,0.3579515954565192,0.22670510065264465,0.22107720162692054,0.15909406777229268,0.15124328456063385,0.0837130601653651,0.07256971420337588,0.42586365187866004,0.4214647530576109,0.3208922271482826,0.31577987650828787,
0.06553,0.6505133025324344,0.6422726136998456,0.6080069919855473,0.601472388865111,0.3296897445554945,0.3235209447596135,0.14621322416046953,0.1370246416798397,0.35124216769947186,0.3441358211348245,0.2172565612894108,0.21100949589509466,0.15289905462301273,0.14326515708693094,0.07714100199126298,0.06641653011422011,0.41251803151440114,0.4059439511043304,0.3096911505856411,0.30262983037883784,
0.073722,0.6340413482448476,0.6238221070025957,0.5921874590462036,0.5833292000013641,0.31834643190796336,0.311619788579815,0.13866029911481498,0.13036316172123272,0.33794634447112787,0.3318749342653454,0.20941431696985266,0.2022568698821581,0.14410120562917514,0.13653372423944982,0.07209810399205205,0.06139528782835091,0.3995190247766587,0.39208402419930094,0.29814821749914994,0.29100168459509484,
0.081914,0.6183709101197771,0.6071617002591956,0.5775328971790383,0.5668931432844029,0.307338718442741,0.3009677854605283,0.13279283179344614,0.12472216740565947,0.32908557815914735,0.32089835342735873,0.2015651463857917,0.19457618454382458,0.1389231164788682,0.13080818842309008,0.06855236743618706,0.05729364480047923,0.38817228566151823,0.3796024008960393,0.287467378352353,0.28062849528159595,
0.090106,0.6042357722046017,0.591992579151437,0.563723950026404,0.551886416340572,0.29913220858607614,0.2913550569878546,0.12610293140218018,0.1199056400841466,0.3199071028611403,0.31098957992955323,0.19466701974937622,0.1877741382038486,0.13293034719189137,0.12589627362396072,0.0640023935301826,0.0539391229322513,0.37728788787421097,0.36827246678521197,0.27923674255275627,0.27129717045837776,
0.098298,0.5900700874703877,0.5780739384192366,0.5491852936918491,0.5380849122073175,0.2902876511712144,0.28261316473249054,0.12253134611215152,0.11575690418886743,0.3102368082186156,0.3019748083774281,0.18701007443848985,0.18169661563946893,0.1272415060801042,0.12164429787745777,0.06051613448879054,0.05119162301874855,0.3669444312643207,0.35791183980224855,0.2700787751270094,0.262836972549567,
0.114682,0.5651676952500084,0.5532466939245292,0.5254944045538894,0.5134060752234498,0.27484017919866793,0.26722500899907253,0.11344726828569976,0.10898637359682134,0.29401450900565956,0.28609392198504613,0.17689449802932872,0.17124654822691415,0.1189065871440117,0.11465278072557365,0.05507514629371825,0.04708385032497592,0.3485545011270914,0.33953696350804025,0.25530004589027766,0.2480069913876826,
0.131066,0.5423113482556862,0.5315231448553136,0.5033604374367442,0.49177436702394234,0.2608211852314297,0.25399788491838154,0.10571327390565174,0.10367799560487051,0.2788833831114526,0.2724249271411307,0.16587311995484405,0.16250306574705395,0.11111876476561977,0.10911478108538236,0.04921092476827343,0.04429295160111779,0.33181564926140417,0.32360002240313457,0.24101084622826707,0.23532494691604755,
0.14745,0.5204695355159215,0.5121336966688781,0.48242371265252676,0.4724645453436974,0.24760983349437413,0.24239564097848726,0.09858219662955114,0.09935985515006594,0.26556779946046905,0.26041555608931866,0.15681363108420593,0.15499468094270272,0.10458764166771073,0.10456685157048708,0.046372366543301485,0.042371963028703066,0.316112674333601,0.309513483693211,0.2277641188137971,0.2242507147405781,
0.163834,0.5012075958182065,0.4945578414456722,0.46392755187424234,0.454981136280107,0.236486629281469,0.2320539247316087,0.09317443083850106,0.09572625125316687,0.2534964513385212,0.2496913532746075,0.14917396182272086,0.14840878740712077,0.09870601830515377,0.10070835366870076,0.041635092034451704,0.04102594100767919,0.3030632533709649,0.2968757952564645,0.21731109208748153,0.21441818382761565,
0.180218,0.4828698167595054,0.47843649862310794,0.44609663472332006,0.43897796400303796,0.22533900147372948,0.22271930754656752,0.08818795031660713,0.09257777645385418,0.24257097390238666,0.23999264459327846,0.1417406733162302,0.14253412190836987,0.09413682439269924,0.09734275653600982,0.03865873924367173,0.040060245378768816,0.28929543885693687,0.2854059797232661,0.20707855730663297,0.20557334517635906,
0.196602,0.4668991660850184,0.4635161465067058,0.4297892111752277,0.4242069698703961,0.21604097025634128,0.2142109561859887,0.08371424557538547,0.089783214725295,0.2322951661976666,0.2311347869323073,0.1343720213720107,0.13722474610990465,0.08877909493046807,0.09434033345212492,0.0368579057076126,0.039346419103475,0.27873304636459584,0.274902279472022,0.1978609837434315,0.19753541779234593,
0.22937,0.4380373347371904,0.43659018983179076,0.4031949892597684,0.3976749451365895,0.19989671013671803,0.19917536807370126,0.0765264527666621,0.08493498985863433,0.21562118451433832,0.21543567122933538,0.12460040553585615,0.12791677344347274,0.08125627980653338,0.08910612583887742,0.032290991052665766,0.038364049354045755,0.2586858136642814,0.25623351396925353,0.18261505945357023,0.18338437516749584,
0.262138,0.4119846256370668,0.4127865365827149,0.37741250631874923,0.374376601732634,0.18508668191200742,0.1862210114084051,0.06997199265662811,0.08076777611859172,0.20041344048844947,0.20185842266441287,0.11484520900707039,0.11994445986747819,0.0749559380552612,0.08459175474543726,0.029073026847132456,0.03769088921968691,0.24070770405788725,0.24004666315087114,0.16905901172235727,0.1712437885491835,
0.294906,0.38919215717057154,0.391492012248692,0.35588573282501973,0.35367211792432757,0.17287901669861347,0.17489427456977574,0.06488104873921827,0.0770796558051214,0.1865791860318236,0.1899457725493433,0.10673439573178885,0.112992132096169,0.06973953696774579,0.08059187855806783,0.02724852902431822,0.03715778067499422,0.22485936556962496,0.22582066731723321,0.15714655993104357,0.16066585903930602,
0.327674,0.3691320762297902,0.3722865216913126,0.33645332865925837,0.3351155479227103,0.1616652144671004,0.16488520263168338,0.06067439231267056,0.07376134629677715,0.1750824239201099,0.17938581185998895,0.099532329042248,0.10685508585243694,0.06494061754361825,0.07699303229143661,0.024209856403413325,0.036690860484709174,0.21117383322805405,0.21319503177428747,0.14655504225933272,0.1513465004116259,
0.360442,0.35053690283859584,0.35485854456231836,0.31822415323036046,0.31837397010784707,0.15226998993907429,0.1559674477055755,0.05702680105688636,0.07074611996241682,0.16518112006572114,0.16995054084656566,0.09384483531047567,0.1013889715688116,0.06141883993083238,0.07372447432788032,0.022768415673933753,0.036257782141082565,0.19927415379768762,0.20190367540336904,0.1375950000100115,0.1430649546947746,
0.39321,0.3339485242143025,0.3389644066523857,0.3026026067899614,0.3031871503980116,0.1431253437433391,0.14796798071072453,0.054362998044270396,0.06798830445739379,0.15577453732668245,0.16146519297972473,0.08846765633686,0.09648571946802392,0.05810239182194775,0.07073697783202708,0.02232223280231798,0.03584429276649378,0.1879592107729108,0.19174136320741525,0.1297733802880889,0.13565336730239627,
0.458746,0.3070455896971418,0.31102292202034465,0.27616721126941995,0.2766768892027194,0.13000114792829176,0.13420481893589178,0.05075144159993719,0.06311526521084136,0.14179382373004618,0.14681766253951628,0.08049964779770927,0.08804768318513329,0.05437591502919861,0.06546378872892357,0.022111792038656087,0.03505407416962225,0.1706459960160126,0.1741826338715373,0.11779409446858996,0.12293935370042666,
0.524282,0.28263034802781,0.2872488139266066,0.2526808947723887,0.2543078621972948,0.11799190148257868,0.12278583262218283,0.047732260820542126,0.05894070254226503,0.12901636900363464,0.1346180491188207,0.07412239285663078,0.08104401931631962,0.0506534610170885,0.06095268815651844,0.022180855321140138,0.03430010416617946,0.15536378259145148,0.15954288575594805,0.10697677531125575,0.11242681083997794,
0.589818,0.26193428943899333,0.266773840170961,0.232280339152826,0.2351798290835591,0.10787780674776033,0.11315924362986833,0.045638721173718436,0.055323426516473366,0.11837077143104766,0.12430003750556591,0.06877227714198439,0.07513742980959319,0.04826831783338934,0.05704860550732698,0.021858162709684926,0.03357703992626052,0.14221743655242364,0.14715021101468728,0.09799067286098201,0.10358966477509167,
0.655354,0.24405495558392248,0.2489563563701112,0.2150449616482697,0.2186367110090011,0.09959213906294878,0.10493434074421279,0.044682292443331106,0.05215872519742224,0.10938701344578416,0.11546004178365626,0.06477610763610209,0.07008917389922288,0.04694476268855932,0.05363666455153726,0.022848966253656896,0.03288246152742388,0.13081576694916466,0.13652479852886312,0.09102346906578027,0.09605756571895765,
0.72089,0.22866740642212935,0.2333111695917731,0.1998161427089967,0.20418846630216747,0.09229845694197177,0.0978263593921736,0.0440617232251015,0.049366727892059814,0.10199478548186872,0.10780228766185262,0.06133555320186484,0.06572518234936844,0.04561002593231048,0.05062940357933185,0.023951745003324636,0.032214612067832285,0.12142769142940232,0.127314459560887,0.0847114148620676,0.08956190515606176,
0.786426,0.21482872495713298,0.21946445158075437,0.1866730950841389,0.19146157670967784,0.08667636322679469,0.09162278474831811,0.04446897244746207,0.04688534172734255,0.09538427939106607,0.10110499299781435,0.0590788876235834,0.061915483793121576,0.04524183238646742,0.04795895286245844,0.026285176943587434,0.03157195802933436,0.11351435139656046,0.11925476499155949,0.08032543548779096,0.08390306057893054,
0.917498,0.19278463165655862,0.1960558345753768,0.16464785486337524,0.17007458367864584,0.07740980985580453,0.08131798344774266,0.045955762046330645,0.042668117529493794,0.08582320949423569,0.08995115901233294,0.05562776517949037,0.05558514711874155,0.04577557803433518,0.043425269693897636,0.02955889853483384,0.03035673066383001,0.10084733565535121,0.10582248358974058,0.07326136826604737,0.07452444631756645,
1.04857,0.17437529360457552,0.1770274497958829,0.14674851980261955,0.15280800459182575,0.0703205701221094,0.07310717161018657,0.04641318359261943,0.039219119762687375,0.07762525220600779,0.08103768338594357,0.05327498149927672,0.0505393457319768,0.04536915137520715,0.039722022007023884,0.03233191952249255,0.029226751941826435,0.09029045587936332,0.0950796220164525,0.06721301193464921,0.06707079562423823,
1.179642,0.1590942312958245,0.16125760947777867,0.13205132342582038,0.13857856209889563,0.06415933156548083,0.0664129958342472,0.046218197012044,0.036346349475465514,0.07112888920529754,0.07375318948257088,0.05059938160288215,0.04642435309074655,0.04444040195909962,0.03664062289193327,0.032590627994355435,0.02817335919323894,0.08220448761801707,0.08629433728573116,0.06172332620350263,0.06100663687238259,
1.310714,0.14652346349300843,0.14797742630507388,0.11967095098578917,0.1266520318393936,0.059177468392286825,0.06085241461860826,0.04436931966532542,0.03391685860277409,0.06583069729338556,0.06769013736771398,0.04859299528860275,0.04300535524004985,0.042561776632917235,0.03403693444325083,0.03198543305871032,0.027189025169960076,0.07523915263749999,0.07897815593263548,0.057665766062278086,0.05597817502278745,
1.441786,0.1354125472927899,0.13664222095299117,0.10952841562710626,0.11651313688081967,0.05529636677474027,0.05616129991077865,0.04288451794558666,0.0318356691401567,0.061501924539453925,0.06256641233301698,0.046146362014767246,0.04012035808451881,0.041451613936624214,0.03180816119623524,0.030820296439427734,0.026267177744602594,0.06972478803714108,0.07279257865870886,0.05384981184350668,0.05174226994009775,
1.572858,0.1259720504536003,0.12685535291169542,0.10076669657381106,0.10778959920693798,0.052155925753702495,0.05215161816051675,0.04152845288598573,0.030033121398923873,0.058145690022883584,0.05818052326413401,0.04465654620608972,0.03765399173646047,0.039749991044900596,0.02987901958077048,0.02998820101118557,0.025402053069716563,0.06484410216722243,0.0674956286632216,0.05070727007096141,0.04812631539743601,
1.835002,0.11098982454222552,0.11081460489221305,0.08754869210100008,0.09355312042375136,0.04711636119997317,0.045661186292436165,0.03919840877487011,0.02706723986581251,0.05297153595648132,0.051068216063663435,0.04201737840900057,0.03366081788857186,0.037314539034498044,0.02670735144112249,0.027808924144101358,0.023822255617344076,0.05780561953578842,0.05890166204288979,0.04594269153017771,0.042282492789317144,
2.097146,0.09911768544788899,0.09822527721396543,0.07713341301536289,0.08243402390818613,0.043376194552557805,0.04063858565275801,0.037064219190189845,0.02472929742192929,0.04922026198350704,0.045553027165270564,0.03997842748482682,0.03056992983359767,0.035174224551709224,0.024209421046292284,0.025893890626524665,0.022415598293549086,0.05220828669696159,0.05223379404768404,0.04166789706543665,0.03776841833156144,
2.35929,0.08930547109182017,0.08808689765584464,0.06893823209140115,0.07351499833906242,0.04039855593934043,0.03664007891799821,0.03459820950698001,0.022839798809326083,0.04639126760774021,0.041154945960960816,0.037907169235791,0.028108753401145437,0.03369085823532081,0.02219208583618677,0.024496526210034147,0.021155114279166724,0.047676970591341385,0.0469140693077223,0.038280223548354045,0.034180073958498855,
2.621434,0.08120402156261282,0.07975135691794483,0.062601189238483,0.06620619934864866,0.037611486674405115,0.03338419242124917,0.03305105167136497,0.02128167262347859,0.044179701254652884,0.037568584732764254,0.03593276979491209,0.02610432529891073,0.03273712279420929,0.020529548735426315,0.022848933434081627,0.02001916037964191,0.044093545715307776,0.04257448694095622,0.035543673693639005,0.03126183649216928,
2.883578,0.07464772529331798,0.07278035091709542,0.05714309928202078,0.060111115321634274,0.035570949347459066,0.03068377721908326,0.031673859083605635,0.019975307233207198,0.042788493211880774,0.03459040790716558,0.034417168479989456,0.0244416104039892,0.03201688724543903,0.01913636126222261,0.022375847156216825,0.01899016511584858,0.04127064911035807,0.03896961960308453,0.03296663234486652,0.028844095250436016,
3.145722,0.06873995861971752,0.06686685152933344,0.05262459504035786,0.05495337078506171,0.03370295997959508,0.028409565590625862,0.02992393317323785,0.018864679456761325,0.04049170031298982,0.03207955095862202,0.03230415086703274,0.023041132342498893,0.030140914649217292,0.01795244929334177,0.021081759898631557,0.01805371422603838,0.038702734275297836,0.035929517755708816,0.03104305820998378,0.02680989630720252,
3.67001,0.05952499745851746,0.05738420961957018,0.045192897354452026,0.046708060589519415,0.02999845931365839,0.024795862356418712,0.027279535972629384,0.01707883816389833,0.03686088764266968,0.02808432450098606,0.029137360665908007,0.02081540554035561,0.026699718012595262,0.016049827982339747,0.01960631720843925,0.0164126707078379,0.034710822968980336,0.031090370505752724,0.02742416933992476,0.023581516001058893,
4.194298,0.05220359993569945,0.05012441901721241,0.03891095489112396,0.04041799862412113,0.027299437253794818,0.022058525077878317,0.025272362398939076,0.015707311113509936,0.03368230580676623,0.025053078484497476,0.02694859617977046,0.019129105339400848,0.023975153303190746,0.014589544649805804,0.01830191269948587,0.015021910211730497,0.031542504321764246,0.027417225545998954,0.024872602285076262,0.021139582793621395,
4.718586,0.04661411459064887,0.044395990612370734,0.034360032040806524,0.035469565152562596,0.025233025147895993,0.019917953550023217,0.02370333185474876,0.014622248292480445,0.030787609786720505,0.02267938397848216,0.025461274738786913,0.017810207832177016,0.02235711966498592,0.013434875472598896,0.01670566911546274,0.013828293892289876,0.028907260711803374,0.024539804671123433,0.022986663493008017,0.019232378391096427,
5.242874,0.04206086719103893,0.039766669722677575,0.030866604896610438,0.031480902330592836,0.023580407063768037,0.018201591613032767,0.022625739270244253,0.013743398730312589,0.028445460055709745,0.020773780688592557,0.023780353349407007,0.01675252406626738,0.021079220188009663,0.012500072222664532,0.014869796396194249,0.012792730635440975,0.026873816983561123,0.02222905601454114,0.02152010148097788,0.017704801699621762,
5.767162,0.03812025200687154,0.03595242961985486,0.027966852216741868,0.028202011445733165,0.02221727626346257,0.0167972349532829,0.021892046783500766,0.013017854483673045,0.026304685676874495,0.019212886153300093,0.02261377215779975,0.015886992057481942,0.01994928703511037,0.011728641448681559,0.013567656209855186,0.011885822794924835,0.025293039045489237,0.020335752463155957,0.020682011047763845,0.01645613178383959,
6.29145,0.03460859127029811,0.03275899790941416,0.025354349842424673,0.025462414892922607,0.021041353044143923,0.015628808723923075,0.0208816263700797,0.012409326237297603,0.02459327999921559,0.017912939070108026,0.021429946560294726,0.015166780166447631,0.018840098807817254,0.011081856585406225,0.011573174478840742,0.011085036974736097,0.02391235743846904,0.018758552046269965,0.02014374228383548,0.015418156733396733,
7.340026,0.029727096740407077,0.027722720190819308,0.021881072628141734,0.02115332248351176,0.018673310181684052,0.013801089598329342,0.01876981690917119,0.01144744380543427,0.022296551812356864,0.015876869260027165,0.01916179156565599,0.014040003125396588,0.016806425109896578,0.010059969333208789,0.009647054703906142,0.009735254988376432,0.02139134975295092,0.01628737853829256,0.019358902467490825,0.013796373212874902,
8.388602,0.02598478323605647,0.023941862394691076,0.019012163834971813,0.017928707441540064,0.016786200230769543,0.012442439415440276,0.016887342173079224,0.010723360356313022,0.02081124413574681,0.014360977586009089,0.017250177310328636,0.013202241459618166,0.014939008396802237,0.00929113537445288,0.00787310468171009,0.008641738787705949,0.01958203037499839,0.014446777261342076,0.01863609614464772,0.012592495736501508,
9.437178,0.02341850673089518,0.021008102217381572,0.017205776212663476,0.015433529091724109,0.01523164491942843,0.011397229205503302,0.015193891340209263,0.010160172283737393,0.019913550513138246,0.013193211958574405,0.015952773845472612,0.01255764178866987,0.013385981481943596,0.008693423750105754,0.006731681503124674,0.007737997941024137,0.018190096144393906,0.013028355641137373,0.01768092469322877,0.011667484598585066,
10.485754,0.021006152628633087,0.018671809508134303,0.015476594438756482,0.013451412024275095,0.014233550428865554,0.010571213452214765,0.01390301049880786,0.009710734087926859,0.018937114835385377,0.01226922763956021,0.015090303145303097,0.012048146747782543,0.01219612288588849,0.008216635024026243,0.005854031858450088,0.006978708574667845,0.017169024958078212,0.011905679568666143,0.016659280356191533,0.01093725176607081,
11.53433,0.01855526690148132,0.016771944157723772,0.013494038574286573,0.011843145807666555,0.013189478911926664,0.00990409329342253,0.012878362272460307,0.009344560024985194,0.01759658435613178,0.011522177317021064,0.01485929186991408,0.011636604856834218,0.011393928913527602,0.007828324031660762,0.005120376898452089,0.0063319117411337516,0.015733782166419588,0.010997722284445309,0.01589711953549482,0.010348060225889077,
12.582906,0.016750743864954867,0.01520006753317141,0.01170715692006555,0.01051521484454958,0.01293053576060415,0.009355563956707785,0.011895863353127482,0.009041079837746675,0.01661586404157809,0.010907326719452583,0.014657076434816311,0.011298179812128686,0.010670841158419245,0.0075066074292515815,0.004551651669757068,0.00577442553108738,0.01481757779738566,0.010250243678593562,0.015277603672775242,0.009864029253555222,
14.680058,0.014232530852406864,0.012759127849775976,0.010020848507369078,0.00845851207832611,0.012309632709624676,0.008510598772007886,0.010472364076424042,0.008568752266082839,0.015284605745115804,0.009959006178359877,0.01389690027685311,0.010776781928313234,0.009787086770760465,0.007006121325128271,0.0037349330827052382,0.004862647293216818,0.013238795871559144,0.009096973625062165,0.014360584687313372,0.009119255480077039,
16.77721,0.012262113803116176,0.010960598032959862,0.00831825515639893,0.0069478926004173,0.011601013163676318,0.00789400336739517,0.009267889194596769,0.008219787423129567,0.014032301277446108,0.00926594991410033,0.013202552564242366,0.010396232113145408,0.008921172030099733,0.006636552606312471,0.0030443878539763,0.004148771351126113,0.01223057679494207,0.008253795036636383,0.013472301150195022,0.008576498248677391,
18.874362,0.010916359125061432,0.009587581162103223,0.007145847969570318,0.005797820489215657,0.01100421351735233,0.00742717552939259,0.008616153304968104,0.007952756972860072,0.012959690281083912,0.008740562519305488,0.012513110715392827,0.010108070171299006,0.008271698831347112,0.006353888834033757,0.0024919364748062904,0.0035749997277178926,0.01149478939709765,0.007614384008841781,0.012353517129342307,0.008166039184905428,
20.971514,0.009487369165397604,0.008509829221702042,0.005916468077776327,0.004897225109993233,0.010338104360166422,0.007063369100692477,0.008097769182935494,0.007742717982667721,0.01178199726814457,0.008330668490042124,0.011831085804054276,0.009883470372530742,0.007740591822368882,0.006131644975116533,0.0021844200759798637,0.0031040285949159446,0.011121567963398181,0.007115383339428995,0.011690703006678333,0.007846473466111682,
23.068666,0.008567121567354882,0.007644630536256759,0.005042621240717183,0.004175768143582361,0.010046245955573912,0.0067731537602764656,0.0076510027300403915,0.007573793949584228,0.010838228865966101,0.008003374094340807,0.011170502996839247,0.009704281582779365,0.007293526666423525,0.005952970754663492,0.0018240153771357259,0.0027107053729739945,0.010166583772733008,0.006716835184898038,0.011323287870235007,0.007591765758671468,
25.165818,0.007484136402986336,0.006937072637812151,0.004190370132713806,0.0035868685593109604,0.009588055046177322,0.006537141716127845,0.0072329801116150375,0.007435422174700373,0.010344078507781955,0.007736983283927719,0.010846438632812235,0.009558544563719443,0.0068498812864340175,0.005806660314508192,0.001674113897482498,0.0023774544530983602,0.00991258177751057,0.006392375476403698,0.010784325812122306,0.0073847836774077885,
29.360122,0.006927132330273979,0.0058546499546208615,0.003783722211664453,0.0026881063352864392,0.009214257648641989,0.006178624249687721,0.006541832116583161,0.007223300404892963,0.009827300736856294,0.0073318916890732135,0.009681841072607078,0.009337131913830156,0.0061461688376777315,0.005582462543656198,0.0013818039311637653,0.0018438774013133817,0.009341614101559844,0.005898839394825471,0.01046717764296891,0.007070655652036463,
33.554426,0.00588587628272676,0.005071206302014686,0.0031534102357941448,0.0020393970348867646,0.008570230500188203,0.005921249017236614,0.006088311439660984,0.007069393806912715,0.009461855453507202,0.0070407277150293145,0.009007815767834448,0.009178158749585281,0.0055325133994532346,0.005419874263126442,0.00122935972295033,0.001436092432476901,0.008510682086815208,0.005543987832574374,0.009686075338225738,0.00684538714464969,
37.74873,0.005036517853540016,0.004482124936602766,0.00255856417899852,0.0015527481117349057,0.008065124218266597,0.005729028451533079,0.005750045110043392,0.006953432762143831,0.008837818192546426,0.00682305556146117,0.008241911248901026,0.009059415204017545,0.0048770373847623295,0.005297422594628857,0.0009713193854754488,0.0011147964381130774,0.0077276804656412346,0.005278631437164646,0.009064213484275881,0.0066772916795253545,
41.943034,0.004521319408543539,0.004025735016360773,0.0022972129079077536,0.0011764514621627705,0.007393595849534198,0.005580948598439014,0.005479972810424466,0.006863436106650191,0.008205318464459859,0.006655229528919046,0.007825487870088561,0.00896793010563785,0.004148473208426748,0.005202422003282467,0.0008611534051010716,0.0008554756282902272,0.007214955858526589,0.005073994404208959,0.008473268804864313,0.00654789056365761,
46.137338,0.003606483905581758,0.0036635092597621165,0.0018877324138044762,0.0008782915142015327,0.006826207864933455,0.005463988032453634,0.005271791168248559,0.006791901260947972,0.007379235233293752,0.006522579327525257,0.007303218115680898,0.008895664565065109,0.00363742254692068,0.005126932584762143,0.0006937792937972352,0.0006420515830029058,0.006557958316852978,0.00491221765985363,0.007666719980591986,0.006445745806563181,
50.331642,0.0035611224331535208,0.0033702402731275605,0.0018363915234820753,0.0006372404865743657,0.00643862189554982,0.005369687177640318,0.005173484443683811,0.006733909305770689,0.007013723468546296,0.006415564052494394,0.006975084192208454,0.008837395307335263,0.0031145512674224237,0.005065750862450774,0.0006848290925479632,0.00046354336621661093,0.006026862275616572,0.004781683115176431,0.007393165984100107,0.006363433462329211,
58.72025,0.002853532991904886,0.0029271845553965193,0.0012133346964088333,0.0002737166121233052,0.005800657098479434,0.005227944764174123,0.004678350284500005,0.0066461580798636575,0.005982988488676515,0.006254593222901271,0.006278996955078004,0.008749803697156056,0.0020439612405332426,0.00497320308383832,0.00041020082143089585,0.00018238711240393122,0.005074625075280971,0.004585295696137878,0.006317094461016678,0.0062397891394676734,
67.108858,0.0021261247220854653,0.00261111034813216,0.000984359339014,1.4899129569709854e-05,0.005494300440312775,0.00512740430350294,0.004305965977612264,0.006583442928499241,0.005462547268003459,0.006140320161664676,0.005577101330315251,0.008687667158985713,0.001667349162350896,0.004907084360191112,0.0003012590195894247,-2.8355152731880835e-05,0.004254555297914981,0.004445849148796092,0.005532932838885155,0.006152148104899113,
75.497466,0.0021303277581591726,0.0023762487576738838,0.0010515485796054728,-0.00017710845175704045,0.005157736024629508,0.005053038156387317,0.004020439069435801,0.006536773631967729,0.004958085148669347,0.006055741546193704,0.005063782064281112,0.008641703355393077,0.0011846109454640996,0.004857897020613512,0.00024167354690993648,-0.00019165896325449672,0.0035126823562583744,0.004342620103401433,0.004667923683949834,0.006087359579349979,
83.886074,0.0018184034350755987,0.002196080050753176,0.0008416099561377144,-0.00032420854304016057,0.004771765159128798,0.00499620296532742,0.003803822239544442,0.006500929149389532,0.00450281878072952,0.0059910671764140935,0.004850034268261873,0.00860657271730805,0.0010758867876937308,0.00482012786810836,0.00025923915168591624,-0.00032154890449684434,0.0032863916436916027,0.004263672929387321,0.004344211715971426,0.006037866764511769,
92.274682,0.0016903192040456196,0.002054277403168011,0.0008600572963723621,-0.00043985689030326164,0.004527220394664954,0.004951609751892493,0.003738746406797927,0.006472689052681148,0.004192690091019398,0.00594030104531431,0.005031920554068753,0.008579007544418865,0.0007874836114914694,0.0047903775788573555,0.0001493943490422196,-0.0004270604954890308,0.003082531356441755,0.0042016958963766084,0.003922849555802747,0.005999049082207622,
100.66329,0.0015254736021292974,0.0019402923023537134,0.0006739234338840902,-0.0005327315930231265,0.004276809133362176,0.004915858790289337,0.0035385566379784023,0.006449969326192589,0.0036638112498644346,0.005899586131110162,0.0051543755278498395,0.008556907189096722,0.0007808811158365865,0.004766447089262455,0.00013890833578652373,-0.0005142708408222461,0.0028336052414738183,0.0041519846812065955,0.0035755079194596234,0.005967938332786989,
117.440506,0.0007744126345776313,0.001769585435354918,0.00025816354764818163,-0.0006716675607327773,0.00376675288917892,0.00486248546788552,0.0030429286976624845,0.006415908592237192,0.0028934000026191683,0.005838775307729924,0.00519484861201929,0.008523911360946781,0.0004091390458370543,0.004730578812715303,-0.00016224209225496145,-0.0006495246558790664,0.002267493737016999,0.004077728216652055,0.003083271260678177,0.005921510012771399,
134.217722,0.001001855364894133,0.0016489904113479066,9.116553058579458e-05,-0.0007696966789834884,0.003440394943461789,0.004824910989465328,0.00265584288848068,0.006391818965304033,0.0026291944534349524,0.005795944158355878,0.005248375572486723,0.00850068113898589,0.00024615821152616134,0.004705216766149064,-0.00024576084102420956,-0.0007490280940216201,0.0022120885597263083,0.004025419870583836,0.002675097326719331,0.005888838344810566,
150.994938,0.0007467338478318606,0.001560075803379972,0.0005023010527892877,-0.0008419033233744893,0.0028332557381312894,0.004797282526493956,0.0025687973014780797,0.006374041696926965,0.002310567256886464,0.005764438604661399,0.00523589107837169,0.008483599204548654,0.00023650732628129978,0.004686503967208831,-0.00023153102839320862,-0.0008248885846428924,0.0020529159486629466,0.003986939124985043,0.0023809388467886713,0.005864822671927688,
167.772154,0.0005244340370129894,0.0014922976689294948,0.0004203677750219974,-0.0008969022441909754,0.0023041117004038024,0.0047762677256003635,0.0022046853961899195,0.006360480524312941,0.001964228262084158,0.0057404675724256156,0.005416558015135566,0.008470605841877483,9.334405432341741e-05,0.004672231273540374,-0.0003456474217894203,-0.0008843657834700003,0.002007567762785602,0.003957658573856891,0.002263475428786492,0.005846560559136525,
184.54937,0.0004972465867274214,0.00143923229349128,0.0006545650535290331,-0.0009399347406952795,0.0018908876010121345,0.004759844119200739,0.002070634771624841,0.006349856744131738,0.0018312563437027749,0.0057217289633301775,0.005277122916896863,0.008460450889864335,0.00011457867537789657,0.004661051470558343,-0.0003142011364497788,-0.0009320636083911382,0.0018512326324624673,0.0039347678519209995,0.0020098191966884888,0.005832291269783282,
201.326586,0.00035813710351363025,0.0013967655411941434,0.0005136975674332298,-0.0009743539248685781,0.001550143345570969,0.004746720438206775,0.0017727907117033954,0.006341350554619409,0.0016272465379140089,0.005706752334596903,0.00497598015207688,0.008452336125558313,5.1906867797729015e-05,0.00465210101506969,-0.00021803061174348136,-0.0009710348952350354,0.001584590614743326,0.003916471650615013,0.0019214259693869052,0.005820891060256492,
234.881018,0.0003870848411961187,0.00133350105347294,0.0005064665714049261,-0.001025597046926791,0.0009061758829318167,0.0047272040341534574,0.0011184390449926092,0.0063286710012774635,0.0008031540397103294,0.005684474983906394,0.003973603353089209,0.00844026819344954,-0.0006388674538236834,0.0046387608621604615,-0.0007640623013994623,-0.0010305836887036018,0.0010412928562172907,0.00388925469780094,0.0013789848653098513,0.005803941170178508,
268.43545,0.0003622180109654418,0.0012890672934849831,0.0005289196960426286,-0.0010615626155834191,0.0006570312182086497,0.004713523104087317,0.0008019360338230897,0.0063197597328431354,0.0004636506892168608,0.0056688545117183934,0.0034730100378856533,0.008431808343920747,-0.0005640696330787592,0.00462938657943723,-0.0008612438250027164,-0.0010736255140065924,0.0009262544172779999,0.00387016927293261,0.001358185270758232,0.005792062041182639,
301.989882,0.00021238348063269718,0.001256454448878172,0.00036902819552619135,-0.0010879459259231776,0.0003325900315641279,0.004703496706208967,0.0006817347273988212,0.006313215874216548,0.00011766317976048413,0.005657404342537732,0.003088042409152536,0.00842560818672834,-0.0006192444420648022,0.0046225034295000805,-0.0008276269174718816,-0.0011059524400451924,0.0005630742579629513,0.003856178425495715,0.001080647121718878,0.0057833576505076706,
335.544314,0.00029972982686339876,0.0012316843558298953,0.00045824252596021563,-0.001107975995107008,9.956775453739076e-05,0.0046958904716484055,0.000715025729115577,0.006308243688545603,-0.00011824191750155011,0.005648716600321357,0.003116703586573112,0.008420904525702308,-0.0007081225184376603,0.00461727387620404,-0.0008014436457303478,-0.0011309736042162033,0.0005363910598293922,0.003845562485271067,0.0012799740853804101,0.005776755229948445,
369.098746,0.00012514693873424854,0.0012123488179532848,0.00037396427625166197,-0.001123606016018377,3.408450035772015e-05,0.004689958768214652,0.0006157074189492264,0.006304361126693632,-0.00024885924831746163,0.005641940594096947,0.0032204411296014638,0.008417236328487671,-0.0005822622437246965,0.0046131906241834945,-0.0006509239054447957,-0.0011508159417531385,0.00039270861845698546,0.003837282279277067,0.001335696852476813,0.005771606926670571,
402.653178,-8.070341010152848e-05,0.0011969135271332344,0.0001805665392315481,-0.0011360796267005993,2.045335287032568e-05,0.004685227363801911,0.0004755588421398111,0.006301260885914236,-0.0003275933127844688,0.005636535144064396,0.0033245387817099122,0.00841431036381038,-0.0006157547657312303,0.004609930315525946,-0.0007027048179858455,-0.00116686942885706,0.000351006378130863,0.0038306766785538536,0.00130353707712443,0.005767500781434223,
469.762042,1.8332246747233326e-05,0.0011739860687145888,-0.0006214104495068509,-0.001154601536996906,-0.0009048250877704867,0.004678205959435473,-0.0007396765765655484,0.006296654339737539,-0.0012609696441386173,0.005628512431972595,0.0025849895924997864,0.008409968164766834,-0.001986865674524528,0.004605086250362085,-0.0021456513921644976,-0.0011911009704429262,-0.0005341083708474597,0.003820872369181052,0.00013157184356705188,0.005761407925062036,
536.870906,7.774652693349094e-05,0.001157934239180506,-0.0004966131265574361,-0.0011675642006100677,-0.0010001223587707885,0.004673295175130514,-0.0007447245916372038,0.006293428112207316,-0.0014919369969289091,0.005622900554746759,0.0027575410950355507,0.00840693117101376,-0.0021217461885816614,0.004601693918779675,-0.002092187947799304,-0.0012083704911219344,-0.0005999055256068244,0.0038140140042970602,-0.0002435349404982987,0.005757147071695928,
603.97977,-0.00034406799494451776,0.0011461816625331423,-0.0008326666451660905,-0.0011770523148267298,-0.001138374340069404,0.004669702477417646,-0.0008293353606000809,0.006291065352918747,-0.001645808660959187,0.005618794506958424,0.0029682486479769813,0.008404709297634719,-0.0022164487614932454,0.004599209648891432,-0.002030548160794399,-0.0012211925139433435,-0.0007848491745446848,0.003808995790460356,-0.0003821578000392143,0.0057540301407497255,
671.088634,-0.00021392385770584133,0.001137272761284278,-0.000706107648096642,-0.0011842430555258198,-0.001291849726799597,0.004666980756197985,-0.0008721162381311087,0.006289273912348993,-0.0017603315365670542,0.005615683626278814,0.003037934388764219,0.008403026055141725,-0.00213163647749342,0.004597326161696665,-0.002014592481320186,-0.0012310221897179796,-0.000930069643880131,0.003805193733731384,-0.0003375869908545521,0.005751669014929969,
738.197498,-0.0003150601922128695,0.0011303295140272496,-0.0005913235739573448,-0.0011898462166361956,-0.0012033525431973376,0.004664860615832855,-0.0008333758913323357,0.0062878774941251304,-0.0017345370186215275,0.005613260177551545,0.00295897325786048,0.008401714848186876,-0.002120337092615207,0.004595858045884205,-0.001956680369892701,-0.0012387544440499664,-0.0009334791130299624,0.0038022317869960197,-0.00040977614772830814,0.005749829874184958,
805.306362,-0.00013878545850574264,0.0011247941211184071,-0.0006734170750120705,-0.001194312574441926,-0.0012938065541998726,0.0046631710683672336,-0.0007802213437458066,0.006286764063548685,-0.0017370874810417067,0.005611328814011001,0.003211325384320301,0.00840066993552875,-0.0020414926748304235,0.004594687481937575,-0.0018682786212415863,-0.001244966965269655,-0.0011473990866813142,0.0037998712316001594,-0.0004096835163785815,0.005748364326497988,
939.52409,-0.0002163641867997934, ,-0.0023113699949359025, ,-0.0031279097450013413, ,-0.002741955931885942, ,-0.0037238408198658835, ,0.0014339141515948564, ,-0.00436432278710412, ,-0.004676999516276913, ,-0.002862773366326933, ,-0.003003006976880143, ,
1073.741818,-5.96182816744788e-05, ,-0.0023299949015331504, ,-0.003160725017393084, ,-0.0027266995287114604, ,-0.003866547052461722, ,0.0017555201007542624, ,-0.004287701128862049, ,-0.004718691068730879, ,-0.0029893316453316475, ,-0.0036228581708849265, ,
1207.959546,-0.00020669687402196678, ,-0.002478717442236595, ,-0.0031967301150027504, ,-0.002701769397097137, ,-0.0037309851028926836, ,0.001977718380177424, ,-0.004413097612811071, ,-0.004657575911161096, ,-0.003092631905788314, ,-0.004021431773178505, ,
1342.177274,-0.0001084473085109714, ,-0.002419970638622915, ,-0.0032289297792255575, ,-0.0026041669776435163, ,-0.003679324567240247, ,0.002145731230173199, ,-0.004229718763949772, ,-0.004669426698378576, ,-0.003012957519427414, ,-0.004225369883557572, ,
1476.395002,-0.00028591541556256404, ,-0.0023853854934416277, ,-0.003110420617220843, ,-0.0025514092891606413, ,-0.0035848627671111978, ,0.002208332179578827, ,-0.004043505869250737, ,-0.004642874781824871, ,-0.0029698612169727907, ,-0.004220486232660455, ,
1610.61273,-0.00026761632925174884, ,-0.0023786532504188797, ,-0.0031204479344433406, ,-0.0026051543811481466, ,-0.0035231628539657382, ,0.0021570807753564093, ,-0.004005341683112855, ,-0.0046850883977724534, ,-0.0030039844612540843, ,-0.004098480220909402, ,
1879.048186,-0.007642671127119929, ,-0.0064740084970774285, ,-0.007553632038651366, ,-0.007810383712056023, ,-0.007848018211827672, ,-0.0020457823795778526, ,-0.010602300856079395, ,-0.012100683967220775, ,-0.007038281929959276, ,-0.008411432740333626, ,
2147.483642,-0.007881885997769312, ,-0.006681559993277717, ,-0.007730217566891081, ,-0.00803871194692794, ,-0.008027039025700664, ,-0.0022819590423666905, ,-0.010949118254985889, ,-0.012408845232482322, ,-0.006902232281560748, ,-0.007975659687329264, ,
2415.919098,-0.00778985323946804, ,-0.006645142342448501, ,-0.007782348315661537, ,-0.00842082425161141, ,-0.008286379259573377, ,-0.0026996931220372384, ,-0.011400557603903457, ,-0.01291581045653508, ,-0.007308732965656133, ,-0.007988001445091278, ,
2684.354554,-0.007792498099925605, ,-0.0067602144012481056, ,-0.007912696141839305, ,-0.008668874048071526, ,-0.008484930867955608, ,-0.003221186300837035, ,-0.011505080298975125, ,-0.013679535326227664, ,-0.007439490026647258, ,-0.007932869153108795, ,
2952.79001,-0.00816984659313803, ,-0.007080896450974799, ,-0.008174831970108832, ,-0.009050177149388923, ,-0.008422038133793955, ,-0.0035520421261037403, ,-0.012206184280508528, ,-0.01415370737362673, ,-0.007569178316704508, ,-0.008012389793457614, ,
3221.225466,-0.00837325683465238, ,-0.007237797912096132, ,-0.008277053237283578, ,-0.009217785104186775, ,-0.00884374416597411, ,-0.003632115046951735, ,-0.012855192570614378, ,-0.01458763339358692, ,-0.007811134310939929, ,-0.008138619018877573, ,
3758.096378,-0.008985310619845071, ,-0.01874639247248948, ,-0.01791836319804744, ,-0.02182709815531641, ,-0.01845584353059023, ,-0.014856282180258272, ,-0.028782778937046186, ,-0.03372310305517667, ,-0.015200111404065337, ,-0.01859183948692261, ,
4294.96729,-0.009291196310534905, ,-0.019621895466297355, ,-0.01868939236758645, ,-0.023090868583970157, ,-0.019413236972966298, ,-0.016078170694737996, ,-0.031197271241338587, ,-0.03600538890646201, ,-0.015859125472854774, ,-0.019968257923642842, ,
4831.838202,-0.009754714773945171, ,-0.02040654519670292, ,-0.019852591420606167, ,-0.02405434775221617, ,-0.02046960555573469, ,-0.017748736146939587, ,-0.034792700951892026, ,-0.03918199162187484, ,-0.01649201826234295, ,-0.02080805590857245, ,
5368.709114,-0.009761078808264087, ,-0.021088386607238194, ,-0.02063925633654501, ,-0.025658548910006736, ,-0.021551332023196593, ,-0.01948179243415169, ,-0.043913853767047636, ,-0.04325045036294979, ,-0.017153327296829023, ,-0.02173679762059901, ,
5905.580026,-0.010404492817984053, ,-0.022058696112962767, ,-0.021389669842410346, ,-0.027714244162020413, ,-0.022465283054786296, ,-0.021271962804024044, ,-0.05700100932721731, ,-0.0482030634294695, ,-0.01803684218096286, ,-0.022666624731100125, ,
6442.450938,-0.010401945932807823, ,-0.022820702249337226, ,-0.022711829181129867, ,-0.029832089191237386, ,-0.02343369025883381, ,-0.02336762033002742, ,-0.06276155603480406, ,-0.05401273220559123, ,-0.01805041210877004, ,-0.024137001925782654, ,
