name_of_plot,master_file,parent_name,parent_uqid,time of fit,Diff_eq,Diff_species,Triplet_eq,Triplet_species,Dimen,xmin,xmax,offset,stdev(offset),GN0,stdev(GN0),N (FCS),cpm (kHz),A1,stdev(A1),txy1,stdev(txy1),alpha1,stdev(alpha1),N (mom),bri (kHz)
2022-01-20_tttr2xfcs_CH2_BIN1_shift_20 nM AF48816_T182s_1_correlation-CH2_2,Not known,shift_20 nM AF48816_T182s_1,,24 January 2022 22:32:21,Equation 1A,1,Triplet Eq 2A,1,3D,0.001018,117.440506,0.2769051775515278,,0.15677469168083225,,6.378580555819795,54.15811918339611,1,,0.06724936928904662,,0.5,,72.05341491297169,4.794626437646344
2022-01-20_tttr2xfcs_CH2_BIN1_shift_20 nM AF48822_T254s_1_correlation-CH2_2,Not known,shift_20 nM AF48822_T254s_1,,24 January 2022 22:32:21,Equation 1A,1,Triplet Eq 2A,1,3D,0.001018,117.440506,0.13901390824095175,,0.09567652853870776,,10.451884231935015,33.007311087799806,1,,0.038801451575302105,,0.7334553148508501,,73.93694490243975,4.66621732443108
2022-01-20_tttr2xfcs_CH2_BIN1_shift_20 nM AF48826_T302s_1_correlation-CH2_2,Not known,shift_20 nM AF48826_T302s_1,,24 January 2022 22:32:21,Equation 1A,1,Triplet Eq 2A,1,3D,0.001018,117.440506,0.15037763509224353,,0.11796313544893323,,8.477224653229944,40.89187664506776,1,,0.058406982177414295,,0.5891934358340505,,70.72147178942751,4.9018630135972705
2022-01-20_tttr2xfcs_CH2_BIN1_shift_20 nM AF48827_T314s_1_correlation-CH2_2,Not known,shift_20 nM AF48827_T314s_1,,24 January 2022 22:32:21,Equation 1A,1,Triplet Eq 2A,1,3D,0.001018,117.440506,0.15259009431132065,,0.1312911589331205,,7.616659096667723,45.44394873655278,1,,0.04989914565134115,,0.5155254229239685,,72.15174031325756,4.7975056472239
2022-01-20_tttr2xfcs_CH2_BIN1_shift_20 nM AF48839_T459s_1_correlation-CH2_2,Not known,shift_20 nM AF48839_T459s_1,,24 January 2022 22:32:21,Equation 1A,1,Triplet Eq 2A,1,3D,0.001018,117.440506,0.1839235719537749,,0.1441444129188869,,6.937487064189724,47.76383399699312,1,,0.0754732667333865,,0.5358763718354643,,69.52530622418314,4.766286919876197
2022-01-20_tttr2xfcs_CH2_BIN1_shift_20 nM AF48850_T592s_1_correlation-CH2_2,Not known,shift_20 nM AF48850_T592s_1,,24 January 2022 22:32:21,Equation 1A,1,Triplet Eq 2A,1,3D,0.001018,117.440506,0.1303256905890212,,0.09186667547850992,,10.885340029899382,31.924244182730916,1,,0.03932646967085352,,0.7733918623046808,,76.74830707804418,4.5280951623794
2022-01-20_tttr2xfcs_CH2_BIN1_shift_20 nM AF48851_T604s_1_correlation-CH2_2,Not known,shift_20 nM AF48851_T604s_1,,24 January 2022 22:32:21,Equation 1A,1,Triplet Eq 2A,1,3D,0.001018,117.440506,0.16752824800715393,,0.14060249004933853,,7.112249574307625,48.96639621215919,1,,0.05979495788683449,,0.5,,72.33574215478897,4.814751917717552
2022-01-20_tttr2xfcs_CH2_BIN1_shift_20 nM AF48857_T676s_1_correlation-CH2_2,Not known,shift_20 nM AF48857_T676s_1,,24 January 2022 22:32:21,Equation 1A,1,Triplet Eq 2A,1,3D,0.001018,117.440506,0.09311671146123762,,0.107743515937297,,9.281300979466508,37.385501496250136,1,,0.04178713808461147,,0.6264271407373355,,70.88326555104229,4.89542135998355
2022-01-20_tttr2xfcs_CH2_BIN1_shift_20 nM AF48870_T833s_1_correlation-CH2_2,Not known,shift_20 nM AF48870_T833s_1,,24 January 2022 22:32:21,Equation 1A,1,Triplet Eq 2A,1,3D,0.001018,117.440506,0.13532366557033995,,0.10490495076240991,,9.532438581138205,36.26684324113262,1,,0.04703099857010219,,0.6874783046118493,,71.28949368288083,4.849645199485672
2022-01-20_tttr2xfcs_CH2_BIN1_shift_20 nM AF48883_T986s_1_correlation-CH2_2,Not known,shift_20 nM AF48883_T986s_1,,24 January 2022 22:32:21,Equation 1A,1,Triplet Eq 2A,1,3D,0.001018,117.440506,0.142952353412301,,0.11877490171460982,,8.419287118441755,41.31076642343719,1,,0.05760379596427924,,0.5960751490222563,,73.42655400068263,4.737041091819574
2022-01-20_tttr2xfcs_CH2_BIN1_shift_20 nM AF48890_T1070s_1_correlation-CH2_2,Not known,shift_20 nM AF48890_T1070s_1,,24 January 2022 22:32:21,Equation 1A,1,Triplet Eq 2A,1,3D,0.001018,117.440506,0.16089147009417765,,0.09856253683435369,,10.145842752410294,34.267792858933674,1,,0.040845438193494524,,0.7300063472212048,,73.22438511168828,4.7483229888077565
2022-01-20_tttr2xfcs_CH2_BIN1_shift_20 nM AF48891_T1082s_1_correlation-CH2_2,Not known,shift_20 nM AF48891_T1082s_1,,24 January 2022 22:32:21,Equation 1A,1,Triplet Eq 2A,1,3D,0.001018,117.440506,0.18752702368024354,,0.1167186084788227,,8.567614136536239,40.75770600591608,1,,0.054730497312247106,,0.6084784330592488,,74.98321428554854,4.657225899149918
2022-01-20_tttr2xfcs_CH2_BIN1_shift_20 nM AF488102_T1214s_1_correlation-CH2_2,Not known,shift_20 nM AF488102_T1214s_1,,24 January 2022 22:32:21,Equation 1A,1,Triplet Eq 2A,1,3D,0.001018,117.440506,0.1806906895712894,,0.1363401176958666,,7.334598333197103,47.615452713935255,1,,0.06708434837646635,,0.5,,75.08665227595671,4.65139517003459
2022-01-20_tttr2xfcs_CH2_BIN1_shift_20 nM AF488104_T1238s_1_correlation-CH2_2,Not known,shift_20 nM AF488104_T1238s_1,,24 January 2022 22:32:21,Equation 1A,1,Triplet Eq 2A,1,3D,0.001018,117.440506,0.0778360554957891,,0.11554022750112475,,8.654994209616433,40.407463565141974,1,,0.040216134604259095,,0.5104276792648889,,73.62986946939256,4.750026879619874
2022-01-20_tttr2xfcs_CH2_BIN1_shift_20 nM AF488113_T1352s_1_correlation-CH2_2,Not known,shift_20 nM AF488113_T1352s_1,,24 January 2022 22:32:21,Equation 1A,1,Triplet Eq 2A,1,3D,0.001018,117.440506,0.15529614774571335,,0.09195728049843957,,10.874614762198943,32.05151461075656,1,,0.03477972018273766,,0.7973770549141753,,71.77702581217311,4.856223937630628
2022-01-20_tttr2xfcs_CH2_BIN1_shift_20 nM AF488125_T1496s_1_correlation-CH2_2,Not known,shift_20 nM AF488125_T1496s_1,,24 January 2022 22:32:21,Equation 1A,1,Triplet Eq 2A,1,3D,0.001018,117.440506,0.14222829290602884,,0.11357548653918922,,8.804716849308411,39.5050086403318,1,,0.05128851983171089,,0.6281673853839798,,72.00285709325715,4.831027966687996
2022-01-20_tttr2xfcs_CH2_BIN1_shift_20 nM AF488129_T1537s_1_correlation-CH2_2,Not known,shift_20 nM AF488129_T1537s_1,,24 January 2022 22:32:21,Equation 1A,1,Triplet Eq 2A,1,3D,0.001018,117.440506,0.24457770322123554,,0.12958776004018208,,7.716778187152273,45.38828474375066,1,,0.05851520407957656,,0.6055440673852146,,75.44669016181254,4.642600584798292
2022-01-20_tttr2xfcs_CH2_BIN1_shift_20 nM AF488131_T1561s_1_correlation-CH2_2,Not known,shift_20 nM AF488131_T1561s_1,,24 January 2022 22:32:21,Equation 1A,1,Triplet Eq 2A,1,3D,0.001018,117.440506,0.0978593307860019,,0.09144359019030554,,10.935703617048226,32.16911396533715,1,,0.03621789805144271,,0.7515408959495584,,74.54731001346165,4.719278202779457
2022-01-20_tttr2xfcs_CH2_BIN1_shift_20 nM AF488135_T1610s_1_correlation-CH2_2,Not known,shift_20 nM AF488135_T1610s_1,,24 January 2022 22:32:21,Equation 1A,1,Triplet Eq 2A,1,3D,0.001018,117.440506,0.3146919675505597,,0.14880488830753685,,6.720209338373938,52.375672775744334,1,,0.05996148384601386,,0.5113770727139476,,74.46768176717248,4.726790027016145
2022-01-20_tttr2xfcs_CH2_BIN1_shift_20 nM AF488153_T1834s_1_correlation-CH2_2,Not known,shift_20 nM AF488153_T1834s_1,,24 January 2022 22:32:21,Equation 1A,1,Triplet Eq 2A,1,3D,0.001018,117.440506,0.22007708074043328,,0.13914049606216858,,7.186980270310347,48.50508689878764,1,,0.051323156810148235,,0.5220472244062847,,73.75389112156414,4.7268359282048635
2022-01-20_tttr2xfcs_CH2_BIN1_shift_20 nM AF488157_T1883s_1_correlation-CH2_2,Not known,shift_20 nM AF488157_T1883s_1,,24 January 2022 22:32:21,Equation 1A,1,Triplet Eq 2A,1,3D,0.001018,117.440506,0.1955223163369927,,0.13607387358662842,,7.348949314383794,47.362040728842615,1,,0.0561591938586148,,0.5242376614966543,,73.69472463014472,4.723250583676774
2022-01-20_tttr2xfcs_CH2_BIN1_shift_20 nM AF488158_T1895s_1_correlation-CH2_2,Not known,shift_20 nM AF488158_T1895s_1,,24 January 2022 22:32:21,Equation 1A,1,Triplet Eq 2A,1,3D,0.001018,117.440506,0.2769094008133776,,0.1449725144504102,,6.897859251396674,50.57463709389922,1,,0.053062455065013274,,0.5256068479639268,,71.8514175702351,4.85549475009889
2022-01-20_tttr2xfcs_CH2_BIN1_shift_20 nM AF488159_T1907s_1_correlation-CH2_2,Not known,shift_20 nM AF488159_T1907s_1,,24 January 2022 22:32:21,Equation 1A,1,Triplet Eq 2A,1,3D,0.001018,117.440506,0.23732753722401667,,0.12314572885525878,,8.120460281455358,42.851473288784746,1,,0.05031282212767345,,0.6295625848980092,,72.55493939486631,4.796242654251721
2022-01-20_tttr2xfcs_CH2_BIN1_shift_20 nM AF488162_T1932s_1_correlation-CH2_2,Not known,shift_20 nM AF488162_T1932s_1,,24 January 2022 22:32:21,Equation 1A,1,Triplet Eq 2A,1,3D,0.001018,117.440506,0.12984468635010496,,0.10247901231575454,,9.758095608092288,35.67172920332632,1,,0.04515093868908407,,0.6801619086453652,,73.01749387175208,4.76742681237929
2022-01-20_tttr2xfcs_CH2_BIN1_shift_20 nM AF488171_T2040s_1_correlation-CH2_2,Not known,shift_20 nM AF488171_T2040s_1,,24 January 2022 22:32:21,Equation 1A,1,Triplet Eq 2A,1,3D,0.001018,117.440506,0.14686466533873815,,0.13151930411359417,,7.603446556684126,45.50125796405574,1,,0.05390029396026766,,0.507067589287264,,76.3943542885902,4.528917015556746
2022-01-20_tttr2xfcs_CH2_BIN1_shift_20 nM AF488174_T2088s_1_correlation-CH2_2,Not known,shift_20 nM AF488174_T2088s_1,,24 January 2022 22:32:21,Equation 1A,1,Triplet Eq 2A,1,3D,0.001018,117.440506,0.1475724577009806,,0.09305341788312729,,10.74651552569487,32.45677147772477,1,,0.036967461111206086,,0.7842356337198644,,71.94419658458227,4.848405634029728
2022-01-20_tttr2xfcs_CH2_BIN1_shift_20 nM AF488179_T2148s_1_correlation-CH2_2,Not known,shift_20 nM AF488179_T2148s_1,,24 January 2022 22:32:21,Equation 1A,1,Triplet Eq 2A,1,3D,0.001018,117.440506,0.1428154834472354,,0.0983835283684448,,10.164303075765034,34.309530484643545,1,,0.0447530202852112,,0.7274046366552398,,72.8903451891434,4.784583082257002
2022-01-20_tttr2xfcs_CH2_BIN1_shift_20 nM AF488189_T2255s_1_correlation-CH2_2,Not known,shift_20 nM AF488189_T2255s_1,,24 January 2022 22:32:21,Equation 1A,1,Triplet Eq 2A,1,3D,0.001018,117.440506,0.18068345266939181,,0.13673069333319074,,7.3136468163966715,47.22839570658006,1,,0.0632810408249383,,0.5,,73.9705539589863,4.66981883343506
2022-01-20_tttr2xfcs_CH2_BIN1_shift_20 nM AF488190_T2267s_1_correlation-CH2_2,Not known,shift_20 nM AF488190_T2267s_1,,24 January 2022 22:32:21,Equation 1A,1,Triplet Eq 2A,1,3D,0.001018,117.440506,0.15883368499972528,,0.12668012284870936,,7.893898249485225,43.83517550788916,1,,0.0570386498091878,,0.5576818267247968,,75.72281884394393,4.5699266288884735
2022-01-20_tttr2xfcs_CH2_BIN1_shift_20 nM AF488197_T2351s_1_correlation-CH2_2,Not known,shift_20 nM AF488197_T2351s_1,,24 January 2022 22:32:21,Equation 1A,1,Triplet Eq 2A,1,3D,0.001018,117.440506,0.25917729000171563,,0.1043302489508236,,9.584947894367177,35.95310147743928,1,,0.04202656035928095,,0.758310137180605,,70.9498535625118,4.8573157929167285
2022-01-20_tttr2xfcs_CH2_BIN1_shift_20 nM AF488199_T2375s_1_correlation-CH2_2,Not known,shift_20 nM AF488199_T2375s_1,,24 January 2022 22:32:21,Equation 1A,1,Triplet Eq 2A,1,3D,0.001018,117.440506,0.2454184794365285,,0.1265871298538217,,7.8996972374266194,43.7085411938571,1,,0.05353245617216473,,0.5744669156084842,,72.68246103490424,4.750823113541583
2022-01-20_tttr2xfcs_CH2_BIN1_shift_20 nM AF488208_T2481s_1_correlation-CH2_2,Not known,shift_20 nM AF488208_T2481s_1,,24 January 2022 22:32:21,Equation 1A,1,Triplet Eq 2A,1,3D,0.001018,117.440506,0.1121563342372365,,0.10539936555213174,,9.48772314483609,36.31502186320075,1,,0.04475803970127934,,0.6424666639510822,,74.3759768264368,4.6327339144024355
2022-01-20_tttr2xfcs_CH2_BIN1_shift_20 nM AF488210_T2505s_1_correlation-CH2_2,Not known,shift_20 nM AF488210_T2505s_1,,24 January 2022 22:32:21,Equation 1A,1,Triplet Eq 2A,1,3D,0.001018,117.440506,0.0998706520675588,,0.0960176849891058,,10.414748075976423,32.98831426213208,1,,0.04133101662978487,,0.7187014225050963,,73.8578062801514,4.651941175863778
2022-01-20_tttr2xfcs_CH2_BIN1_shift_20 nM AF488221_T2637s_1_correlation-CH2_2,Not known,shift_20 nM AF488221_T2637s_1,,24 January 2022 22:32:21,Equation 1A,1,Triplet Eq 2A,1,3D,0.001018,117.440506,0.16525153067943615,,0.09863770442968367,,10.138111037578685,33.975286060150566,1,,0.04093118405011083,,0.7176762249196297,,69.48951997917656,4.957041787784908
2022-01-20_tttr2xfcs_CH2_BIN1_shift_20 nM AF488227_T2709s_1_correlation-CH2_2,Not known,shift_20 nM AF488227_T2709s_1,,24 January 2022 22:32:21,Equation 1A,1,Triplet Eq 2A,1,3D,0.001018,117.440506,0.15547822529819266,,0.13232923244627176,,7.556909244569369,45.52238132267385,1,,0.0736546127379845,,0.5531184514651886,,75.29833168156436,4.568835808974608
2022-01-20_tttr2xfcs_CH2_BIN1_shift_20 nM AF488229_T2733s_1_correlation-CH2_2,Not known,shift_20 nM AF488229_T2733s_1,,24 January 2022 22:32:21,Equation 1A,1,Triplet Eq 2A,1,3D,0.001018,117.440506,0.30419540164252207,,0.10731612741632346,,9.318263937353871,36.882464650140705,1,,0.03666814012502275,,0.7632448663581308,,71.17398437681659,4.828979812819313
2022-01-21_tttr2xfcs_CH2_BIN1_shift_20 nM AF4886_T62s_1_correlation-CH2_2,Not known,shift_20 nM AF4886_T62s_1,,24 January 2022 22:32:21,Equation 1A,1,Triplet Eq 2A,1,3D,0.001018,117.440506,0.16002084245212392,,0.10744896530831742,,9.306743877249714,37.23859704463448,1,,0.04584353806814623,,0.6661185374221849,,73.68507268072159,4.703631420497655
2022-01-21_tttr2xfcs_CH2_BIN1_shift_20 nM AF4887_T74s_1_correlation-CH2_2,Not known,shift_20 nM AF4887_T74s_1,,24 January 2022 22:32:21,Equation 1A,1,Triplet Eq 2A,1,3D,0.001018,117.440506,0.19321971889986667,,0.1363092678319361,,7.3362583183482455,47.20135601063462,1,,0.07271625930371518,,0.5761558036181116,,70.92097671737864,4.882880641158573
2022-01-21_tttr2xfcs_CH2_BIN1_shift_20 nM AF48813_T146s_1_correlation-CH2_2,Not known,shift_20 nM AF48813_T146s_1,,24 January 2022 22:32:21,Equation 1A,1,Triplet Eq 2A,1,3D,0.001018,117.440506,0.2176541090818843,,0.12531557302009763,,7.9798541865153805,43.24455491986897,1,,0.04800505546789416,,0.5841133485395903,,72.50291509242625,4.759843186147395
2022-01-21_tttr2xfcs_CH2_BIN1_shift_20 nM AF48817_T194s_1_correlation-CH2_2,Not known,shift_20 nM AF48817_T194s_1,,24 January 2022 22:32:21,Equation 1A,1,Triplet Eq 2A,1,3D,0.001018,117.440506,0.18647426544984222,,0.12615412255617978,,7.9268119006945135,43.65932280914701,1,,0.04574469191580302,,0.5514830622581829,,72.82850997298391,4.752212467790341
2022-01-21_tttr2xfcs_CH2_BIN1_shift_20 nM AF48823_T266s_1_correlation-CH2_2,Not known,shift_20 nM AF48823_T266s_1,,24 January 2022 22:32:21,Equation 1A,1,Triplet Eq 2A,1,3D,0.001018,117.440506,0.22337290158652132,,0.13494621831718057,,7.410359567465448,46.86052323127717,1,,0.0544202710618742,,0.5675802536706303,,71.5347098526872,4.85457618545637
2022-01-21_tttr2xfcs_CH2_BIN1_shift_20 nM AF48824_T278s_1_correlation-CH2_2,Not known,shift_20 nM AF48824_T278s_1,,24 January 2022 22:32:21,Equation 1A,1,Triplet Eq 2A,1,3D,0.001018,117.440506,0.18823305017453323,,0.11779965189773141,,8.48898943154906,40.7306645718666,1,,0.05949424662554572,,0.6167465902821483,,73.20115430176575,4.723688881842556
2022-01-21_tttr2xfcs_CH2_BIN1_shift_20 nM AF48830_T351s_1_correlation-CH2_2,Not known,shift_20 nM AF48830_T351s_1,,24 January 2022 22:32:21,Equation 1A,1,Triplet Eq 2A,1,3D,0.001018,117.440506,0.24270249736886754,,0.12019653910079264,,8.319707102060857,39.51409211929893,1,,0.052902019560099586,,0.6894732656047811,,70.4192854673736,4.6686375327943646
2022-01-21_tttr2xfcs_CH2_BIN1_shift_20 nM AF48832_T375s_1_correlation-CH2_2,Not known,shift_20 nM AF48832_T375s_1,,24 January 2022 22:32:22,Equation 1A,1,Triplet Eq 2A,1,3D,0.001018,117.440506,0.16954425249955646,,0.13083259371456954,,7.643355310845908,43.18306878322328,1,,0.06419988799743985,,0.5890595185245702,,69.39621131217596,4.756456379858703
2022-01-21_tttr2xfcs_CH2_BIN1_shift_20 nM AF48833_T387s_1_correlation-CH2_2,Not known,shift_20 nM AF48833_T387s_1,,24 January 2022 22:32:22,Equation 1A,1,Triplet Eq 2A,1,3D,0.001018,117.440506,0.23817005861496077,,0.12660315052419474,,7.898697590538184,43.91425658982904,1,,0.05132499146772565,,0.6043960840513743,,73.25344059138853,4.735378744419292
2022-01-21_tttr2xfcs_CH2_BIN1_shift_20 nM AF48834_T399s_1_correlation-CH2_2,Not known,shift_20 nM AF48834_T399s_1,,24 January 2022 22:32:22,Equation 1A,1,Triplet Eq 2A,1,3D,0.001018,117.440506,0.18227285251501307,,0.12252663706935041,,8.161490627005435,42.43671766168503,1,,0.056070850578025584,,0.6016222004001209,,72.73057789048494,4.762291327200964
2022-01-21_tttr2xfcs_CH2_BIN1_shift_20 nM AF48835_T411s_1_correlation-CH2_2,Not known,shift_20 nM AF48835_T411s_1,,24 January 2022 22:32:22,Equation 1A,1,Triplet Eq 2A,1,3D,0.001018,117.440506,0.15443867147429308,,0.13564918340120766,,7.3719573898378306,46.92536155455876,1,,0.05758191593783457,,0.5248343241702881,,73.00010031510206,4.739021871152488
2022-01-21_tttr2xfcs_CH2_BIN1_shift_20 nM AF48838_T447s_1_correlation-CH2_2,Not known,shift_20 nM AF48838_T447s_1,,24 January 2022 22:32:22,Equation 1A,1,Triplet Eq 2A,1,3D,0.001018,117.440506,0.2854967330100725,,0.1108562016761955,,9.020695142712373,36.680470455555636,1,,0.03513976017793205,,0.7837394728168949,,69.30673222711836,4.77442644183336
2022-01-21_tttr2xfcs_CH2_BIN1_shift_20 nM AF48842_T496s_1_correlation-CH2_2,Not known,shift_20 nM AF48842_T496s_1,,24 January 2022 22:32:22,Equation 1A,1,Triplet Eq 2A,1,3D,0.001018,117.440506,0.22262232717354108,,0.1439696877272834,,6.9459065709322365,50.01249116987465,1,,0.054243834763779246,,0.5,,70.66001071497935,4.9164933063715734
2022-01-21_tttr2xfcs_CH2_BIN1_shift_20 nM AF48843_T506s_1_correlation-CH2_2,Not known,shift_20 nM AF48843_T506s_1,,24 January 2022 22:32:22,Equation 1A,1,Triplet Eq 2A,1,3D,0.001018,117.440506,0.22272492748622458,,0.1203395928651736,,8.309817045171348,40.08278864739939,1,,0.04525713188295391,,0.6311314041879241,,70.55263741473568,4.721259413150774
2022-01-21_tttr2xfcs_CH2_BIN1_shift_20 nM AF48850_T590s_1_correlation-CH2_2,Not known,shift_20 nM AF48850_T590s_1,,24 January 2022 22:32:22,Equation 1A,1,Triplet Eq 2A,1,3D,0.001018,117.440506,0.09249867928273649,,0.09800583875216187,,10.203473718834342,32.80117655947868,1,,0.04295951577511503,,0.7360989595816354,,71.7284367527796,4.666248166416263
2022-01-21_tttr2xfcs_CH2_BIN1_shift_20 nM AF48853_T628s_1_correlation-CH2_2,Not known,shift_20 nM AF48853_T628s_1,,24 January 2022 22:32:22,Equation 1A,1,Triplet Eq 2A,1,3D,0.001018,117.440506,0.2482839117108321,,0.12864466802591445,,7.773349765250728,44.639674063187805,1,,0.058677097170936145,,0.6133088098229394,,71.38320044970244,4.8613281171415625
2022-01-21_tttr2xfcs_CH2_BIN1_shift_20 nM AF48856_T664s_1_correlation-CH2_2,Not known,shift_20 nM AF48856_T664s_1,,24 January 2022 22:32:22,Equation 1A,1,Triplet Eq 2A,1,3D,0.001018,117.440506,0.28824199179434007,,0.12312486363638071,,8.121836406278234,42.75286998387969,1,,0.043941285883532535,,0.6314879988662809,,71.29159004615293,4.870829600350842
2022-01-21_tttr2xfcs_CH2_BIN1_shift_20 nM AF48857_T674s_1_correlation-CH2_2,Not known,shift_20 nM AF48857_T674s_1,,24 January 2022 22:32:22,Equation 1A,1,Triplet Eq 2A,1,3D,0.001018,117.440506,0.1685828553443467,,0.13164182446268252,,7.596369953710854,44.43248781009396,1,,0.05083677200721863,,0.5427744246280907,,73.50608660686329,4.592034730838071
2022-01-21_tttr2xfcs_CH2_BIN1_shift_20 nM AF48858_T686s_1_correlation-CH2_2,Not known,shift_20 nM AF48858_T686s_1,,24 January 2022 22:32:22,Equation 1A,1,Triplet Eq 2A,1,3D,0.001018,117.440506,0.16349035574169463,,0.12984869911735308,,7.701270839041923,43.98645144001147,1,,0.06490820125359194,,0.5530608584884193,,70.7397679250568,4.78894026124565
2022-01-21_tttr2xfcs_CH2_BIN1_shift_20 nM AF48858_T688s_1_correlation-CH2_2,Not known,shift_20 nM AF48858_T688s_1,,24 January 2022 22:32:22,Equation 1A,1,Triplet Eq 2A,1,3D,0.001018,117.440506,0.16747792410502624,,0.10192435069830534,,9.811198140079265,35.32630276803359,1,,0.03887569538863843,,0.7080772237530267,,73.58564860784806,4.71030293964213
2022-01-21_tttr2xfcs_CH2_BIN1_shift_20 nM AF48859_T698s_1_correlation-CH2_2,Not known,shift_20 nM AF48859_T698s_1,,24 January 2022 22:32:22,Equation 1A,1,Triplet Eq 2A,1,3D,0.001018,117.440506,0.10471674513233614,,0.09969486289059186,,10.030607104574988,33.72478500195008,1,,0.04375623306869045,,0.693634083477622,,71.05414463747876,4.76111555168928
2022-01-21_tttr2xfcs_CH2_BIN1_shift_20 nM AF48859_T700s_1_correlation-CH2_2,Not known,shift_20 nM AF48859_T700s_1,,24 January 2022 22:32:22,Equation 1A,1,Triplet Eq 2A,1,3D,0.001018,117.440506,0.23234186542401392,,0.12651012424204383,,7.90450571439455,43.94697177739723,1,,0.05163613177736944,,0.5801947642981119,,74.04789448694878,4.691510413151066
2022-01-21_tttr2xfcs_CH2_BIN1_shift_20 nM AF48860_T712s_1_correlation-CH2_2,Not known,shift_20 nM AF48860_T712s_1,,24 January 2022 22:32:22,Equation 1A,1,Triplet Eq 2A,1,3D,0.001018,117.440506,0.16575483011641648,,0.1334611584816509,,7.492816721934018,46.25766423532469,1,,0.04907498260086521,,0.5,,74.32555282399679,4.663504359901601
2022-01-21_tttr2xfcs_CH2_BIN1_shift_20 nM AF48863_T748s_1_correlation-CH2_2,Not known,shift_20 nM AF48863_T748s_1,,24 January 2022 22:32:22,Equation 1A,1,Triplet Eq 2A,1,3D,0.001018,117.440506,0.17113827737519563,,0.13615589132874897,,7.3445224458594724,47.26417121631784,1,,0.05761627719232905,,0.5291088823032845,,74.5056495670029,4.659379987831971
2022-01-21_tttr2xfcs_CH2_BIN1_shift_20 nM AF48866_T782s_1_correlation-CH2_2,Not known,shift_20 nM AF48866_T782s_1,,24 January 2022 22:32:22,Equation 1A,1,Triplet Eq 2A,1,3D,0.001018,117.440506,0.1303646835910867,,0.11521473003622967,,8.679445759110372,39.623723164235706,1,,0.04943313995631783,,0.5892569499289295,,71.82290451168474,4.788572160606761
2022-01-21_tttr2xfcs_CH2_BIN1_shift_20 nM AF48866_T785s_1_correlation-CH2_2,Not known,shift_20 nM AF48866_T785s_1,,24 January 2022 22:32:22,Equation 1A,1,Triplet Eq 2A,1,3D,0.001018,117.440506,0.16430594716418304,,0.12950568643749616,,7.7216686580216995,45.000420836318185,1,,0.060138107021327686,,0.568579016520345,,74.47875114027391,4.665702865948702
2022-01-21_tttr2xfcs_CH2_BIN1_shift_20 nM AF48869_T821s_1_correlation-CH2_2,Not known,shift_20 nM AF48869_T821s_1,,24 January 2022 22:32:22,Equation 1A,1,Triplet Eq 2A,1,3D,0.001018,117.440506,0.12323189830021322,,0.10458569337537889,,9.56153722106905,36.26691772717899,1,,0.03984190742075072,,0.6366887172039666,,72.658980547722,4.77277315265448
2022-01-21_tttr2xfcs_CH2_BIN1_shift_20 nM AF48872_T855s_1_correlation-CH2_2,Not known,shift_20 nM AF48872_T855s_1,,24 January 2022 22:32:22,Equation 1A,1,Triplet Eq 2A,1,3D,0.001018,117.440506,0.30497350047869587,,0.15460657153034363,,6.468030369612953,53.41659366632075,1,,0.05999025159675401,,0.5,,74.91922439333236,4.611866144996748
2022-01-21_tttr2xfcs_CH2_BIN1_shift_20 nM AF48873_T867s_1_correlation-CH2_2,Not known,shift_20 nM AF48873_T867s_1,,24 January 2022 22:32:22,Equation 1A,1,Triplet Eq 2A,1,3D,0.001018,117.440506,0.2948372086433282,,0.15288133746376492,,6.541020745825267,52.65887921706136,1,,0.07290134521938305,,0.5531881457192063,,70.62616104984158,4.877230305439894
2022-01-21_tttr2xfcs_CH2_BIN1_shift_20 nM AF48874_T879s_1_correlation-CH2_2,Not known,shift_20 nM AF48874_T879s_1,,24 January 2022 22:32:22,Equation 1A,1,Triplet Eq 2A,1,3D,0.001018,117.440506,0.1373174394353118,,0.11156994404268894,,8.962987376039013,38.61947567412947,1,,0.05292966000469457,,0.6137240096920094,,72.93043951505241,4.746484349417899
2022-01-21_tttr2xfcs_CH2_BIN1_shift_20 nM AF48877_T918s_1_correlation-CH2_2,Not known,shift_20 nM AF48877_T918s_1,,24 January 2022 22:32:22,Equation 1A,1,Triplet Eq 2A,1,3D,0.001018,117.440506,0.19756913500346815,,0.1374321136733793,,7.276319728128439,47.69499348268325,1,,0.05651360529141554,,0.5385962405951138,,72.00772750361328,4.8197797068884505
2022-01-21_tttr2xfcs_CH2_BIN1_shift_20 nM AF48878_T926s_1_correlation-CH2_2,Not known,shift_20 nM AF48878_T926s_1,,24 January 2022 22:32:22,Equation 1A,1,Triplet Eq 2A,1,3D,0.001018,117.440506,0.12319502217691043,,0.11133239464108435,,8.982111659628092,38.557944836023275,1,,0.05163906745431142,,0.6073446878917762,,73.766376649059,4.69521627242645
2022-01-21_tttr2xfcs_CH2_BIN1_shift_20 nM AF48881_T962s_1_correlation-CH2_2,Not known,shift_20 nM AF48881_T962s_1,,24 January 2022 22:32:22,Equation 1A,1,Triplet Eq 2A,1,3D,0.001018,117.440506,0.2188135348892659,,0.12851302170875512,,7.781312638234183,44.717902771473675,1,,0.05406290979170045,,0.5580144573627676,,72.89063702597346,4.77402042240861
2022-01-21_tttr2xfcs_CH2_BIN1_shift_20 nM AF48882_T979s_1_correlation-CH2_2,Not known,shift_20 nM AF48882_T979s_1,,24 January 2022 22:32:22,Equation 1A,1,Triplet Eq 2A,1,3D,0.001018,117.440506,0.07689913393572599,,0.09270649789173137,,10.786730409856109,32.18707462375113,1,,0.04107105029468333,,0.7224673544238126,,71.50583733956252,4.855696804407923
2022-01-21_tttr2xfcs_CH2_BIN1_shift_20 nM AF48885_T1015s_1_correlation-CH2_2,Not known,shift_20 nM AF48885_T1015s_1,,24 January 2022 22:32:22,Equation 1A,1,Triplet Eq 2A,1,3D,0.001018,117.440506,0.206241001598615,,0.14434159335028518,,6.928009985127577,50.181167255853055,1,,0.06266315825873096,,0.5070015544133772,,71.96341907416969,4.831246550455816
2022-01-21_tttr2xfcs_CH2_BIN1_shift_20 nM AF48886_T1022s_1_correlation-CH2_2,Not known,shift_20 nM AF48886_T1022s_1,,24 January 2022 22:32:22,Equation 1A,1,Triplet Eq 2A,1,3D,0.001018,117.440506,0.14943149678368456,,0.10595132448048447,,9.438296358288502,36.8534942447375,1,,0.042379064552013804,,0.6508848070622418,,75.00900320285315,4.637464686760044
2022-01-21_tttr2xfcs_CH2_BIN1_shift_20 nM AF48888_T1046s_1_correlation-CH2_2,Not known,shift_20 nM AF48888_T1046s_1,,24 January 2022 22:32:22,Equation 1A,1,Triplet Eq 2A,1,3D,0.001018,117.440506,0.1561621534229743,,0.12156312238653236,,8.226178962566589,42.39841973793235,1,,0.06389303224646074,,0.58281829318998,,77.04084400532189,4.527396362846478
2022-01-21_tttr2xfcs_CH2_BIN1_shift_20 nM AF48890_T1076s_1_correlation-CH2_2,Not known,shift_20 nM AF48890_T1076s_1,,24 January 2022 22:32:22,Equation 1A,1,Triplet Eq 2A,1,3D,0.001018,117.440506,0.13760958776300616,,0.09746221827496529,,10.260386206055253,33.78669104040475,1,,0.04090409375480081,,0.7454894013118316,,74.27292417765125,4.667674620819567
2022-01-21_tttr2xfcs_CH2_BIN1_shift_20 nM AF48891_T1088s_1_correlation-CH2_2,Not known,shift_20 nM AF48891_T1088s_1,,24 January 2022 22:32:22,Equation 1A,1,Triplet Eq 2A,1,3D,0.001018,117.440506,0.25656747195145685,,0.12378046581868768,,8.078819168969597,42.90900932589451,1,,0.05281020165488212,,0.633861521546697,,72.70931037540348,4.767910292619052
2022-01-21_tttr2xfcs_CH2_BIN1_shift_20 nM AF48894_T1118s_1_correlation-CH2_2,Not known,shift_20 nM AF48894_T1118s_1,,24 January 2022 22:32:22,Equation 1A,1,Triplet Eq 2A,1,3D,0.001018,117.440506,0.30291040971866906,,0.13096431967737934,,7.635667504427344,45.81062456502394,1,,0.04949737451663128,,0.5716418905205412,,76.3083289833433,4.584194168169336
2022-01-21_tttr2xfcs_CH2_BIN1_shift_20 nM AF48896_T1148s_1_correlation-CH2_2,Not known,shift_20 nM AF48896_T1148s_1,,24 January 2022 22:32:22,Equation 1A,1,Triplet Eq 2A,1,3D,0.001018,117.440506,0.2589396513708432,,0.1296569543835413,,7.712659955299245,44.98580024284024,1,,0.05037061310346808,,0.6038609839385074,,71.65045850788073,4.8426422506080895
2022-01-21_tttr2xfcs_CH2_BIN1_shift_20 nM AF48899_T1184s_1_correlation-CH2_2,Not known,shift_20 nM AF48899_T1184s_1,,24 January 2022 22:32:22,Equation 1A,1,Triplet Eq 2A,1,3D,0.001018,117.440506,0.16969647632039897,,0.12196377222689957,,8.199156042333744,42.45411871352907,1,,0.043098039318587966,,0.5799293507923285,,73.00608708837278,4.76816895453518
2022-01-21_tttr2xfcs_CH2_BIN1_shift_20 nM AF488103_T1226s_1_correlation-CH2_2,Not known,shift_20 nM AF488103_T1226s_1,,24 January 2022 22:32:22,Equation 1A,1,Triplet Eq 2A,1,3D,0.001018,117.440506,0.159642252553215,,0.10624630547488208,,9.412091983155237,37.052195193034954,1,,0.043600388683674975,,0.6472735090444542,,75.11652792022059,4.64286789498751
2022-01-21_tttr2xfcs_CH2_BIN1_shift_20 nM AF488103_T1232s_1_correlation-CH2_2,Not known,shift_20 nM AF488103_T1232s_1,,24 January 2022 22:32:22,Equation 1A,1,Triplet Eq 2A,1,3D,0.001018,117.440506,0.2550126439544618,,0.14838476261547534,,6.739236444320112,51.606038090478286,1,,0.0656936007559165,,0.528866685183307,,72.62725525486188,4.788872858540683
2022-01-21_tttr2xfcs_CH2_BIN1_shift_20 nM AF488105_T1250s_1_correlation-CH2_2,Not known,shift_20 nM AF488105_T1250s_1,,24 January 2022 22:32:22,Equation 1A,1,Triplet Eq 2A,1,3D,0.001018,117.440506,0.14970371925822096,,0.09230503999957676,,10.83364462010509,32.279289513208674,1,,0.04148217638751341,,0.7771085260309266,,74.39933000728466,4.7005778933897835
2022-01-21_tttr2xfcs_CH2_BIN1_shift_20 nM AF488107_T1280s_1_correlation-CH2_2,Not known,shift_20 nM AF488107_T1280s_1,,24 January 2022 22:32:22,Equation 1A,1,Triplet Eq 2A,1,3D,0.001018,117.440506,0.15729468236286898,,0.10583468896070816,,9.44869786853398,36.78685664238556,1,,0.04400869138545385,,0.6864954795547341,,73.17367265454452,4.750414599888336
2022-01-21_tttr2xfcs_CH2_BIN1_shift_20 nM AF488110_T1316s_1_correlation-CH2_2,Not known,shift_20 nM AF488110_T1316s_1,,24 January 2022 22:32:22,Equation 1A,1,Triplet Eq 2A,1,3D,0.001018,117.440506,0.17001023191455103,,0.1369600296968097,,7.301400286008361,47.46778385914203,1,,0.06664735496329892,,0.5308201738381113,,72.83846892783806,4.758455721927169
2022-01-21_tttr2xfcs_CH2_BIN1_shift_20 nM AF488111_T1328s_1_correlation-CH2_2,Not known,shift_20 nM AF488111_T1328s_1,,24 January 2022 22:32:22,Equation 1A,1,Triplet Eq 2A,1,3D,0.001018,117.440506,0.29154076660911177,,0.16849778856829767,,5.934795990480714,58.4097735811057,1,,0.08046237429639613,,0.5,,73.37413879634846,4.724654210854507
2022-01-21_tttr2xfcs_CH2_BIN1_shift_20 nM AF488113_T1346s_1_correlation-CH2_2,Not known,shift_20 nM AF488113_T1346s_1,,24 January 2022 22:32:22,Equation 1A,1,Triplet Eq 2A,1,3D,0.001018,117.440506,0.28088711809843625,,0.13169605529543305,,7.5932418610163035,46.067145731719705,1,,0.05195479512654424,,0.5700393953459506,,72.65400014271746,4.814827539093556
2022-01-21_tttr2xfcs_CH2_BIN1_shift_20 nM AF488119_T1418s_1_correlation-CH2_2,Not known,shift_20 nM AF488119_T1418s_1,,24 January 2022 22:32:22,Equation 1A,1,Triplet Eq 2A,1,3D,0.001018,117.440506,0.15234281818016043,,0.09461655583384851,,10.568974860552427,33.201569490562385,1,,0.03849750422119547,,0.745903919353847,,75.06240073858777,4.675098382233611
2022-01-21_tttr2xfcs_CH2_BIN1_shift_20 nM AF488120_T1430s_1_correlation-CH2_2,Not known,shift_20 nM AF488120_T1430s_1,,24 January 2022 22:32:22,Equation 1A,1,Triplet Eq 2A,1,3D,0.001018,117.440506,0.06802192213813316,,0.08863488947275122,,11.2822389236174,31.154751291256797,1,,0.04193099399892142,,0.7339076912218744,,73.5148672132624,4.781521689931686
2022-01-21_tttr2xfcs_CH2_BIN1_shift_20 nM AF488123_T1472s_1_correlation-CH2_2,Not known,shift_20 nM AF488123_T1472s_1,,24 January 2022 22:32:22,Equation 1A,1,Triplet Eq 2A,1,3D,0.001018,117.440506,0.14805533096534063,,0.0903700172847141,,11.065617004912845,31.497309949327793,1,,0.03872714884415438,,0.7977065491938637,,76.15533412185034,4.57689023430811
2022-01-21_tttr2xfcs_CH2_BIN1_shift_20 nM AF488124_T1484s_1_correlation-CH2_2,Not known,shift_20 nM AF488124_T1484s_1,,24 January 2022 22:32:22,Equation 1A,1,Triplet Eq 2A,1,3D,0.001018,117.440506,0.15252975248387785,,0.10521900416133752,,9.503986546638005,36.55944045270353,1,,0.038213153333788344,,0.6674626705541485,,72.87536536921236,4.768110746842818
2022-01-21_tttr2xfcs_CH2_BIN1_shift_20 nM AF488126_T1502s_1_correlation-CH2_2,Not known,shift_20 nM AF488126_T1502s_1,,24 January 2022 22:32:22,Equation 1A,1,Triplet Eq 2A,1,3D,0.001018,117.440506,0.1752473832734509,,0.1250163856791393,,7.998951453984193,43.62203812461478,1,,0.046213103990149405,,0.5316054230126167,,75.75910722685009,4.606020770108869
2022-01-21_tttr2xfcs_CH2_BIN1_shift_20 nM AF488129_T1545s_1_correlation-CH2_2,Not known,shift_20 nM AF488129_T1545s_1,,24 January 2022 22:32:22,Equation 1A,1,Triplet Eq 2A,1,3D,0.001018,117.440506,0.20791020707722102,,0.09738193246828845,,10.268845304806833,33.93952772049242,1,,0.03396293134025566,,0.8134392565896064,,73.02661754094525,4.7727418740444945
2022-01-21_tttr2xfcs_CH2_BIN1_shift_20 nM AF488136_T1630s_1_correlation-CH2_2,Not known,shift_20 nM AF488136_T1630s_1,,24 January 2022 22:32:22,Equation 1A,1,Triplet Eq 2A,1,3D,0.001018,117.440506,0.09209494955849534,,0.11215785235504588,,8.916005246198983,38.96766638928305,1,,0.04988403514304455,,0.597153011684671,,74.8302637044263,4.643218961342117
2022-01-21_tttr2xfcs_CH2_BIN1_shift_20 nM AF488138_T1646s_1_correlation-CH2_2,Not known,shift_20 nM AF488138_T1646s_1,,24 January 2022 22:32:22,Equation 1A,1,Triplet Eq 2A,1,3D,0.001018,117.440506,0.1242677538946672,,0.11476224192420349,,8.713667345924328,40.215215602579406,1,,0.04724307120737236,,0.5784106376662186,,75.6795968068802,4.630568297585092
2022-01-21_tttr2xfcs_CH2_BIN1_shift_20 nM AF488138_T1654s_1_correlation-CH2_2,Not known,shift_20 nM AF488138_T1654s_1,,24 January 2022 22:32:22,Equation 1A,1,Triplet Eq 2A,1,3D,0.001018,117.440506,0.09144047072596755,,0.10891657838258584,,9.18133873511294,37.97410558766329,1,,0.05233087058810944,,0.6187591343603742,,74.40490225915907,4.686123605114024
2022-01-21_tttr2xfcs_CH2_BIN1_shift_20 nM AF488141_T1689s_1_correlation-CH2_2,Not known,shift_20 nM AF488141_T1689s_1,,24 January 2022 22:32:22,Equation 1A,1,Triplet Eq 2A,1,3D,0.001018,117.440506,0.15858838747927584,,0.1311048596433846,,7.627482327658011,45.57935088953474,1,,0.06166109302395093,,0.5473316665069317,,72.44553896778912,4.7990958789258595
2022-01-21_tttr2xfcs_CH2_BIN1_shift_20 nM AF488143_T1714s_1_correlation-CH2_2,Not known,shift_20 nM AF488143_T1714s_1,,24 January 2022 22:32:22,Equation 1A,1,Triplet Eq 2A,1,3D,0.001018,117.440506,0.09144689203016404,,0.1029639838925787,,9.712133915129877,35.79124914668176,1,,0.04283508660790643,,0.6443426091150001,,69.6616506564006,4.990217594063932
2022-01-21_tttr2xfcs_CH2_BIN1_shift_20 nM AF488146_T1742s_1_correlation-CH2_2,Not known,shift_20 nM AF488146_T1742s_1,,24 January 2022 22:32:22,Equation 1A,1,Triplet Eq 2A,1,3D,0.001018,117.440506,0.1252243550542059,,0.09189804285458023,,10.88162455845119,32.139021200614536,1,,0.04071012970592233,,0.7642960525744606,,75.82708926329246,4.6123656023196675
2022-01-21_tttr2xfcs_CH2_BIN1_shift_20 nM AF488147_T1754s_1_correlation-CH2_2,Not known,shift_20 nM AF488147_T1754s_1,,24 January 2022 22:32:22,Equation 1A,1,Triplet Eq 2A,1,3D,0.001018,117.440506,0.09605681304920274,,0.12420409138292436,,8.051264566776425,43.33358346119103,1,,0.061441374105683434,,0.5149370168374919,,76.01074558571847,4.5902404520697715
2022-01-21_tttr2xfcs_CH2_BIN1_shift_20 nM AF488150_T1789s_1_correlation-CH2_2,Not known,shift_20 nM AF488150_T1789s_1,,24 January 2022 22:32:22,Equation 1A,1,Triplet Eq 2A,1,3D,0.001018,117.440506,0.155356381521063,,0.11441914361290328,,8.73979623010592,40.112856165560565,1,,0.052543271311815534,,0.6015630960346371,,75.57472028468631,4.639060870216
2022-01-21_tttr2xfcs_CH2_BIN1_shift_20 nM AF488155_T1859s_1_correlation-CH2_2,Not known,shift_20 nM AF488155_T1859s_1,,24 January 2022 22:32:23,Equation 1A,1,Triplet Eq 2A,1,3D,0.001018,117.440506,0.20426830378902627,,0.11432076154526201,,8.747317516810618,39.81428974628572,1,,0.04922983566419162,,0.6448318065426798,,72.57336005238461,4.799084083471031
2022-01-21_tttr2xfcs_CH2_BIN1_shift_20 nM AF488158_T1884s_1_correlation-CH2_2,Not known,shift_20 nM AF488158_T1884s_1,,24 January 2022 22:32:23,Equation 1A,1,Triplet Eq 2A,1,3D,0.001018,117.440506,0.26661211478647007,,0.12048323376305041,,8.299910027038786,42.01928418536094,1,,0.05283510744021309,,0.6560252285330742,,72.75453209341723,4.793841916283987
2022-01-21_tttr2xfcs_CH2_BIN1_shift_20 nM AF488159_T1896s_1_correlation-CH2_2,Not known,shift_20 nM AF488159_T1896s_1,,24 January 2022 22:32:23,Equation 1A,1,Triplet Eq 2A,1,3D,0.001018,117.440506,0.2317388557567544,,0.13146745940332252,,7.606445005772488,45.84225846714971,1,,0.061481529679915145,,0.552338897315591,,75.40371646593616,4.624627014229792
2022-01-21_tttr2xfcs_CH2_BIN1_shift_20 nM AF488160_T1908s_1_correlation-CH2_2,Not known,shift_20 nM AF488160_T1908s_1,,24 January 2022 22:32:23,Equation 1A,1,Triplet Eq 2A,1,3D,0.001018,117.440506,0.09824166277442832,,0.09326086971717927,,10.722610705139,32.48607180468042,1,,0.04142659316024464,,0.7338716967557778,,73.93946924798794,4.711325804027085
2022-01-21_tttr2xfcs_CH2_BIN1_shift_20 nM AF488160_T1919s_1_correlation-CH2_2,Not known,shift_20 nM AF488160_T1919s_1,,24 January 2022 22:32:23,Equation 1A,1,Triplet Eq 2A,1,3D,0.001018,117.440506,0.15669630033127396,,0.09707598280912925,,10.301209125703105,33.85779123965134,1,,0.04411976155240313,,0.7242754495046796,,74.14191366887799,4.704405635627472
2022-01-21_tttr2xfcs_CH2_BIN1_shift_20 nM AF488164_T1956s_1_correlation-CH2_2,Not known,shift_20 nM AF488164_T1956s_1,,24 January 2022 22:32:23,Equation 1A,1,Triplet Eq 2A,1,3D,0.001018,117.440506,0.1745829375730813,,0.14164610424778457,,7.059848241577322,49.15712194302333,1,,0.07265994144522138,,0.5115392913452528,,75.40278086859706,4.602737174312124
2022-01-21_tttr2xfcs_CH2_BIN1_shift_20 nM AF488165_T1968s_1_correlation-CH2_2,Not known,shift_20 nM AF488165_T1968s_1,,24 January 2022 22:32:23,Equation 1A,1,Triplet Eq 2A,1,3D,0.001018,117.440506,0.1283400930942901,,0.08798719508002614,,11.36529013216616,30.663533083828575,1,,0.036552205709908456,,0.8054084983413787,,72.67491956529045,4.795566154681522
2022-01-21_tttr2xfcs_CH2_BIN1_shift_20 nM AF488165_T1979s_1_correlation-CH2_2,Not known,shift_20 nM AF488165_T1979s_1,,24 January 2022 22:32:23,Equation 1A,1,Triplet Eq 2A,1,3D,0.001018,117.440506,0.15801330078694847,,0.11776002930851946,,8.491845712606782,41.00104960418152,1,,0.05088735662963912,,0.6126785256413714,,72.15984337896505,4.825287712647411
2022-01-21_tttr2xfcs_CH2_BIN1_shift_20 nM AF488170_T2040s_1_correlation-CH2_2,Not known,shift_20 nM AF488170_T2040s_1,,24 January 2022 22:32:23,Equation 1A,1,Triplet Eq 2A,1,3D,0.001018,117.440506,0.021349917246313358,,0.0870082953889026,,11.493157009113686,30.367200998702625,1,,0.03676946453067352,,0.7241590011195622,,73.50486595641566,4.748426741070123
2022-01-21_tttr2xfcs_CH2_BIN1_shift_20 nM AF488174_T2075s_1_correlation-CH2_2,Not known,shift_20 nM AF488174_T2075s_1,,24 January 2022 22:32:23,Equation 1A,1,Triplet Eq 2A,1,3D,0.001018,117.440506,0.1291424107730089,,0.10303113635795906,,9.705803850650735,35.679471201271944,1,,0.049725041123115925,,0.70244059582884,,74.93392801544026,4.621608429882542
2022-01-21_tttr2xfcs_CH2_BIN1_shift_20 nM AF488176_T2099s_1_correlation-CH2_2,Not known,shift_20 nM AF488176_T2099s_1,,24 January 2022 22:32:23,Equation 1A,1,Triplet Eq 2A,1,3D,0.001018,117.440506,0.21441347897865298,,0.13475217033367332,,7.421030752408663,46.582537757360676,1,,0.06095551486132046,,0.5778528688700143,,74.16566740686606,4.6612907473760075
2022-01-21_tttr2xfcs_CH2_BIN1_shift_20 nM AF488177_T2124s_1_correlation-CH2_2,Not known,shift_20 nM AF488177_T2124s_1,,24 January 2022 22:32:23,Equation 1A,1,Triplet Eq 2A,1,3D,0.001018,117.440506,0.239980888713242,,0.12737835131256228,,7.850627596413067,44.410197742824714,1,,0.05184491138803727,,0.585918103185858,,72.09520650308394,4.836179586174827
2022-01-21_tttr2xfcs_CH2_BIN1_shift_20 nM AF488179_T2135s_1_correlation-CH2_2,Not known,shift_20 nM AF488179_T2135s_1,,24 January 2022 22:32:23,Equation 1A,1,Triplet Eq 2A,1,3D,0.001018,117.440506,0.2688297666137645,,0.1255611376488581,,7.964247686227415,43.498335235977585,1,,0.04984681612000529,,0.6224384928432821,,73.71622203580337,4.699764004421018
2022-01-21_tttr2xfcs_CH2_BIN1_shift_20 nM AF488180_T2147s_1_correlation-CH2_2,Not known,shift_20 nM AF488180_T2147s_1,,24 January 2022 22:32:23,Equation 1A,1,Triplet Eq 2A,1,3D,0.001018,117.440506,0.1214789706279477,,0.08765624932638447,,11.408199731162815,30.381485861308033,1,,0.04156592671068598,,0.8044021177645253,,76.90656140875362,4.506967853727943
2022-01-21_tttr2xfcs_CH2_BIN1_shift_20 nM AF488181_T2159s_1_correlation-CH2_2,Not known,shift_20 nM AF488181_T2159s_1,,24 January 2022 22:32:23,Equation 1A,1,Triplet Eq 2A,1,3D,0.001018,117.440506,0.16128504016914255,,0.11709200931097832,,8.540292423748184,40.50768481590683,1,,0.05173734964001506,,0.6044712459315865,,74.10242605469513,4.668737571074785
2022-01-21_tttr2xfcs_CH2_BIN1_shift_20 nM AF488183_T2183s_1_correlation-CH2_2,Not known,shift_20 nM AF488183_T2183s_1,,24 January 2022 22:32:23,Equation 1A,1,Triplet Eq 2A,1,3D,0.001018,117.440506,0.17056206488608605,,0.12114870558632816,,8.254318485371021,41.882459005002836,1,,0.05197893085749195,,0.5688228414812783,,73.93232150721602,4.6762828976513635
2022-01-21_tttr2xfcs_CH2_BIN1_shift_20 nM AF488183_T2197s_1_correlation-CH2_2,Not known,shift_20 nM AF488183_T2197s_1,,24 January 2022 22:32:23,Equation 1A,1,Triplet Eq 2A,1,3D,0.001018,117.440506,0.22560590053648627,,0.1280105422615367,,7.8118566044108535,44.61275620834274,1,,0.061692897711590484,,0.5924609292403673,,71.88674229841699,4.848263784054606
2022-01-21_tttr2xfcs_CH2_BIN1_shift_20 nM AF488184_T2209s_1_correlation-CH2_2,Not known,shift_20 nM AF488184_T2209s_1,,24 January 2022 22:32:23,Equation 1A,1,Triplet Eq 2A,1,3D,0.001018,117.440506,0.14417346210839388,,0.13427732950329438,,7.4472735174217615,46.799511736323524,1,,0.06767501195919391,,0.5320904127517555,,72.88971494461265,4.781829654225956
2022-01-21_tttr2xfcs_CH2_BIN1_shift_20 nM AF488185_T2221s_1_correlation-CH2_2,Not known,shift_20 nM AF488185_T2221s_1,,24 January 2022 22:32:23,Equation 1A,1,Triplet Eq 2A,1,3D,0.001018,117.440506,0.11752535020739423,,0.09361985575481052,,10.681494774131998,32.63808288332078,1,,0.03241066857694748,,0.76105105642597,,70.64754746214751,4.934933554638788
2022-01-21_tttr2xfcs_CH2_BIN1_shift_20 nM AF488187_T2231s_1_correlation-CH2_2,Not known,shift_20 nM AF488187_T2231s_1,,24 January 2022 22:32:23,Equation 1A,1,Triplet Eq 2A,1,3D,0.001018,117.440506,0.21731317123863875,,0.10460737913832133,,9.5595550546937,36.246148125286815,1,,0.03725173027598121,,0.7069090950764343,,73.61889591522366,4.706867423135928
2022-01-21_tttr2xfcs_CH2_BIN1_shift_20 nM AF488187_T2245s_1_correlation-CH2_2,Not known,shift_20 nM AF488187_T2245s_1,,24 January 2022 22:32:23,Equation 1A,1,Triplet Eq 2A,1,3D,0.001018,117.440506,0.13619905422448672,,0.11221643601033765,,8.911350561052194,39.095588806854,1,,0.04563497605979577,,0.6148279135088244,,71.43640543360338,4.8772320561879265
2022-01-21_tttr2xfcs_CH2_BIN1_shift_20 nM AF488188_T2243s_1_correlation-CH2_2,Not known,shift_20 nM AF488188_T2243s_1,,24 January 2022 22:32:23,Equation 1A,1,Triplet Eq 2A,1,3D,0.001018,117.440506,0.14560677029112834,,0.09682742627612305,,10.327652385888035,33.57302824758342,1,,0.04089060853567603,,0.7215537869364556,,76.07303139552121,4.558092467071818
2022-01-21_tttr2xfcs_CH2_BIN1_shift_20 nM AF488189_T2269s_1_correlation-CH2_2,Not known,shift_20 nM AF488189_T2269s_1,,24 January 2022 22:32:23,Equation 1A,1,Triplet Eq 2A,1,3D,0.001018,117.440506,0.18546708838094209,,0.13130469063075068,,7.615874156485059,45.99673595946259,1,,0.06787496873418257,,0.5668964187975652,,74.96367878021942,4.673234868979105
2022-01-21_tttr2xfcs_CH2_BIN1_shift_20 nM AF488191_T2279s_1_correlation-CH2_2,Not known,shift_20 nM AF488191_T2279s_1,,24 January 2022 22:32:23,Equation 1A,1,Triplet Eq 2A,1,3D,0.001018,117.440506,0.15801363078981415,,0.10224601702194301,,9.780332076753563,35.253595933066066,1,,0.04621952370038903,,0.6909301287252779,,75.22388918600943,4.583771587231165
2022-01-21_tttr2xfcs_CH2_BIN1_shift_20 nM AF488193_T2303s_1_correlation-CH2_2,Not known,shift_20 nM AF488193_T2303s_1,,24 January 2022 22:32:23,Equation 1A,1,Triplet Eq 2A,1,3D,0.001018,117.440506,0.11294015140454582,,0.09002776837766246,,11.107683973738466,31.069316960490276,1,,0.03902291784004737,,0.7578483196034927,,76.46102336565451,4.5137431306663105
2022-01-21_tttr2xfcs_CH2_BIN1_shift_20 nM AF488196_T2339s_1_correlation-CH2_2,Not known,shift_20 nM AF488196_T2339s_1,,24 January 2022 22:32:23,Equation 1A,1,Triplet Eq 2A,1,3D,0.001018,117.440506,0.1970252368342386,,0.12099325972852273,,8.264923205174725,41.8351354885621,1,,0.050411243101881935,,0.5897552455383946,,73.79884167698563,4.685459445655914
2022-01-21_tttr2xfcs_CH2_BIN1_shift_20 nM AF488204_T2434s_1_correlation-CH2_2,Not known,shift_20 nM AF488204_T2434s_1,,24 January 2022 22:32:23,Equation 1A,1,Triplet Eq 2A,1,3D,0.001018,117.440506,0.24963511546968495,,0.12529874026615645,,7.980926207843949,43.16026315174399,1,,0.05467996776029028,,0.6166583432796425,,73.5772760168384,4.681827435311981
2022-01-21_tttr2xfcs_CH2_BIN1_shift_20 nM AF488206_T2458s_1_correlation-CH2_2,Not known,shift_20 nM AF488206_T2458s_1,,24 January 2022 22:32:23,Equation 1A,1,Triplet Eq 2A,1,3D,0.001018,117.440506,0.14401715945215987,,0.12638054867065662,,7.912610053671833,43.48019409231512,1,,0.06415799844498545,,0.5482067213437044,,75.61288811282728,4.550269683581757
2022-01-21_tttr2xfcs_CH2_BIN1_shift_20 nM AF488209_T2493s_1_correlation-CH2_2,Not known,shift_20 nM AF488209_T2493s_1,,24 January 2022 22:32:23,Equation 1A,1,Triplet Eq 2A,1,3D,0.001018,117.440506,0.1632068858940445,,0.11763713156142636,,8.5007173052144,40.66055952113125,1,,0.04835911325926444,,0.5781885484933124,,75.29373801415215,4.590836141015431
2022-01-21_tttr2xfcs_CH2_BIN1_shift_20 nM AF488211_T2517s_1_correlation-CH2_2,Not known,shift_20 nM AF488211_T2517s_1,,24 January 2022 22:32:23,Equation 1A,1,Triplet Eq 2A,1,3D,0.001018,117.440506,0.171305008328986,,0.12118266988169885,,8.252005018343148,41.73415969598757,1,,0.05166312188264998,,0.5844250686356409,,71.22243445848451,4.835663465689192
2022-01-21_tttr2xfcs_CH2_BIN1_shift_20 nM AF488217_T2589s_1_correlation-CH2_2,Not known,shift_20 nM AF488217_T2589s_1,,24 January 2022 22:32:23,Equation 1A,1,Triplet Eq 2A,1,3D,0.001018,117.440506,0.1486721489792139,,0.0994323755764918,,10.05708647914899,34.2065278764126,1,,0.040199358856062885,,0.7218050309441721,,73.27963057179642,4.694827425932259
2022-01-21_tttr2xfcs_CH2_BIN1_shift_20 nM AF488218_T2601s_1_correlation-CH2_2,Not known,shift_20 nM AF488218_T2601s_1,,24 January 2022 22:32:23,Equation 1A,1,Triplet Eq 2A,1,3D,0.001018,117.440506,0.13414533025199918,,0.13884209600012096,,7.202426560883443,47.846319832538725,1,,0.07131038192643771,,0.5,,74.65928310116172,4.615994561555842
2022-01-21_tttr2xfcs_CH2_BIN1_shift_20 nM AF488219_T2613s_1_correlation-CH2_2,Not known,shift_20 nM AF488219_T2613s_1,,24 January 2022 22:32:23,Equation 1A,1,Triplet Eq 2A,1,3D,0.001018,117.440506,0.1868371958910039,,0.1304786186684792,,7.664090946125093,44.86256985005405,1,,0.06286888962909468,,0.5524732958037264,,73.35596113748028,4.687390241736473
2022-01-21_tttr2xfcs_CH2_BIN1_shift_20 nM AF488228_T2721s_1_correlation-CH2_2,Not known,shift_20 nM AF488228_T2721s_1,,24 January 2022 22:32:23,Equation 1A,1,Triplet Eq 2A,1,3D,0.001018,117.440506,0.18045308929872647,,0.13525918817912383,,7.393213085647826,46.61135826328343,1,,0.059776220474199275,,0.5379782556332441,,72.04652936019497,4.7833663436596785
2022-01-21_tttr2xfcs_CH2_BIN1_shift_20 nM AF488234_T2793s_1_correlation-CH2_2,Not known,shift_20 nM AF488234_T2793s_1,,24 January 2022 22:32:23,Equation 1A,1,Triplet Eq 2A,1,3D,0.001018,117.440506,0.23230749853491128,,0.11154741150485058,,8.96479789633232,38.38613857936707,1,,0.040023271263957945,,0.6783547388860661,,74.70932485507846,4.606402111680442
2022-01-21_tttr2xfcs_CH2_BIN1_shift_20 nM AF488238_T2842s_1_correlation-CH2_2,Not known,shift_20 nM AF488238_T2842s_1,,24 January 2022 22:32:23,Equation 1A,1,Triplet Eq 2A,1,3D,0.001018,117.440506,0.16828662831525545,,0.10703082239115635,,9.343103020785787,36.86760961090899,1,,0.04520943018935142,,0.6803072799978824,,74.34728954981323,4.633324374117668
2022-01-21_tttr2xfcs_CH2_BIN1_shift_20 nM AF488241_T2877s_1_correlation-CH2_2,Not known,shift_20 nM AF488241_T2877s_1,,24 January 2022 22:32:23,Equation 1A,1,Triplet Eq 2A,1,3D,0.001018,117.440506,0.14541744376509408,,0.09910657278202183,,10.090148129725282,34.14666147677247,1,,0.04671841866930981,,0.7221128734746964,,70.85870429079966,4.862664546418698
2022-01-21_tttr2xfcs_CH2_BIN1_shift_20 nM AF488244_T2914s_1_correlation-CH2_2,Not known,shift_20 nM AF488244_T2914s_1,,24 January 2022 22:32:23,Equation 1A,1,Triplet Eq 2A,1,3D,0.001018,117.440506,0.1709286703434664,,0.09795733954858181,,10.208525513333806,33.625035326321914,1,,0.04119705515594262,,0.7449564082318134,,73.32500574311639,4.681611683258347
2022-01-22_tttr2xfcs_CH2_BIN1_shift_20 nM AF4883_T26s_1_correlation-CH2_2,Not known,shift_20 nM AF4883_T26s_1,,24 January 2022 22:32:23,Equation 1A,1,Triplet Eq 2A,1,3D,0.001018,117.440506,0.1602926881201401,,0.09088674192040637,,11.002704892598585,31.40148299876043,1,,0.038208874028040095,,0.8489342196335978,,73.529686186971,4.699034541175298
2022-01-22_tttr2xfcs_CH2_BIN1_shift_20 nM AF4884_T38s_1_correlation-CH2_2,Not known,shift_20 nM AF4884_T38s_1,,24 January 2022 22:32:23,Equation 1A,1,Triplet Eq 2A,1,3D,0.001018,117.440506,0.15158064329437956,,0.13569491280158366,,7.369473028529993,47.032448762039714,1,,0.06690409250978915,,0.5305106133249933,,72.8384173474703,4.758775886825446
2022-01-22_tttr2xfcs_CH2_BIN1_shift_20 nM AF48818_T206s_1_correlation-CH2_2,Not known,shift_20 nM AF48818_T206s_1,,24 January 2022 22:32:23,Equation 1A,1,Triplet Eq 2A,1,3D,0.001018,117.440506,0.14830987755698874,,0.09486643769342638,,10.541135772712728,32.893862370338795,1,,0.03856571973222457,,0.7748930604518567,,71.7108987597965,4.835471620153472
2022-01-22_tttr2xfcs_CH2_BIN1_shift_20 nM AF48822_T255s_1_correlation-CH2_2,Not known,shift_20 nM AF48822_T255s_1,,24 January 2022 22:32:23,Equation 1A,1,Triplet Eq 2A,1,3D,0.001018,117.440506,0.21600575944020722,,0.1305064290688711,,7.662457758860891,43.173652656199934,1,,0.05180608087927284,,0.6006187743628026,,65.9850133771144,5.013757282371308
2022-01-22_tttr2xfcs_CH2_BIN1_shift_20 nM AF48824_T279s_1_correlation-CH2_2,Not known,shift_20 nM AF48824_T279s_1,,24 January 2022 22:32:23,Equation 1A,1,Triplet Eq 2A,1,3D,0.001018,117.440506,0.14043575509922382,,0.10806432085366706,,9.253748065044782,35.54230647550007,1,,0.041529374507603044,,0.6645924039858153,,69.17159861025958,4.75507304168775
2022-01-22_tttr2xfcs_CH2_BIN1_shift_20 nM AF48828_T327s_1_correlation-CH2_2,Not known,shift_20 nM AF48828_T327s_1,,24 January 2022 22:32:23,Equation 1A,1,Triplet Eq 2A,1,3D,0.001018,117.440506,0.27548414246101877,,0.11557390415948186,,8.65247226242429,38.02236907196929,1,,0.03831923859371135,,0.7330453573860393,,66.96206254882523,4.913288803399732
2022-01-22_tttr2xfcs_CH2_BIN1_shift_20 nM AF48831_T362s_1_correlation-CH2_2,Not known,shift_20 nM AF48831_T362s_1,,24 January 2022 22:32:23,Equation 1A,1,Triplet Eq 2A,1,3D,0.001018,117.440506,0.24138483260150997,,0.15813254509431768,,6.3238089249974,54.83495580024792,1,,0.08821811855076567,,0.5,,72.74844372367677,4.766880402817919
2022-01-22_tttr2xfcs_CH2_BIN1_shift_20 nM AF48837_T435s_1_correlation-CH2_2,Not known,shift_20 nM AF48837_T435s_1,,24 January 2022 22:32:23,Equation 1A,1,Triplet Eq 2A,1,3D,0.001018,117.440506,0.14329057408288404,,0.0949967612485773,,10.526674666132118,31.373880336420456,1,,0.040263456348499066,,0.795029462245249,,69.38534510981742,4.760070775921129
2022-01-22_tttr2xfcs_CH2_BIN1_shift_20 nM AF48840_T471s_1_correlation-CH2_2,Not known,shift_20 nM AF48840_T471s_1,,24 January 2022 22:32:23,Equation 1A,1,Triplet Eq 2A,1,3D,0.001018,117.440506,0.32374360910610367,,0.12336710626196234,,8.105888435743662,40.8791193485005,1,,0.03989228748769061,,0.6682324959093578,,70.66476951009395,4.68943945171374
2022-01-22_tttr2xfcs_CH2_BIN1_shift_20 nM AF48841_T482s_1_correlation-CH2_2,Not known,shift_20 nM AF48841_T482s_1,,24 January 2022 22:32:23,Equation 1A,1,Triplet Eq 2A,1,3D,0.001018,117.440506,0.23374319822659143,,0.14490332077571372,,6.901153090534302,48.0524202555551,1,,0.05118975318753521,,0.5308179604894928,,69.63747748869866,4.762287643001056
2022-01-22_tttr2xfcs_CH2_BIN1_shift_20 nM AF48841_T484s_1_correlation-CH2_2,Not known,shift_20 nM AF48841_T484s_1,,24 January 2022 22:32:23,Equation 1A,1,Triplet Eq 2A,1,3D,0.001018,117.440506,0.3107639967708451,,0.11707410741682185,,8.541598326602442,40.55533759097286,1,,0.03760265208989387,,0.6790467759030814,,71.27250420191315,4.86056632193068
2022-01-22_tttr2xfcs_CH2_BIN1_shift_20 nM AF48844_T519s_1_correlation-CH2_2,Not known,shift_20 nM AF48844_T519s_1,,24 January 2022 22:32:23,Equation 1A,1,Triplet Eq 2A,1,3D,0.001018,117.440506,0.15702661069449653,,0.11063330608975674,,9.038869354484449,36.78576246437819,1,,0.041427373413783976,,0.6640059740832226,,70.74515568986996,4.700227650592489
2022-01-22_tttr2xfcs_CH2_BIN1_shift_20 nM AF48845_T531s_1_correlation-CH2_2,Not known,shift_20 nM AF48845_T531s_1,,24 January 2022 22:32:23,Equation 1A,1,Triplet Eq 2A,1,3D,0.001018,117.440506,0.2415510741765152,,0.12104744010335382,,8.26122385691239,40.18870686746686,1,,0.04323295060912273,,0.6327664930584811,,67.7430738843389,4.9012318816429445
2022-01-22_tttr2xfcs_CH2_BIN1_shift_20 nM AF48846_T544s_1_correlation-CH2_2,Not known,shift_20 nM AF48846_T544s_1,,24 January 2022 22:32:23,Equation 1A,1,Triplet Eq 2A,1,3D,0.001018,117.440506,0.15237024306434485,,0.09293606186092279,,10.760085804975066,32.198082184748394,1,,0.03568788821398868,,0.7974981518865625,,73.6451157305159,4.704608796738588
2022-01-22_tttr2xfcs_CH2_BIN1_shift_20 nM AF48847_T555s_1_correlation-CH2_2,Not known,shift_20 nM AF48847_T555s_1,,24 January 2022 22:32:23,Equation 1A,1,Triplet Eq 2A,1,3D,0.001018,117.440506,0.22578264899206665,,0.12878208746284472,,7.7650550608485265,44.613954723148815,1,,0.05130095832868763,,0.5991439767745559,,71.08165136209807,4.873932151145732
2022-01-22_tttr2xfcs_CH2_BIN1_shift_20 nM AF48849_T578s_1_correlation-CH2_2,Not known,shift_20 nM AF48849_T578s_1,,24 January 2022 22:32:23,Equation 1A,1,Triplet Eq 2A,1,3D,0.001018,117.440506,0.112548980555946,,0.11657134956171057,,8.578437186837403,38.99204926696298,1,,0.04755298888334985,,0.6038578499073366,,69.25990855523622,4.829743298054833
2022-01-22_tttr2xfcs_CH2_BIN1_shift_20 nM AF48851_T602s_1_correlation-CH2_2,Not known,shift_20 nM AF48851_T602s_1,,24 January 2022 22:32:23,Equation 1A,1,Triplet Eq 2A,1,3D,0.001018,117.440506,0.13741116142023402,,0.09526111224703253,,10.497462987906179,32.02535630595288,1,,0.04158803999508168,,0.7658854271155994,,71.47331987761618,4.703878476216389
2022-01-22_tttr2xfcs_CH2_BIN1_shift_20 nM AF48852_T614s_1_correlation-CH2_2,Not known,shift_20 nM AF48852_T614s_1,,24 January 2022 22:32:23,Equation 1A,1,Triplet Eq 2A,1,3D,0.001018,117.440506,0.15510641632211447,,0.10029481078497247,,9.970605579424788,33.74536563353291,1,,0.04272454840100626,,0.7537355903562402,,70.44772751813208,4.776286972821961
2022-01-22_tttr2xfcs_CH2_BIN1_shift_20 nM AF48852_T616s_1_correlation-CH2_2,Not known,shift_20 nM AF48852_T616s_1,,24 January 2022 22:32:23,Equation 1A,1,Triplet Eq 2A,1,3D,0.001018,117.440506,0.08053497889337868,,0.09143680938867911,,10.93651459063062,31.62596491137435,1,,0.03834697935775536,,0.7498463367267036,,72.92267485847005,4.743313825322702
2022-01-22_tttr2xfcs_CH2_BIN1_shift_20 nM AF48853_T626s_1_correlation-CH2_2,Not known,shift_20 nM AF48853_T626s_1,,24 January 2022 22:32:23,Equation 1A,1,Triplet Eq 2A,1,3D,0.001018,117.440506,0.20956193410317006,,0.1343401783798357,,7.4437894311304476,45.14215742749023,1,,0.05375006762424912,,0.5587645137301964,,71.93105112816015,4.671772756942426
2022-01-22_tttr2xfcs_CH2_BIN1_shift_20 nM AF48854_T638s_1_correlation-CH2_2,Not known,shift_20 nM AF48854_T638s_1,,24 January 2022 22:32:23,Equation 1A,1,Triplet Eq 2A,1,3D,0.001018,117.440506,0.08602483058211748,,0.09951353423089124,,10.048884382699148,33.560872214129844,1,,0.04044672288653611,,0.69783954884788,,71.38543891781843,4.724579711505281
2022-01-22_tttr2xfcs_CH2_BIN1_shift_20 nM AF48855_T652s_1_correlation-CH2_2,Not known,shift_20 nM AF48855_T652s_1,,24 January 2022 22:32:23,Equation 1A,1,Triplet Eq 2A,1,3D,0.001018,117.440506,0.20852337197058005,,0.10895324398154685,,9.178248975949423,37.681602064734314,1,,0.04468105981192704,,0.6621862596988508,,70.45325853512514,4.909189934242193
2022-01-22_tttr2xfcs_CH2_BIN1_shift_20 nM AF48861_T722s_1_correlation-CH2_2,Not known,shift_20 nM AF48861_T722s_1,,24 January 2022 22:32:24,Equation 1A,1,Triplet Eq 2A,1,3D,0.001018,117.440506,0.16691534643475847,,0.09801018048861752,,10.203021716872929,33.31425268497338,1,,0.0436656358254166,,0.7715492426660315,,71.24164069086495,4.771409623446188
2022-01-22_tttr2xfcs_CH2_BIN1_shift_20 nM AF48862_T736s_1_correlation-CH2_2,Not known,shift_20 nM AF48862_T736s_1,,24 January 2022 22:32:24,Equation 1A,1,Triplet Eq 2A,1,3D,0.001018,117.440506,0.12505250576277185,,0.1008855462209978,,9.912222686582085,34.94824706396422,1,,0.039219186554310545,,0.6603683962445647,,72.11402276246993,4.803949695287478
2022-01-22_tttr2xfcs_CH2_BIN1_shift_20 nM AF48864_T758s_1_correlation-CH2_2,Not known,shift_20 nM AF48864_T758s_1,,24 January 2022 22:32:24,Equation 1A,1,Triplet Eq 2A,1,3D,0.001018,117.440506,0.13909895900020175,,0.0928530798727117,,10.76970199987827,31.711895448525524,1,,0.040093279553198975,,0.7775948248404186,,74.79772052430944,4.566245431253268
2022-01-22_tttr2xfcs_CH2_BIN1_shift_20 nM AF48867_T794s_1_correlation-CH2_2,Not known,shift_20 nM AF48867_T794s_1,,24 January 2022 22:32:24,Equation 1A,1,Triplet Eq 2A,1,3D,0.001018,117.440506,0.1451370997782486,,0.09568514147609955,,10.45094342312053,32.78008286197445,1,,0.04128473014207918,,0.7431546402592168,,72.19692493104766,4.745353493776667
2022-01-22_tttr2xfcs_CH2_BIN1_shift_20 nM AF48868_T809s_1_correlation-CH2_2,Not known,shift_20 nM AF48868_T809s_1,,24 January 2022 22:32:24,Equation 1A,1,Triplet Eq 2A,1,3D,0.001018,117.440506,0.14503868375455153,,0.09688463810627694,,10.321553752443776,33.59945678891032,1,,0.040962284704796084,,0.732445346522112,,70.40455811800389,4.926043967075715
2022-01-22_tttr2xfcs_CH2_BIN1_shift_20 nM AF48869_T818s_1_correlation-CH2_2,Not known,shift_20 nM AF48869_T818s_1,,24 January 2022 22:32:24,Equation 1A,1,Triplet Eq 2A,1,3D,0.001018,117.440506,0.11775060039418864,,0.0921249969616736,,10.85481718296312,31.62831967266923,1,,0.03497629951436616,,0.77421897129844,,74.50126252656243,4.6084695737644745
2022-01-22_tttr2xfcs_CH2_BIN1_shift_20 nM AF48871_T842s_1_correlation-CH2_2,Not known,shift_20 nM AF48871_T842s_1,,24 January 2022 22:32:24,Equation 1A,1,Triplet Eq 2A,1,3D,0.001018,117.440506,0.1871919231598902,,0.10487153041203273,,9.535476368763492,36.078565962739596,1,,0.04395750800480024,,0.6983425475643318,,72.7635767633903,4.728238209852067
2022-01-22_tttr2xfcs_CH2_BIN1_shift_20 nM AF48873_T869s_1_correlation-CH2_2,Not known,shift_20 nM AF48873_T869s_1,,24 January 2022 22:32:24,Equation 1A,1,Triplet Eq 2A,1,3D,0.001018,117.440506,0.2029103880576531,,0.12628092832547266,,7.918852143869501,43.655369991947694,1,,0.05239877172525061,,0.5813722939655609,,74.04734698793212,4.668873775748896
2022-01-22_tttr2xfcs_CH2_BIN1_shift_20 nM AF48875_T891s_1_correlation-CH2_2,Not known,shift_20 nM AF48875_T891s_1,,24 January 2022 22:32:24,Equation 1A,1,Triplet Eq 2A,1,3D,0.001018,117.440506,0.133490181611668,,0.12188985746201894,,8.204128061365576,42.276646453641945,1,,0.05685266250007392,,0.5775659852754181,,73.62856690357171,4.7109483152039555
2022-01-22_tttr2xfcs_CH2_BIN1_shift_20 nM AF48876_T906s_1_correlation-CH2_2,Not known,shift_20 nM AF48876_T906s_1,,24 January 2022 22:32:24,Equation 1A,1,Triplet Eq 2A,1,3D,0.001018,117.440506,0.15912246201351474,,0.11917668787317393,,8.390902766690289,41.45301450611983,1,,0.055863295936938645,,0.5963128951919769,,73.13180533078003,4.756420459128142
2022-01-22_tttr2xfcs_CH2_BIN1_shift_20 nM AF48879_T942s_1_correlation-CH2_2,Not known,shift_20 nM AF48879_T942s_1,,24 January 2022 22:32:24,Equation 1A,1,Triplet Eq 2A,1,3D,0.001018,117.440506,0.15816246977987314,,0.10512029470708645,,9.512910925397046,36.49258129925983,1,,0.03678458828470834,,0.6910126293380627,,72.83014146471415,4.766818180512997
2022-01-22_tttr2xfcs_CH2_BIN1_shift_20 nM AF48881_T966s_1_correlation-CH2_2,Not known,shift_20 nM AF48881_T966s_1,,24 January 2022 22:32:24,Equation 1A,1,Triplet Eq 2A,1,3D,0.001018,117.440506,0.13523949063266522,,0.09788122781782045,,10.216463588515978,34.08778637508403,1,,0.03716002632900897,,0.7342665998760777,,73.62608736818497,4.730307737069771
2022-01-22_tttr2xfcs_CH2_BIN1_shift_20 nM AF48884_T1003s_1_correlation-CH2_2,Not known,shift_20 nM AF48884_T1003s_1,,24 January 2022 22:32:24,Equation 1A,1,Triplet Eq 2A,1,3D,0.001018,117.440506,0.24484696942907042,,0.107756696020168,,9.280165752417256,37.31561016930765,1,,0.04482041642767209,,0.7433973429743512,,71.29628193610472,4.857369310153584
2022-01-22_tttr2xfcs_CH2_BIN1_shift_20 nM AF48889_T1063s_1_correlation-CH2_2,Not known,shift_20 nM AF48889_T1063s_1,,24 January 2022 22:32:24,Equation 1A,1,Triplet Eq 2A,1,3D,0.001018,117.440506,0.30313182799119553,,0.12100360588070161,,8.264216530752874,42.049037544267996,1,,0.048706116306415685,,0.6450789495054248,,72.9127551908256,4.766240624774079
2022-01-22_tttr2xfcs_CH2_BIN1_shift_20 nM AF48892_T1100s_1_correlation-CH2_2,Not known,shift_20 nM AF48892_T1100s_1,,24 January 2022 22:32:24,Equation 1A,1,Triplet Eq 2A,1,3D,0.001018,117.440506,0.252937949141994,,0.12228344717542705,,8.177721703947439,42.582328974759044,1,,0.04181396302126417,,0.6226711830692188,,72.94161905129572,4.774281994798197
2022-01-22_tttr2xfcs_CH2_BIN1_shift_20 nM AF48894_T1124s_1_correlation-CH2_2,Not known,shift_20 nM AF48894_T1124s_1,,24 January 2022 22:32:24,Equation 1A,1,Triplet Eq 2A,1,3D,0.001018,117.440506,0.1629023995574277,,0.1322967259687938,,7.558766044111177,45.979723801381596,1,,0.05645363746009018,,0.5,,72.96508968552241,4.76347474589743
2022-01-22_tttr2xfcs_CH2_BIN1_shift_20 nM AF48895_T1130s_1_correlation-CH2_2,Not known,shift_20 nM AF48895_T1130s_1,,24 January 2022 22:32:24,Equation 1A,1,Triplet Eq 2A,1,3D,0.001018,117.440506,0.17586189954213555,,0.10827645885628534,,9.235617885576529,37.84034201063298,1,,0.05272646762575522,,0.6724196841836746,,76.5997665897428,4.562630391610982
2022-01-22_tttr2xfcs_CH2_BIN1_shift_20 nM AF48896_T1142s_1_correlation-CH2_2,Not known,shift_20 nM AF48896_T1142s_1,,24 January 2022 22:32:24,Equation 1A,1,Triplet Eq 2A,1,3D,0.001018,117.440506,0.1733517709229404,,0.13462515626368873,,7.428032232262086,46.93387188633804,1,,0.05710708904669937,,0.5070084499311468,,77.83441996025849,4.479300471985913
2022-01-22_tttr2xfcs_CH2_BIN1_shift_20 nM AF488104_T1244s_1_correlation-CH2_2,Not known,shift_20 nM AF488104_T1244s_1,,24 January 2022 22:32:24,Equation 1A,1,Triplet Eq 2A,1,3D,0.001018,117.440506,0.09109011349161614,,0.09671603510540902,,10.33954709692264,33.61571666386326,1,,0.0445624192512841,,0.7229015833819545,,70.76533384687876,4.9118495579019275
2022-01-22_tttr2xfcs_CH2_BIN1_shift_20 nM AF488106_T1262s_1_correlation-CH2_2,Not known,shift_20 nM AF488106_T1262s_1,,24 January 2022 22:32:24,Equation 1A,1,Triplet Eq 2A,1,3D,0.001018,117.440506,0.12509588059630158,,0.11441799836708896,,8.739883709481486,39.93270565181314,1,,0.05720326725329015,,0.5804384975704678,,74.50098955098139,4.684832586366138
2022-01-22_tttr2xfcs_CH2_BIN1_shift_20 nM AF488114_T1358s_1_correlation-CH2_2,Not known,shift_20 nM AF488114_T1358s_1,,24 January 2022 22:32:24,Equation 1A,1,Triplet Eq 2A,1,3D,0.001018,117.440506,0.16112502146146396,,0.11863275515519875,,8.429375164487848,41.59569434441367,1,,0.050800717036240284,,0.5766409667488762,,74.06207112874684,4.734451095487712
2022-01-22_tttr2xfcs_CH2_BIN1_shift_20 nM AF488115_T1370s_1_correlation-CH2_2,Not known,shift_20 nM AF488115_T1370s_1,,24 January 2022 22:32:24,Equation 1A,1,Triplet Eq 2A,1,3D,0.001018,117.440506,0.21533902526213486,,0.12127082244958763,,8.246006580978708,42.423506314326495,1,,0.0571465445420538,,0.6110291206361388,,74.48201237828724,4.697000012974862
2022-01-22_tttr2xfcs_CH2_BIN1_shift_20 nM AF488116_T1388s_1_correlation-CH2_2,Not known,shift_20 nM AF488116_T1388s_1,,24 January 2022 22:32:24,Equation 1A,1,Triplet Eq 2A,1,3D,0.001018,117.440506,0.11749114297489271,,0.09983445022840448,,10.016582429333438,34.720004587142405,1,,0.04191807196278888,,0.6941752250864396,,71.97063911267652,4.832431537921142
2022-01-22_tttr2xfcs_CH2_BIN1_shift_20 nM AF488117_T1394s_1_correlation-CH2_2,Not known,shift_20 nM AF488117_T1394s_1,,24 January 2022 22:32:24,Equation 1A,1,Triplet Eq 2A,1,3D,0.001018,117.440506,0.1003130003603622,,0.09108825570670051,,10.978363700584502,31.884216214708893,1,,0.03896418656196371,,0.7428642497917352,,73.50946158810855,4.762026922252105
2022-01-22_tttr2xfcs_CH2_BIN1_shift_20 nM AF488117_T1400s_1_correlation-CH2_2,Not known,shift_20 nM AF488117_T1400s_1,,24 January 2022 22:32:24,Equation 1A,1,Triplet Eq 2A,1,3D,0.001018,117.440506,0.17971269984994714,,0.13765270797873713,,7.26465911701837,47.95582614766503,1,,0.06303157487244894,,0.5294097752141822,,71.16290816529232,4.895811161832056
2022-01-22_tttr2xfcs_CH2_BIN1_shift_20 nM AF488118_T1412s_1_correlation-CH2_2,Not known,shift_20 nM AF488118_T1412s_1,,24 January 2022 22:32:24,Equation 1A,1,Triplet Eq 2A,1,3D,0.001018,117.440506,0.17240377271121196,,0.1287144812023005,,7.7691335944422635,44.732995996078394,1,,0.0644763638927155,,0.587538445972925,,72.07994009033825,4.821785501916034
2022-01-22_tttr2xfcs_CH2_BIN1_shift_20 nM AF488121_T1448s_1_correlation-CH2_2,Not known,shift_20 nM AF488121_T1448s_1,,24 January 2022 22:32:24,Equation 1A,1,Triplet Eq 2A,1,3D,0.001018,117.440506,0.15365366634907776,,0.12417297224355875,,8.0532823039667,43.27275894703032,1,,0.04826978838824912,,0.5380583303328165,,73.28601634366531,4.755411676540668
2022-01-22_tttr2xfcs_CH2_BIN1_shift_20 nM AF488123_T1466s_1_correlation-CH2_2,Not known,shift_20 nM AF488123_T1466s_1,,24 January 2022 22:32:24,Equation 1A,1,Triplet Eq 2A,1,3D,0.001018,117.440506,0.1583129342428576,,0.0988581342032753,,10.115505497441086,34.64109689740123,1,,0.039741099588196056,,0.7185465517429673,,76.58943363736564,4.575431880253927
2022-01-22_tttr2xfcs_CH2_BIN1_shift_20 nM AF488127_T1514s_1_correlation-CH2_2,Not known,shift_20 nM AF488127_T1514s_1,,24 January 2022 22:32:24,Equation 1A,1,Triplet Eq 2A,1,3D,0.001018,117.440506,0.15988845734407164,,0.11775529045759167,,8.492187451740348,41.13472104402874,1,,0.06041629388646543,,0.6003910801397356,,76.20668248157979,4.5841286656870945
2022-01-22_tttr2xfcs_CH2_BIN1_shift_20 nM AF488128_T1533s_1_correlation-CH2_2,Not known,shift_20 nM AF488128_T1533s_1,,24 January 2022 22:32:24,Equation 1A,1,Triplet Eq 2A,1,3D,0.001018,117.440506,0.131506005093421,,0.08768590762955904,,11.404341096914171,30.496641067902786,1,,0.037428762323475126,,0.8473074876320601,,72.94901275181813,4.767871191160281
2022-01-22_tttr2xfcs_CH2_BIN1_shift_20 nM AF488131_T1569s_1_correlation-CH2_2,Not known,shift_20 nM AF488131_T1569s_1,,24 January 2022 22:32:24,Equation 1A,1,Triplet Eq 2A,1,3D,0.001018,117.440506,0.10336196257164353,,0.10914112772967009,,9.1624488476689,38.02900569517005,1,,0.05145444866553361,,0.622247057272225,,72.45452511509683,4.80930970680547
2022-01-22_tttr2xfcs_CH2_BIN1_shift_20 nM AF488132_T1581s_1_correlation-CH2_2,Not known,shift_20 nM AF488132_T1581s_1,,24 January 2022 22:32:24,Equation 1A,1,Triplet Eq 2A,1,3D,0.001018,117.440506,0.1335005992713264,,0.10426082482391441,,9.591330221000026,36.2970892110567,1,,0.04338253416811351,,0.6795895710689269,,70.72573094068905,4.922604270061018
2022-01-22_tttr2xfcs_CH2_BIN1_shift_20 nM AF488135_T1618s_1_correlation-CH2_2,Not known,shift_20 nM AF488135_T1618s_1,,24 January 2022 22:32:24,Equation 1A,1,Triplet Eq 2A,1,3D,0.001018,117.440506,0.126072088353495,,0.11991384458081447,,8.339320647217363,41.659677256716996,1,,0.05172842798109825,,0.5542951001592448,,71.62392671007879,4.850764303095982
2022-01-22_tttr2xfcs_CH2_BIN1_shift_20 nM AF488136_T1622s_1_correlation-CH2_2,Not known,shift_20 nM AF488136_T1622s_1,,24 January 2022 22:32:24,Equation 1A,1,Triplet Eq 2A,1,3D,0.001018,117.440506,0.1463814831567934,,0.10084180636212832,,9.916522086176705,35.304892968822976,1,,0.04255273516041339,,0.6955109228088046,,73.72190822737419,4.749188864132964
2022-01-22_tttr2xfcs_CH2_BIN1_shift_20 nM AF488139_T1666s_1_correlation-CH2_2,Not known,shift_20 nM AF488139_T1666s_1,,24 January 2022 22:32:24,Equation 1A,1,Triplet Eq 2A,1,3D,0.001018,117.440506,0.2360010290752376,,0.1411486240377101,,7.0847307709697125,49.24355631111478,1,,0.054706976807928256,,0.5047764665533117,,72.63833325271389,4.803177282741951
2022-01-22_tttr2xfcs_CH2_BIN1_shift_20 nM AF488140_T1670s_1_correlation-CH2_2,Not known,shift_20 nM AF488140_T1670s_1,,24 January 2022 22:32:24,Equation 1A,1,Triplet Eq 2A,1,3D,0.001018,117.440506,0.1280626797121249,,0.10083658349995053,,9.917035715519761,35.30945058443991,1,,0.04721900322392715,,0.698419620902181,,76.51947522382092,4.576385285000267
2022-01-22_tttr2xfcs_CH2_BIN1_shift_20 nM AF488140_T1678s_1_correlation-CH2_2,Not known,shift_20 nM AF488140_T1678s_1,,24 January 2022 22:32:24,Equation 1A,1,Triplet Eq 2A,1,3D,0.001018,117.440506,0.2988145653232824,,0.10859142325231518,,9.208830403451591,37.789239469351216,1,,0.03876842895683751,,0.749181888966292,,73.65990096438779,4.72458015965722
2022-01-22_tttr2xfcs_CH2_BIN1_shift_20 nM AF488145_T1730s_1_correlation-CH2_2,Not known,shift_20 nM AF488145_T1730s_1,,24 January 2022 22:32:24,Equation 1A,1,Triplet Eq 2A,1,3D,0.001018,117.440506,0.13486253962225486,,0.10760886583751779,,9.292914595995587,37.611317285784715,1,,0.04648373191908793,,0.6454342934152688,,74.56322232064643,4.68778352190297
2022-01-22_tttr2xfcs_CH2_BIN1_shift_20 nM AF488147_T1762s_1_correlation-CH2_2,Not known,shift_20 nM AF488147_T1762s_1,,24 January 2022 22:32:24,Equation 1A,1,Triplet Eq 2A,1,3D,0.001018,117.440506,0.0688590484192094,,0.11794470592247983,,8.47854926746147,41.097670523589905,1,,0.05870298344456168,,0.5669730849057008,,71.24462736809038,4.891120484504855
2022-01-22_tttr2xfcs_CH2_BIN1_shift_20 nM AF488149_T1778s_1_correlation-CH2_2,Not known,shift_20 nM AF488149_T1778s_1,,24 January 2022 22:32:24,Equation 1A,1,Triplet Eq 2A,1,3D,0.001018,117.440506,0.22808407091216065,,0.12891965370679734,,7.756769206612247,44.90932582354872,1,,0.05545608984175943,,0.5667275375323277,,74.16715206519692,4.697075364041183
2022-01-22_tttr2xfcs_CH2_BIN1_shift_20 nM AF488151_T1801s_1_correlation-CH2_2,Not known,shift_20 nM AF488151_T1801s_1,,24 January 2022 22:32:24,Equation 1A,1,Triplet Eq 2A,1,3D,0.001018,117.440506,0.15577024131467443,,0.1123599139561503,,8.89997121562643,39.25687893606086,1,,0.05132244962796488,,0.6252853724555696,,73.45325781865476,4.756801560482193
2022-01-22_tttr2xfcs_CH2_BIN1_shift_20 nM AF488151_T1810s_1_correlation-CH2_2,Not known,shift_20 nM AF488151_T1810s_1,,24 January 2022 22:32:24,Equation 1A,1,Triplet Eq 2A,1,3D,0.001018,117.440506,0.08309743329087652,,0.08773248086027266,,11.398287044824965,30.5370125746604,1,,0.037376074597507115,,0.7875587433561679,,71.69526525374998,4.855091150640878
2022-01-22_tttr2xfcs_CH2_BIN1_shift_20 nM AF488153_T1825s_1_correlation-CH2_2,Not known,shift_20 nM AF488153_T1825s_1,,24 January 2022 22:32:24,Equation 1A,1,Triplet Eq 2A,1,3D,0.001018,117.440506,0.14976107976806818,,0.10669735820082497,,9.37230327781694,37.23157077218184,1,,0.05232101115342603,,0.6643565938791418,,72.86210976577118,4.7893621360693945
2022-01-22_tttr2xfcs_CH2_BIN1_shift_20 nM AF488164_T1968s_1_correlation-CH2_2,Not known,shift_20 nM AF488164_T1968s_1,,24 January 2022 22:32:24,Equation 1A,1,Triplet Eq 2A,1,3D,0.001018,117.440506,0.15145514817416436,,0.12501935487410232,,7.9987614798286675,43.546286391646525,1,,0.05657383400571122,,0.5573704400123858,,73.88825185756446,4.714332452369534
2022-01-22_tttr2xfcs_CH2_BIN1_shift_20 nM AF488166_T1992s_1_correlation-CH2_2,Not known,shift_20 nM AF488166_T1992s_1,,24 January 2022 22:32:24,Equation 1A,1,Triplet Eq 2A,1,3D,0.001018,117.440506,0.07190740964407459,,0.08601657767657721,,11.625665970576106,29.886918181136583,1,,0.039832521174704386,,0.8102079253291877,,72.91681824845914,4.765330116386935
2022-01-22_tttr2xfcs_CH2_BIN1_shift_20 nM AF488169_T2028s_1_correlation-CH2_2,Not known,shift_20 nM AF488169_T2028s_1,,24 January 2022 22:32:24,Equation 1A,1,Triplet Eq 2A,1,3D,0.001018,117.440506,0.10143162356443688,,0.09409812556888772,,10.627204250396211,32.821284980630786,1,,0.036258148905545254,,0.7488226836935741,,75.20899271934502,4.637955331664788
2022-01-22_tttr2xfcs_CH2_BIN1_shift_20 nM AF488170_T2028s_1_correlation-CH2_2,Not known,shift_20 nM AF488170_T2028s_1,,24 January 2022 22:32:24,Equation 1A,1,Triplet Eq 2A,1,3D,0.001018,117.440506,0.2326570830809532,,0.11115777893793136,,8.996221493039936,38.41915340503824,1,,0.04063231466905594,,0.6501276575469073,,76.25278070265442,4.532877375649994
2022-01-22_tttr2xfcs_CH2_BIN1_shift_20 nM AF488171_T2052s_1_correlation-CH2_2,Not known,shift_20 nM AF488171_T2052s_1,,24 January 2022 22:32:24,Equation 1A,1,Triplet Eq 2A,1,3D,0.001018,117.440506,0.20639338512203692,,0.12874555218064423,,7.7672586202969525,44.966641493589215,1,,0.06154933646143823,,0.5947665854411563,,70.81814367583243,4.9321401073791815
2022-01-22_tttr2xfcs_CH2_BIN1_shift_20 nM AF488173_T2076s_1_correlation-CH2_2,Not known,shift_20 nM AF488173_T2076s_1,,24 January 2022 22:32:24,Equation 1A,1,Triplet Eq 2A,1,3D,0.001018,117.440506,0.16176724371505855,,0.11362337661474424,,8.801005829906272,39.59006765159872,1,,0.050602047884313786,,0.6103774597730045,,73.849036028387,4.718407526431861
2022-01-22_tttr2xfcs_CH2_BIN1_shift_20 nM AF488177_T2111s_1_correlation-CH2_2,Not known,shift_20 nM AF488177_T2111s_1,,24 January 2022 22:32:24,Equation 1A,1,Triplet Eq 2A,1,3D,0.001018,117.440506,0.14276041562396863,,0.12240069702670152,,8.169888115766625,42.37453588405633,1,,0.06003143306442386,,0.5725040211300885,,74.93050160064057,4.620448692509989
2022-01-22_tttr2xfcs_CH2_BIN1_shift_20 nM AF488178_T2123s_1_correlation-CH2_2,Not known,shift_20 nM AF488178_T2123s_1,,24 January 2022 22:32:24,Equation 1A,1,Triplet Eq 2A,1,3D,0.001018,117.440506,0.1412180288132341,,0.11456449910063081,,8.728707477886523,39.755703674697976,1,,0.048204077096670316,,0.5877653287668836,,72.45753916049594,4.789470803429757
2022-01-22_tttr2xfcs_CH2_BIN1_shift_20 nM AF488180_T2160s_1_correlation-CH2_2,Not known,shift_20 nM AF488180_T2160s_1,,24 January 2022 22:32:24,Equation 1A,1,Triplet Eq 2A,1,3D,0.001018,117.440506,0.16596683849477994,,0.1297471227644518,,7.707300005530301,45.241387285046336,1,,0.059549020125209275,,0.5290461645086838,,71.65509644142645,4.866456202438136
2022-01-22_tttr2xfcs_CH2_BIN1_shift_20 nM AF488181_T2172s_1_correlation-CH2_2,Not known,shift_20 nM AF488181_T2172s_1,,24 January 2022 22:32:24,Equation 1A,1,Triplet Eq 2A,1,3D,0.001018,117.440506,0.1190329078269856,,0.09681432382335207,,10.32905008792506,33.87096823866909,1,,0.03817892569242095,,0.7140664132486051,,74.91776174520312,4.670086528029675
2022-01-22_tttr2xfcs_CH2_BIN1_shift_20 nM AF488182_T2184s_1_correlation-CH2_2,Not known,shift_20 nM AF488182_T2184s_1,,24 January 2022 22:32:24,Equation 1A,1,Triplet Eq 2A,1,3D,0.001018,117.440506,0.13899387365589783,,0.09501752283691006,,10.524374558958137,33.053549359936575,1,,0.04088973877478946,,0.7651050036860868,,73.18906845504796,4.75324176518222
2022-01-22_tttr2xfcs_CH2_BIN1_shift_20 nM AF488184_T2196s_1_correlation-CH2_2,Not known,shift_20 nM AF488184_T2196s_1,,24 January 2022 22:32:24,Equation 1A,1,Triplet Eq 2A,1,3D,0.001018,117.440506,0.22039321206122328,,0.13148755535239193,,7.605282471941621,45.48485396269263,1,,0.05067463047893304,,0.5739882155636175,,72.56432800556463,4.767390229687897
2022-01-22_tttr2xfcs_CH2_BIN1_shift_20 nM AF488190_T2281s_1_correlation-CH2_2,Not known,shift_20 nM AF488190_T2281s_1,,24 January 2022 22:32:24,Equation 1A,1,Triplet Eq 2A,1,3D,0.001018,117.440506,0.14699049651838084,,0.09135313050569119,,10.946532368014484,31.904333643678044,1,,0.03814779074906914,,0.7918416783436163,,76.33499232723214,4.575349809609392
2022-01-22_tttr2xfcs_CH2_BIN1_shift_20 nM AF488192_T2291s_1_correlation-CH2_2,Not known,shift_20 nM AF488192_T2291s_1,,24 January 2022 22:32:24,Equation 1A,1,Triplet Eq 2A,1,3D,0.001018,117.440506,0.3109079628447945,,0.13534645348298469,,7.388446274476758,46.67959026971958,1,,0.050796264237444176,,0.5756371155910012,,72.80408915425483,4.737466024244323
2022-01-22_tttr2xfcs_CH2_BIN1_shift_20 nM AF488194_T2315s_1_correlation-CH2_2,Not known,shift_20 nM AF488194_T2315s_1,,24 January 2022 22:32:24,Equation 1A,1,Triplet Eq 2A,1,3D,0.001018,117.440506,0.11124431343282709,,0.10689185479406658,,9.355249770214565,36.97918047931228,1,,0.049096408056026046,,0.6211820251402758,,75.84450291797478,4.561527402719274
2022-01-22_tttr2xfcs_CH2_BIN1_shift_20 nM AF488201_T2398s_1_correlation-CH2_2,Not known,shift_20 nM AF488201_T2398s_1,,24 January 2022 22:32:25,Equation 1A,1,Triplet Eq 2A,1,3D,0.001018,117.440506,0.16460153914200706,,0.11405027305566368,,8.768063181330021,39.301867884599524,1,,0.05091090092880436,,0.6269398241377426,,72.61761903570117,4.7456596154287505
2022-01-22_tttr2xfcs_CH2_BIN1_shift_20 nM AF488205_T2446s_1_correlation-CH2_2,Not known,shift_20 nM AF488205_T2446s_1,,24 January 2022 22:32:25,Equation 1A,1,Triplet Eq 2A,1,3D,0.001018,117.440506,0.11867357661366197,,0.10103069803951913,,9.89798169670015,34.81695370857436,1,,0.04270956552550659,,0.6775567661742732,,75.19127273122133,4.583441669622214
2022-01-22_tttr2xfcs_CH2_BIN1_shift_20 nM AF488213_T2541s_1_correlation-CH2_2,Not known,shift_20 nM AF488213_T2541s_1,,24 January 2022 22:32:25,Equation 1A,1,Triplet Eq 2A,1,3D,0.001018,117.440506,0.2512680349753215,,0.11334339281621933,,8.822746303540166,39.10824466550519,1,,0.04827534534090204,,0.6935562052470484,,75.24316911719956,4.5859230373855615
2022-01-22_tttr2xfcs_CH2_BIN1_shift_20 nM AF488223_T2661s_1_correlation-CH2_2,Not known,shift_20 nM AF488223_T2661s_1,,24 January 2022 22:32:25,Equation 1A,1,Triplet Eq 2A,1,3D,0.001018,117.440506,0.14802683770485972,,0.10133562744833695,,9.868197643615728,34.81623485375245,1,,0.036273663907146314,,0.7047040331840188,,70.6311543004128,4.864576804306468
2022-01-22_tttr2xfcs_CH2_BIN1_shift_20 nM AF488225_T2685s_1_correlation-CH2_2,Not known,shift_20 nM AF488225_T2685s_1,,24 January 2022 22:32:25,Equation 1A,1,Triplet Eq 2A,1,3D,0.001018,117.440506,0.10725925751264655,,0.10408348071985607,,9.60767254403733,35.79182538672692,1,,0.04563590267794758,,0.6499739612550065,,72.9952817292979,4.711172190732272
2022-01-22_tttr2xfcs_CH2_BIN1_shift_20 nM AF488235_T2805s_1_correlation-CH2_2,Not known,shift_20 nM AF488235_T2805s_1,,24 January 2022 22:32:25,Equation 1A,1,Triplet Eq 2A,1,3D,0.001018,117.440506,0.1303182465032605,,0.10503744225774554,,9.520414611259817,36.072663573969436,1,,0.041523200454654054,,0.6316328447871821,,72.47748215746275,4.738628935751666
2022-01-22_tttr2xfcs_CH2_BIN1_shift_20 nM AF488236_T2817s_1_correlation-CH2_2,Not known,shift_20 nM AF488236_T2817s_1,,24 January 2022 22:32:25,Equation 1A,1,Triplet Eq 2A,1,3D,0.001018,117.440506,0.14087573908576895,,0.1030853563569022,,9.700698870728052,35.48288941674402,1,,0.04518506864331661,,0.6781855636732287,,71.31918980473618,4.826555768131362
2022-01-22_tttr2xfcs_CH2_BIN1_shift_20 nM AF488245_T2925s_1_correlation-CH2_2,Not known,shift_20 nM AF488245_T2925s_1,,24 January 2022 22:32:25,Equation 1A,1,Triplet Eq 2A,1,3D,0.001018,117.440506,0.16854522126829027,,0.10619615144342594,,9.416537100525076,36.49480947136281,1,,0.05406732107450153,,0.6853244213964036,,73.72585595276468,4.661484293596297
2022-01-22_tttr2xfcs_CH2_BIN1_shift_20 nM AF488247_T2949s_1_correlation-CH2_2,Not known,shift_20 nM AF488247_T2949s_1,,24 January 2022 22:32:25,Equation 1A,1,Triplet Eq 2A,1,3D,0.001018,117.440506,0.12750669216534138,,0.11336493455080238,,8.821069795191994,38.93732725207641,1,,0.050177029206762064,,0.6021986031290728,,72.49835292821807,4.737846476084148
2022-01-22_tttr2xfcs_CH2_BIN1_shift_20 nM AF488249_T2973s_1_correlation-CH2_2,Not known,shift_20 nM AF488249_T2973s_1,,24 January 2022 22:32:25,Equation 1A,1,Triplet Eq 2A,1,3D,0.001018,117.440506,0.20277099115483435,,0.12904210228423088,,7.7494087766594095,44.32574910865155,1,,0.040373664319454446,,0.5521993107677376,,71.62824867773494,4.795810869102373
2022-01-22_tttr2xfcs_CH2_BIN1_shift_20 nM AF488249_T2993s_1_correlation-CH2_2,Not known,shift_20 nM AF488249_T2993s_1,,24 January 2022 22:32:25,Equation 1A,1,Triplet Eq 2A,1,3D,0.001018,117.440506,0.2770536630409834,,0.14241313293993668,,7.021824317436749,49.739827767946586,1,,0.05890990124453874,,0.5436881811247597,,72.77945996187825,4.799181048824754
2022-01-22_tttr2xfcs_CH2_BIN1_shift_20 nM AF488250_T3006s_1_correlation-CH2_2,Not known,shift_20 nM AF488250_T3006s_1,,24 January 2022 22:32:25,Equation 1A,1,Triplet Eq 2A,1,3D,0.001018,117.440506,0.1591637352266759,,0.1410788079085441,,7.0882368147614425,49.2985814585493,1,,0.0750442483377359,,0.5,,71.532733012727,4.885281002247171
